date,open,high,low,close,volume
2015-02-02 09:15:00,1235.65,1235.65,1234.05,1234.05,1
2015-02-02 09:16:00,1234.05,1235.05,1234.05,1235.0,44
2015-02-02 09:17:00,1235.0,1235.05,1235.0,1235.0,8
2015-02-02 09:18:00,1235.0,1237.95,1235.0,1237.95,42
2015-02-02 09:19:00,1238.0,1238.0,1235.05,1235.05,22
2015-02-02 09:20:00,1235.05,1238.0,1235.05,1238.0,17
2015-02-02 09:21:00,1238.0,1238.0,1238.0,1238.0,0
2015-02-02 09:22:00,1238.0,1251.2,1238.0,1249.3,402
2015-02-02 09:23:00,1249.3,1249.3,1247.95,1247.95,16
2015-02-02 09:24:00,1247.95,1250.0,1247.95,1250.0,256
2015-02-02 09:25:00,1246.9,1246.9,1246.55,1246.55,25
2015-02-02 09:26:00,1246.55,1247.45,1246.55,1247.45,1
2015-02-02 09:27:00,1247.45,1249.25,1247.45,1249.25,151
2015-02-02 09:28:00,1249.25,1250.0,1247.85,1247.85,32
2015-02-02 09:29:00,1247.85,1251.0,1247.0,1251.0,79
2015-02-02 09:30:00,1251.0,1251.0,1251.0,1251.0,0
2015-02-02 09:31:00,1251.0,1251.0,1250.0,1250.0,13
2015-02-02 09:32:00,1250.0,1250.0,1250.0,1250.0,37
2015-02-02 09:33:00,1250.0,1250.0,1249.3,1249.3,4
2015-02-02 09:34:00,1249.3,1249.3,1249.3,1249.3,4
2015-02-02 09:35:00,1249.3,1249.95,1249.3,1249.3,15
2015-02-02 09:36:00,1249.3,1249.3,1249.3,1249.3,3
2015-02-02 09:37:00,1249.3,1249.85,1249.3,1249.85,1
2015-02-02 09:38:00,1249.85,1249.95,1249.85,1249.95,25
2015-02-02 09:39:00,1249.95,1249.95,1246.3,1247.95,11
2015-02-02 09:40:00,1247.95,1248.0,1246.6,1246.65,26
2015-02-02 09:41:00,1246.65,1246.65,1245.0,1245.0,12
2015-02-02 09:42:00,1245.0,1245.0,1245.0,1245.0,0
2015-02-02 09:43:00,1245.0,1245.0,1245.0,1245.0,0
2015-02-02 09:44:00,1245.0,1245.0,1242.0,1242.0,48
2015-02-02 09:45:00,1242.0,1244.1,1240.15,1244.1,110
2015-02-02 09:46:00,1244.1,1244.1,1240.4,1240.4,1
2015-02-02 09:47:00,1240.4,1245.4,1240.4,1245.4,1
2015-02-02 09:48:00,1245.4,1245.4,1240.0,1240.0,23
2015-02-02 09:49:00,1240.0,1241.0,1240.0,1241.0,7
2015-02-02 09:50:00,1241.0,1246.0,1241.0,1246.0,32
2015-02-02 09:51:00,1246.0,1246.0,1238.25,1238.25,60
2015-02-02 09:52:00,1238.25,1238.25,1238.0,1238.0,24
2015-02-02 09:53:00,1238.0,1238.0,1235.0,1235.0,33
2015-02-02 09:54:00,1237.9,1237.9,1235.05,1235.05,3
2015-02-02 09:55:00,1235.05,1237.0,1235.05,1237.0,25
2015-02-02 09:56:00,1237.0,1237.0,1237.0,1237.0,0
2015-02-02 09:57:00,1237.0,1237.0,1237.0,1237.0,0
2015-02-02 09:58:00,1237.0,1237.0,1237.0,1237.0,0
2015-02-02 09:59:00,1237.0,1237.0,1237.0,1237.0,0
2015-02-02 10:00:00,1235.05,1235.05,1235.05,1235.05,20
2015-02-02 10:01:00,1235.0,1235.0,1235.0,1235.0,2
2015-02-02 10:02:00,1235.0,1235.0,1235.0,1235.0,0
2015-02-02 10:03:00,1235.0,1235.0,1235.0,1235.0,0
2015-02-02 10:04:00,1238.0,1238.2,1238.0,1238.2,98
2015-02-02 10:05:00,1238.2,1238.25,1238.2,1238.25,135
2015-02-02 10:06:00,1238.25,1238.25,1238.25,1238.25,0
2015-02-02 10:07:00,1238.25,1240.8,1238.25,1240.8,10
2015-02-02 10:08:00,1240.8,1240.8,1240.8,1240.8,0
2015-02-02 10:09:00,1240.8,1240.8,1240.8,1240.8,0
2015-02-02 10:10:00,1240.8,1240.8,1240.8,1240.8,0
2015-02-02 10:11:00,1240.8,1240.8,1240.8,1240.8,0
2015-02-02 10:12:00,1240.8,1240.8,1240.8,1240.8,0
2015-02-02 10:13:00,1240.95,1240.95,1240.95,1240.95,10
2015-02-02 10:14:00,1240.95,1240.95,1240.95,1240.95,0
2015-02-02 10:15:00,1240.9,1240.9,1240.9,1240.9,10
2015-02-02 10:16:00,1240.9,1240.9,1240.9,1240.9,0
2015-02-02 10:17:00,1240.9,1240.9,1240.9,1240.9,0
2015-02-02 10:18:00,1240.9,1240.9,1240.9,1240.9,0
2015-02-02 10:19:00,1239.6,1239.6,1239.6,1239.6,5
2015-02-02 10:20:00,1239.6,1239.6,1239.6,1239.6,0
2015-02-02 10:21:00,1239.6,1239.6,1239.6,1239.6,0
2015-02-02 10:22:00,1238.95,1238.95,1238.95,1238.95,6
2015-02-02 10:23:00,1238.95,1238.95,1238.95,1238.95,0
2015-02-02 10:24:00,1238.95,1238.95,1238.95,1238.95,0
2015-02-02 10:25:00,1238.95,1238.95,1238.95,1238.95,0
2015-02-02 10:26:00,1238.95,1242.75,1238.95,1240.25,20
2015-02-02 10:27:00,1240.25,1240.25,1240.25,1240.25,0
2015-02-02 10:28:00,1244.55,1244.55,1244.55,1244.55,3
2015-02-02 10:29:00,1244.55,1244.55,1244.55,1244.55,0
2015-02-02 10:30:00,1244.55,1244.55,1239.0,1239.0,1
2015-02-02 10:31:00,1239.0,1239.0,1238.95,1238.95,35
2015-02-02 10:32:00,1238.95,1238.95,1238.95,1238.95,0
2015-02-02 10:33:00,1242.75,1244.7,1239.1,1244.7,96
2015-02-02 10:34:00,1244.7,1244.7,1244.7,1244.7,0
2015-02-02 10:35:00,1244.7,1244.7,1241.55,1241.55,5
2015-02-02 10:36:00,1241.55,1241.55,1241.55,1241.55,0
2015-02-02 10:37:00,1244.15,1244.3,1244.15,1244.3,7
2015-02-02 10:38:00,1244.3,1245.0,1244.3,1244.95,48
2015-02-02 10:39:00,1244.95,1244.95,1244.95,1244.95,0
2015-02-02 10:40:00,1245.0,1247.0,1245.0,1247.0,71
2015-02-02 10:41:00,1247.0,1248.0,1247.0,1248.0,1
2015-02-02 10:42:00,1248.0,1248.0,1247.95,1247.95,31
2015-02-02 10:43:00,1247.95,1247.95,1247.95,1247.95,0
2015-02-02 10:44:00,1247.95,1250.0,1247.95,1249.95,30
2015-02-02 10:45:00,1249.95,1249.95,1249.95,1249.95,0
2015-02-02 10:46:00,1249.95,1250.0,1249.95,1250.0,73
2015-02-02 10:47:00,1248.2,1248.2,1247.05,1247.05,34
2015-02-02 10:48:00,1247.0,1247.0,1247.0,1247.0,10
2015-02-02 10:49:00,1247.0,1247.0,1247.0,1247.0,0
2015-02-02 10:50:00,1247.0,1247.0,1247.0,1247.0,0
2015-02-02 10:51:00,1247.0,1247.0,1247.0,1247.0,0
2015-02-02 10:52:00,1247.0,1247.0,1247.0,1247.0,0
2015-02-02 10:53:00,1247.0,1249.0,1247.0,1248.95,22
2015-02-02 10:54:00,1248.95,1248.95,1248.95,1248.95,2
2015-02-02 10:55:00,1248.95,1248.95,1248.95,1248.95,0
2015-02-02 10:56:00,1248.95,1248.95,1248.95,1248.95,0
2015-02-02 10:57:00,1248.95,1248.95,1248.95,1248.95,0
2015-02-02 10:58:00,1246.8,1246.8,1246.8,1246.8,11
2015-02-02 10:59:00,1245.75,1245.75,1245.75,1245.75,29
2015-02-02 11:00:00,1246.75,1246.75,1246.75,1246.75,22
2015-02-02 11:01:00,1246.75,1251.0,1246.75,1251.0,482
2015-02-02 11:02:00,1251.0,1256.8,1251.0,1256.0,752
2015-02-02 11:03:00,1256.0,1256.0,1256.0,1256.0,20
2015-02-02 11:04:00,1256.0,1256.0,1255.8,1255.95,8
2015-02-02 11:05:00,1255.95,1255.95,1255.8,1255.8,2
2015-02-02 11:06:00,1255.8,1260.0,1255.0,1260.0,412
2015-02-02 11:07:00,1260.0,1271.9,1260.0,1264.25,1161
2015-02-02 11:08:00,1263.0,1268.0,1262.0,1264.2,363
2015-02-02 11:09:00,1264.95,1264.95,1260.0,1260.0,135
2015-02-02 11:10:00,1260.0,1260.0,1260.0,1260.0,0
2015-02-02 11:11:00,1258.0,1258.0,1254.5,1254.5,45
2015-02-02 11:12:00,1254.5,1254.5,1246.05,1246.05,88
2015-02-02 11:13:00,1246.05,1250.65,1246.0,1250.65,62
2015-02-02 11:14:00,1250.65,1255.0,1250.65,1255.0,443
2015-02-02 11:15:00,1256.05,1257.0,1250.1,1250.1,394
2015-02-02 11:16:00,1250.1,1250.1,1250.1,1250.1,0
2015-02-02 11:17:00,1250.1,1250.1,1250.1,1250.1,0
2015-02-02 11:18:00,1250.1,1250.55,1250.1,1250.55,2
2015-02-02 11:19:00,1250.3,1252.85,1250.0,1250.0,41
2015-02-02 11:20:00,1250.0,1250.0,1248.85,1248.9,10
2015-02-02 11:21:00,1248.9,1250.0,1248.9,1250.0,138
2015-02-02 11:22:00,1250.0,1250.0,1250.0,1250.0,0
2015-02-02 11:23:00,1250.0,1250.0,1250.0,1250.0,0
2015-02-02 11:24:00,1250.0,1250.0,1250.0,1250.0,75
2015-02-02 11:25:00,1250.0,1250.0,1250.0,1250.0,0
2015-02-02 11:26:00,1250.0,1250.0,1250.0,1250.0,0
2015-02-02 11:27:00,1250.0,1250.0,1250.0,1250.0,0
2015-02-02 11:28:00,1250.0,1250.0,1250.0,1250.0,0
2015-02-02 11:29:00,1250.0,1250.0,1250.0,1250.0,0
2015-02-02 11:30:00,1250.0,1250.0,1250.0,1250.0,0
2015-02-02 11:31:00,1250.0,1250.0,1250.0,1250.0,0
2015-02-02 11:32:00,1250.0,1250.0,1248.2,1248.2,1
2015-02-02 11:33:00,1247.3,1248.65,1247.3,1248.65,11
2015-02-02 11:34:00,1248.65,1248.65,1248.65,1248.65,0
2015-02-02 11:35:00,1248.65,1248.65,1248.65,1248.65,0
2015-02-02 11:36:00,1248.65,1248.65,1248.65,1248.65,0
2015-02-02 11:37:00,1248.65,1248.65,1248.65,1248.65,0
2015-02-02 11:38:00,1248.65,1250.0,1248.65,1250.0,100
2015-02-02 11:39:00,1250.0,1250.0,1250.0,1250.0,16
2015-02-02 11:40:00,1250.0,1250.0,1250.0,1250.0,0
2015-02-02 11:41:00,1250.0,1250.0,1250.0,1250.0,0
2015-02-02 11:42:00,1250.0,1250.0,1250.0,1250.0,0
2015-02-02 11:43:00,1250.0,1250.0,1250.0,1250.0,0
2015-02-02 11:44:00,1250.0,1250.0,1250.0,1250.0,0
2015-02-02 11:45:00,1250.0,1250.0,1250.0,1250.0,0
2015-02-02 11:46:00,1250.0,1250.0,1250.0,1250.0,0
2015-02-02 11:47:00,1250.0,1250.0,1247.4,1249.95,57
2015-02-02 11:48:00,1242.8,1243.0,1242.8,1243.0,131
2015-02-02 11:49:00,1241.0,1241.0,1238.95,1240.0,179
2015-02-02 11:50:00,1240.0,1240.0,1240.0,1240.0,12
2015-02-02 11:51:00,1240.0,1241.5,1240.0,1240.0,11
2015-02-02 11:52:00,1240.0,1240.0,1240.0,1240.0,12
2015-02-02 11:53:00,1240.0,1240.0,1240.0,1240.0,0
2015-02-02 11:54:00,1239.0,1239.0,1238.3,1238.3,20
2015-02-02 11:55:00,1238.3,1238.3,1238.3,1238.3,0
2015-02-02 11:56:00,1240.9,1240.9,1240.9,1240.9,4
2015-02-02 11:57:00,1240.9,1240.9,1240.9,1240.9,0
2015-02-02 11:58:00,1240.9,1240.9,1240.9,1240.9,0
2015-02-02 11:59:00,1240.9,1240.9,1240.9,1240.9,12
2015-02-02 12:00:00,1240.9,1240.9,1238.25,1238.25,2
2015-02-02 12:01:00,1238.25,1239.95,1238.25,1239.95,2
2015-02-02 12:02:00,1238.25,1238.25,1235.0,1235.05,130
2015-02-02 12:03:00,1235.05,1235.05,1235.05,1235.05,1
2015-02-02 12:04:00,1235.05,1235.1,1235.05,1235.1,1
2015-02-02 12:05:00,1235.1,1237.95,1235.1,1237.95,1
2015-02-02 12:06:00,1237.95,1238.2,1237.95,1238.2,15
2015-02-02 12:07:00,1238.2,1238.2,1238.2,1238.2,0
2015-02-02 12:08:00,1238.2,1238.2,1238.2,1238.2,0
2015-02-02 12:09:00,1238.2,1239.95,1238.2,1239.95,8
2015-02-02 12:10:00,1239.95,1239.95,1239.95,1239.95,0
2015-02-02 12:11:00,1239.95,1240.0,1239.95,1240.0,100
2015-02-02 12:12:00,1240.0,1240.0,1240.0,1240.0,0
2015-02-02 12:13:00,1240.0,1240.0,1240.0,1240.0,0
2015-02-02 12:14:00,1240.0,1240.0,1239.95,1240.0,20
2015-02-02 12:15:00,1240.0,1240.0,1240.0,1240.0,0
2015-02-02 12:16:00,1240.0,1240.0,1240.0,1240.0,0
2015-02-02 12:17:00,1240.0,1240.0,1240.0,1240.0,0
2015-02-02 12:18:00,1240.0,1240.0,1239.0,1239.0,43
2015-02-02 12:19:00,1239.0,1239.0,1239.0,1239.0,0
2015-02-02 12:20:00,1239.0,1239.0,1239.0,1239.0,0
2015-02-02 12:21:00,1239.0,1239.0,1239.0,1239.0,0
2015-02-02 12:22:00,1239.0,1239.0,1239.0,1239.0,0
2015-02-02 12:23:00,1239.0,1239.0,1239.0,1239.0,0
2015-02-02 12:24:00,1240.0,1240.0,1240.0,1240.0,14
2015-02-02 12:25:00,1240.0,1240.0,1240.0,1240.0,0
2015-02-02 12:26:00,1240.0,1240.0,1240.0,1240.0,0
2015-02-02 12:27:00,1240.0,1240.0,1240.0,1240.0,0
2015-02-02 12:28:00,1240.0,1240.0,1240.0,1240.0,0
2015-02-02 12:29:00,1240.0,1240.0,1240.0,1240.0,0
2015-02-02 12:30:00,1240.0,1240.0,1239.0,1239.0,69
2015-02-02 12:31:00,1239.0,1239.0,1239.0,1239.0,0
2015-02-02 12:32:00,1239.0,1239.0,1238.95,1238.95,10
2015-02-02 12:33:00,1238.95,1238.95,1238.95,1238.95,0
2015-02-02 12:34:00,1238.95,1238.95,1238.95,1238.95,0
2015-02-02 12:35:00,1238.95,1238.95,1238.95,1238.95,0
2015-02-02 12:36:00,1238.95,1238.95,1238.95,1238.95,0
2015-02-02 12:37:00,1238.95,1238.95,1238.95,1238.95,0
2015-02-02 12:38:00,1238.95,1238.95,1238.95,1238.95,0
2015-02-02 12:39:00,1238.95,1238.95,1238.95,1238.95,0
2015-02-02 12:40:00,1238.95,1239.0,1238.95,1239.0,15
2015-02-02 12:41:00,1239.0,1239.0,1239.0,1239.0,20
2015-02-02 12:42:00,1239.0,1239.0,1239.0,1239.0,9
2015-02-02 12:43:00,1239.0,1239.0,1239.0,1239.0,0
2015-02-02 12:44:00,1239.0,1239.0,1239.0,1239.0,0
2015-02-02 12:45:00,1239.0,1239.0,1238.8,1238.8,23
2015-02-02 12:46:00,1238.8,1239.0,1238.8,1239.0,77
2015-02-02 12:47:00,1239.0,1239.0,1239.0,1239.0,0
2015-02-02 12:48:00,1239.0,1239.0,1239.0,1239.0,0
2015-02-02 12:49:00,1239.0,1239.0,1239.0,1239.0,0
2015-02-02 12:50:00,1239.0,1239.0,1239.0,1239.0,0
2015-02-02 12:51:00,1239.0,1239.0,1239.0,1239.0,0
2015-02-02 12:52:00,1239.0,1239.0,1239.0,1239.0,0
2015-02-02 12:53:00,1239.0,1239.0,1239.0,1239.0,0
2015-02-02 12:54:00,1239.0,1239.0,1239.0,1239.0,23
2015-02-02 12:55:00,1239.0,1239.0,1239.0,1239.0,0
2015-02-02 12:56:00,1236.05,1236.05,1236.05,1236.05,50
2015-02-02 12:57:00,1236.05,1236.05,1236.05,1236.05,0
2015-02-02 12:58:00,1236.05,1236.05,1236.05,1236.05,0
2015-02-02 12:59:00,1236.05,1236.05,1236.05,1236.05,0
2015-02-02 13:00:00,1239.0,1240.0,1239.0,1240.0,50
2015-02-02 13:01:00,1240.0,1240.0,1240.0,1240.0,0
2015-02-02 13:02:00,1240.0,1240.0,1238.05,1238.05,5
2015-02-02 13:03:00,1238.05,1238.05,1238.05,1238.05,0
2015-02-02 13:04:00,1238.05,1238.05,1238.05,1238.05,10
2015-02-02 13:05:00,1238.05,1240.0,1238.05,1240.0,184
2015-02-02 13:06:00,1238.0,1238.0,1238.0,1238.0,10
2015-02-02 13:07:00,1238.0,1238.0,1236.2,1236.2,10
2015-02-02 13:08:00,1236.2,1236.2,1236.2,1236.2,0
2015-02-02 13:09:00,1236.2,1236.2,1236.2,1236.2,0
2015-02-02 13:10:00,1236.2,1236.2,1236.2,1236.2,0
2015-02-02 13:11:00,1236.2,1236.2,1236.2,1236.2,0
2015-02-02 13:12:00,1236.2,1236.2,1236.2,1236.2,0
2015-02-02 13:13:00,1236.2,1236.2,1236.2,1236.2,0
2015-02-02 13:14:00,1236.2,1236.2,1236.2,1236.2,0
2015-02-02 13:15:00,1236.2,1236.2,1236.2,1236.2,0
2015-02-02 13:16:00,1238.85,1238.85,1238.85,1238.85,10
2015-02-02 13:17:00,1238.85,1238.85,1238.85,1238.85,0
2015-02-02 13:18:00,1238.85,1238.85,1238.85,1238.85,0
2015-02-02 13:19:00,1238.85,1238.85,1238.85,1238.85,0
2015-02-02 13:20:00,1238.85,1238.85,1238.85,1238.85,0
2015-02-02 13:21:00,1238.85,1238.85,1238.85,1238.85,0
2015-02-02 13:22:00,1238.9,1240.0,1238.9,1240.0,50
2015-02-02 13:23:00,1240.0,1240.0,1240.0,1240.0,219
2015-02-02 13:24:00,1240.0,1240.0,1240.0,1240.0,0
2015-02-02 13:25:00,1240.0,1240.0,1240.0,1240.0,0
2015-02-02 13:26:00,1240.0,1240.0,1240.0,1240.0,0
2015-02-02 13:27:00,1240.0,1240.0,1240.0,1240.0,0
2015-02-02 13:28:00,1237.0,1237.0,1236.25,1236.25,74
2015-02-02 13:29:00,1236.25,1237.0,1236.25,1237.0,5
2015-02-02 13:30:00,1237.0,1237.0,1237.0,1237.0,2
2015-02-02 13:31:00,1237.0,1237.0,1237.0,1237.0,5
2015-02-02 13:32:00,1237.0,1237.0,1236.0,1236.0,55
2015-02-02 13:33:00,1236.0,1236.0,1236.0,1236.0,0
2015-02-02 13:34:00,1236.0,1236.0,1236.0,1236.0,0
2015-02-02 13:35:00,1236.0,1236.0,1236.0,1236.0,0
2015-02-02 13:36:00,1234.0,1234.0,1234.0,1234.0,469
2015-02-02 13:37:00,1236.85,1236.9,1234.25,1236.9,13
2015-02-02 13:38:00,1236.9,1236.9,1236.9,1236.9,9
2015-02-02 13:39:00,1236.9,1236.9,1236.9,1236.9,0
2015-02-02 13:40:00,1236.9,1236.9,1236.9,1236.9,0
2015-02-02 13:41:00,1236.9,1236.9,1236.9,1236.9,11
2015-02-02 13:42:00,1236.9,1236.9,1236.9,1236.9,0
2015-02-02 13:43:00,1236.9,1236.9,1236.9,1236.9,0
2015-02-02 13:44:00,1236.9,1236.9,1236.9,1236.9,0
2015-02-02 13:45:00,1237.0,1237.0,1237.0,1237.0,20
2015-02-02 13:46:00,1237.0,1237.6,1237.0,1237.6,10
2015-02-02 13:47:00,1237.6,1237.6,1237.6,1237.6,0
2015-02-02 13:48:00,1237.6,1237.6,1237.6,1237.6,0
2015-02-02 13:49:00,1237.6,1237.6,1237.6,1237.6,0
2015-02-02 13:50:00,1237.65,1237.65,1237.65,1237.65,42
2015-02-02 13:51:00,1237.65,1239.0,1237.65,1239.0,30
2015-02-02 13:52:00,1239.0,1239.0,1239.0,1239.0,0
2015-02-02 13:53:00,1239.0,1239.0,1239.0,1239.0,7
2015-02-02 13:54:00,1239.0,1239.0,1239.0,1239.0,0
2015-02-02 13:55:00,1239.0,1240.0,1239.0,1240.0,150
2015-02-02 13:56:00,1239.0,1239.0,1239.0,1239.0,2
2015-02-02 13:57:00,1239.0,1239.0,1239.0,1239.0,0
2015-02-02 13:58:00,1239.0,1239.0,1238.05,1238.05,5
2015-02-02 13:59:00,1238.05,1238.05,1238.05,1238.05,0
2015-02-02 14:00:00,1238.05,1238.05,1238.05,1238.05,0
2015-02-02 14:01:00,1238.05,1238.05,1238.05,1238.05,0
2015-02-02 14:02:00,1238.05,1238.05,1238.05,1238.05,0
2015-02-02 14:03:00,1238.05,1238.05,1238.05,1238.05,0
2015-02-02 14:04:00,1238.05,1238.05,1238.05,1238.05,0
2015-02-02 14:05:00,1238.05,1238.05,1238.05,1238.05,0
2015-02-02 14:06:00,1238.05,1238.05,1238.05,1238.05,0
2015-02-02 14:07:00,1238.05,1238.05,1238.05,1238.05,0
2015-02-02 14:08:00,1238.05,1238.05,1238.05,1238.05,0
2015-02-02 14:09:00,1238.05,1238.05,1238.05,1238.05,0
2015-02-02 14:10:00,1238.05,1238.05,1238.05,1238.05,0
2015-02-02 14:11:00,1238.05,1238.05,1238.05,1238.05,0
2015-02-02 14:12:00,1238.05,1238.05,1238.05,1238.05,0
2015-02-02 14:13:00,1238.05,1239.5,1238.05,1239.5,2
2015-02-02 14:14:00,1239.5,1239.5,1239.5,1239.5,0
2015-02-02 14:15:00,1238.0,1239.9,1238.0,1239.9,30
2015-02-02 14:16:00,1239.95,1239.95,1239.95,1239.95,10
2015-02-02 14:17:00,1239.95,1239.95,1239.95,1239.95,0
2015-02-02 14:18:00,1240.0,1240.0,1240.0,1240.0,25
2015-02-02 14:19:00,1240.0,1240.0,1240.0,1240.0,0
2015-02-02 14:20:00,1239.9,1239.9,1239.9,1239.9,0
2015-02-02 14:21:00,1240.0,1240.0,1240.0,1240.0,50
2015-02-02 14:22:00,1240.0,1240.0,1240.0,1240.0,0
2015-02-02 14:23:00,1240.0,1240.0,1240.0,1240.0,0
2015-02-02 14:24:00,1240.0,1240.0,1240.0,1240.0,5
2015-02-02 14:25:00,1240.0,1240.0,1240.0,1240.0,0
2015-02-02 14:26:00,1240.0,1240.0,1240.0,1240.0,0
2015-02-02 14:27:00,1240.0,1240.0,1240.0,1240.0,0
2015-02-02 14:28:00,1240.0,1240.0,1240.0,1240.0,0
2015-02-02 14:29:00,1240.0,1240.0,1240.0,1240.0,0
2015-02-02 14:30:00,1238.1,1238.1,1238.0,1238.0,30
2015-02-02 14:31:00,1238.0,1238.0,1238.0,1238.0,25
2015-02-02 14:32:00,1238.0,1240.0,1238.0,1240.0,439
2015-02-02 14:33:00,1240.0,1240.0,1240.0,1240.0,20
2015-02-02 14:34:00,1237.65,1237.65,1237.65,1237.65,2
2015-02-02 14:35:00,1237.65,1237.65,1237.65,1237.65,0
2015-02-02 14:36:00,1237.65,1237.65,1237.65,1237.65,0
2015-02-02 14:37:00,1237.65,1237.65,1237.65,1237.65,0
2015-02-02 14:38:00,1237.65,1237.65,1237.6,1237.6,5
2015-02-02 14:39:00,1237.6,1237.6,1237.6,1237.6,112
2015-02-02 14:40:00,1237.6,1239.75,1237.6,1239.75,5
2015-02-02 14:41:00,1239.75,1239.75,1239.75,1239.75,0
2015-02-02 14:42:00,1239.75,1239.75,1239.75,1239.75,0
2015-02-02 14:43:00,1239.75,1239.75,1237.6,1239.5,7
2015-02-02 14:44:00,1239.5,1239.5,1239.5,1239.5,0
2015-02-02 14:45:00,1239.5,1239.5,1239.5,1239.5,0
2015-02-02 14:46:00,1239.95,1239.95,1239.95,1239.95,50
2015-02-02 14:47:00,1239.95,1239.95,1239.95,1239.95,0
2015-02-02 14:48:00,1239.95,1239.95,1239.95,1239.95,0
2015-02-02 14:49:00,1239.95,1239.95,1239.95,1239.95,0
2015-02-02 14:50:00,1239.95,1239.95,1239.95,1239.95,0
2015-02-02 14:51:00,1239.85,1239.85,1239.85,1239.85,50
2015-02-02 14:52:00,1240.05,1240.05,1240.0,1240.0,1196
2015-02-02 14:53:00,1240.0,1240.0,1240.0,1240.0,0
2015-02-02 14:54:00,1240.0,1240.0,1240.0,1240.0,0
2015-02-02 14:55:00,1240.0,1240.0,1240.0,1240.0,200
2015-02-02 14:56:00,1240.0,1240.0,1238.8,1238.8,3
2015-02-02 14:57:00,1237.1,1237.1,1237.0,1237.0,197
2015-02-02 14:58:00,1237.0,1237.0,1237.0,1237.0,0
2015-02-02 14:59:00,1237.0,1237.0,1234.5,1234.5,100
2015-02-02 15:00:00,1234.5,1234.5,1234.5,1234.5,0
2015-02-02 15:01:00,1236.0,1236.0,1233.8,1235.0,235
2015-02-02 15:02:00,1235.0,1235.0,1235.0,1235.0,26
2015-02-02 15:03:00,1235.0,1235.0,1234.0,1235.0,218
2015-02-02 15:04:00,1235.0,1235.0,1234.0,1234.0,60
2015-02-02 15:05:00,1234.0,1235.0,1234.0,1235.0,565
2015-02-02 15:06:00,1235.0,1235.0,1234.0,1234.0,69
2015-02-02 15:07:00,1234.0,1234.0,1234.0,1234.0,0
2015-02-02 15:08:00,1234.0,1234.0,1234.0,1234.0,0
2015-02-02 15:09:00,1234.0,1235.0,1234.0,1235.0,115
2015-02-02 15:10:00,1234.95,1235.0,1234.95,1235.0,163
2015-02-02 15:11:00,1235.0,1235.0,1235.0,1235.0,79
2015-02-02 15:12:00,1235.0,1235.0,1235.0,1235.0,25
2015-02-02 15:13:00,1235.0,1235.0,1233.0,1233.0,360
2015-02-02 15:14:00,1232.4,1232.4,1225.0,1225.0,313
2015-02-02 15:15:00,1222.2,1228.0,1222.2,1228.0,31
2015-02-02 15:16:00,1228.0,1228.0,1221.05,1224.6,94
2015-02-02 15:17:00,1224.6,1229.0,1224.6,1229.0,55
2015-02-02 15:18:00,1230.05,1234.0,1230.0,1234.0,700
2015-02-02 15:19:00,1234.0,1234.05,1234.0,1234.0,651
2015-02-02 15:20:00,1234.0,1234.0,1234.0,1234.0,380
2015-02-02 15:21:00,1234.0,1234.0,1234.0,1234.0,87
2015-02-02 15:22:00,1234.0,1235.0,1234.0,1234.0,516
2015-02-02 15:23:00,1234.0,1234.0,1228.3,1228.3,32
2015-02-02 15:24:00,1228.3,1232.45,1228.3,1232.45,65
2015-02-02 15:25:00,1232.45,1232.45,1225.0,1225.0,206
2015-02-02 15:26:00,1225.0,1228.9,1225.0,1225.25,294
2015-02-02 15:27:00,1225.25,1225.25,1225.25,1225.25,0
2015-02-02 15:28:00,1225.25,1230.0,1225.25,1230.0,244
2015-02-02 15:29:00,1230.0,1230.0,1225.25,1230.0,130
2015-02-03 09:15:00,1236.0,1238.95,1236.0,1238.95,33
2015-02-03 09:16:00,1238.95,1244.9,1238.95,1244.85,54
2015-02-03 09:17:00,1244.85,1244.85,1244.85,1244.85,0
2015-02-03 09:18:00,1244.85,1244.85,1244.0,1244.0,2
2015-02-03 09:19:00,1239.15,1239.15,1236.0,1236.0,235
2015-02-03 09:20:00,1236.0,1236.0,1236.0,1236.0,0
2015-02-03 09:21:00,1236.0,1236.0,1236.0,1236.0,0
2015-02-03 09:22:00,1236.0,1241.45,1236.0,1241.45,59
2015-02-03 09:23:00,1241.45,1241.45,1238.0,1238.0,69
2015-02-03 09:24:00,1238.0,1238.0,1238.0,1238.0,0
2015-02-03 09:25:00,1238.0,1238.0,1238.0,1238.0,0
2015-02-03 09:26:00,1238.0,1239.5,1238.0,1239.5,13
2015-02-03 09:27:00,1239.0,1239.0,1239.0,1239.0,17
2015-02-03 09:28:00,1240.7,1242.0,1240.7,1242.0,55
2015-02-03 09:29:00,1242.0,1243.45,1240.85,1240.85,72
2015-02-03 09:30:00,1240.85,1240.85,1239.6,1239.6,10
2015-02-03 09:31:00,1239.6,1239.6,1239.6,1239.6,0
2015-02-03 09:32:00,1239.6,1243.5,1239.6,1243.5,25
2015-02-03 09:33:00,1243.5,1243.5,1243.5,1243.5,15
2015-02-03 09:34:00,1242.95,1242.95,1240.0,1240.0,65
2015-02-03 09:35:00,1240.0,1240.1,1240.0,1240.1,15
2015-02-03 09:36:00,1240.1,1240.1,1240.0,1240.0,18
2015-02-03 09:37:00,1240.0,1240.0,1239.0,1239.0,8
2015-02-03 09:38:00,1239.0,1239.0,1238.0,1238.0,8
2015-02-03 09:39:00,1238.0,1238.0,1237.0,1237.0,25
2015-02-03 09:40:00,1237.0,1237.0,1237.0,1237.0,0
2015-02-03 09:41:00,1237.0,1237.0,1237.0,1237.0,25
2015-02-03 09:42:00,1237.0,1237.0,1234.95,1234.95,36
2015-02-03 09:43:00,1234.95,1234.95,1233.0,1233.0,27
2015-02-03 09:44:00,1233.0,1233.0,1233.0,1233.0,0
2015-02-03 09:45:00,1233.0,1233.0,1233.0,1233.0,2
2015-02-03 09:46:00,1233.0,1233.0,1233.0,1233.0,0
2015-02-03 09:47:00,1233.0,1233.0,1233.0,1233.0,0
2015-02-03 09:48:00,1233.0,1233.0,1233.0,1233.0,0
2015-02-03 09:49:00,1233.0,1234.5,1233.0,1234.5,10
2015-02-03 09:50:00,1240.0,1240.0,1240.0,1240.0,260
2015-02-03 09:51:00,1240.0,1240.0,1235.0,1235.0,48
2015-02-03 09:52:00,1235.0,1235.0,1235.0,1235.0,16
2015-02-03 09:53:00,1235.0,1235.0,1235.0,1235.0,20
2015-02-03 09:54:00,1235.0,1240.0,1235.0,1240.0,1360
2015-02-03 09:55:00,1240.0,1240.0,1240.0,1240.0,0
2015-02-03 09:56:00,1239.95,1239.95,1239.6,1239.6,21
2015-02-03 09:57:00,1240.0,1240.0,1240.0,1240.0,10
2015-02-03 09:58:00,1240.0,1240.0,1240.0,1240.0,0
2015-02-03 09:59:00,1240.0,1240.0,1240.0,1240.0,0
2015-02-03 10:00:00,1240.0,1240.0,1240.0,1240.0,100
2015-02-03 10:01:00,1240.0,1240.0,1238.3,1238.3,5
2015-02-03 10:02:00,1238.3,1238.3,1238.3,1238.3,0
2015-02-03 10:03:00,1238.3,1238.3,1238.3,1238.3,1
2015-02-03 10:04:00,1238.3,1238.3,1238.3,1238.3,5
2015-02-03 10:05:00,1238.3,1238.3,1238.3,1238.3,0
2015-02-03 10:06:00,1238.3,1238.3,1238.3,1238.3,0
2015-02-03 10:07:00,1238.3,1238.3,1238.3,1238.3,0
2015-02-03 10:08:00,1238.3,1238.3,1238.3,1238.3,0
2015-02-03 10:09:00,1238.3,1238.3,1238.3,1238.3,0
2015-02-03 10:10:00,1238.3,1238.3,1238.3,1238.3,0
2015-02-03 10:11:00,1238.3,1238.3,1234.35,1234.35,21
2015-02-03 10:12:00,1234.35,1234.35,1234.35,1234.35,0
2015-02-03 10:13:00,1234.35,1234.35,1234.35,1234.35,0
2015-02-03 10:14:00,1234.35,1234.35,1234.35,1234.35,0
2015-02-03 10:15:00,1234.35,1234.35,1234.35,1234.35,0
2015-02-03 10:16:00,1235.6,1235.6,1235.6,1235.6,10
2015-02-03 10:17:00,1235.6,1235.6,1235.6,1235.6,0
2015-02-03 10:18:00,1235.6,1235.6,1235.6,1235.6,0
2015-02-03 10:19:00,1235.6,1235.6,1234.4,1234.4,20
2015-02-03 10:20:00,1233.0,1233.0,1233.0,1233.0,99
2015-02-03 10:21:00,1233.0,1233.0,1233.0,1233.0,50
2015-02-03 10:22:00,1233.0,1233.0,1230.4,1230.55,92
2015-02-03 10:23:00,1230.55,1234.65,1230.55,1234.65,1
2015-02-03 10:24:00,1234.65,1234.65,1234.65,1234.65,0
2015-02-03 10:25:00,1234.65,1234.65,1234.65,1234.65,0
2015-02-03 10:26:00,1234.65,1234.65,1234.65,1234.65,0
2015-02-03 10:27:00,1234.65,1234.65,1234.65,1234.65,0
2015-02-03 10:28:00,1231.1,1231.1,1231.1,1231.1,10
2015-02-03 10:29:00,1231.1,1231.1,1231.1,1231.1,0
2015-02-03 10:30:00,1231.1,1231.1,1231.1,1231.1,0
2015-02-03 10:31:00,1231.1,1231.1,1231.1,1231.1,0
2015-02-03 10:32:00,1231.1,1231.1,1231.1,1231.1,0
2015-02-03 10:33:00,1231.1,1231.1,1231.1,1231.1,0
2015-02-03 10:34:00,1231.1,1231.1,1231.1,1231.1,0
2015-02-03 10:35:00,1231.1,1231.1,1231.1,1231.1,0
2015-02-03 10:36:00,1231.1,1231.1,1231.1,1231.1,0
2015-02-03 10:37:00,1231.1,1231.1,1231.1,1231.1,0
2015-02-03 10:38:00,1231.1,1231.1,1231.1,1231.1,0
2015-02-03 10:39:00,1231.1,1231.1,1231.1,1231.1,0
2015-02-03 10:40:00,1231.1,1231.1,1231.1,1231.1,0
2015-02-03 10:41:00,1231.1,1231.1,1231.1,1231.1,0
2015-02-03 10:42:00,1231.1,1231.1,1231.1,1231.1,0
2015-02-03 10:43:00,1231.1,1231.1,1231.1,1231.1,0
2015-02-03 10:44:00,1231.1,1231.1,1231.1,1231.1,0
2015-02-03 10:45:00,1231.1,1231.1,1231.1,1231.1,0
2015-02-03 10:46:00,1231.1,1231.1,1231.1,1231.1,0
2015-02-03 10:47:00,1231.1,1231.1,1231.1,1231.1,0
2015-02-03 10:48:00,1231.1,1231.1,1231.1,1231.1,0
2015-02-03 10:49:00,1232.0,1232.0,1231.0,1231.0,25
2015-02-03 10:50:00,1231.0,1231.0,1231.0,1231.0,0
2015-02-03 10:51:00,1231.0,1231.0,1231.0,1231.0,0
2015-02-03 10:52:00,1231.0,1231.0,1231.0,1231.0,0
2015-02-03 10:53:00,1231.0,1231.0,1231.0,1231.0,0
2015-02-03 10:54:00,1231.0,1231.0,1231.0,1231.0,0
2015-02-03 10:55:00,1233.7,1235.85,1233.7,1235.85,23
2015-02-03 10:56:00,1235.85,1235.9,1235.85,1235.9,8
2015-02-03 10:57:00,1235.9,1235.9,1235.9,1235.9,0
2015-02-03 10:58:00,1235.9,1235.9,1235.9,1235.9,0
2015-02-03 10:59:00,1235.9,1235.9,1235.9,1235.9,0
2015-02-03 11:00:00,1235.9,1235.9,1235.9,1235.9,0
2015-02-03 11:01:00,1234.0,1234.0,1234.0,1234.0,25
2015-02-03 11:02:00,1235.9,1235.9,1235.9,1235.9,100
2015-02-03 11:03:00,1234.05,1234.05,1234.05,1234.05,10
2015-02-03 11:04:00,1234.05,1234.05,1234.05,1234.05,0
2015-02-03 11:05:00,1235.9,1235.9,1235.9,1235.9,0
2015-02-03 11:06:00,1234.05,1234.05,1234.05,1234.05,0
2015-02-03 11:07:00,1234.05,1234.05,1234.05,1234.05,0
2015-02-03 11:08:00,1234.05,1234.05,1234.05,1234.05,0
2015-02-03 11:09:00,1235.9,1235.9,1235.9,1235.9,14
2015-02-03 11:10:00,1235.9,1240.0,1232.4,1233.45,178
2015-02-03 11:11:00,1233.45,1241.35,1233.45,1239.95,275
2015-02-03 11:12:00,1239.95,1239.95,1239.95,1239.95,0
2015-02-03 11:13:00,1239.95,1239.95,1238.3,1238.3,10
2015-02-03 11:14:00,1238.3,1238.3,1238.3,1238.3,0
2015-02-03 11:15:00,1240.0,1240.0,1240.0,1240.0,25
2015-02-03 11:16:00,1238.0,1238.0,1238.0,1238.0,11
2015-02-03 11:17:00,1238.0,1238.0,1238.0,1238.0,0
2015-02-03 11:18:00,1239.95,1239.95,1239.95,1239.95,10
2015-02-03 11:19:00,1239.95,1239.95,1239.95,1239.95,0
2015-02-03 11:20:00,1239.95,1239.95,1239.95,1239.95,0
2015-02-03 11:21:00,1239.95,1239.95,1239.95,1239.95,0
2015-02-03 11:22:00,1239.95,1239.95,1239.95,1239.95,0
2015-02-03 11:23:00,1239.6,1239.6,1239.6,1239.6,10
2015-02-03 11:24:00,1239.6,1240.0,1239.6,1240.0,5
2015-02-03 11:25:00,1238.0,1238.0,1238.0,1238.0,23
2015-02-03 11:26:00,1238.0,1238.0,1238.0,1238.0,0
2015-02-03 11:27:00,1238.0,1238.0,1232.4,1235.75,11
2015-02-03 11:28:00,1235.75,1235.75,1235.75,1235.75,0
2015-02-03 11:29:00,1235.75,1235.75,1235.75,1235.75,0
2015-02-03 11:30:00,1235.75,1236.9,1235.75,1236.9,10
2015-02-03 11:31:00,1236.9,1236.9,1235.0,1235.0,100
2015-02-03 11:32:00,1235.0,1235.0,1235.0,1235.0,0
2015-02-03 11:33:00,1235.0,1235.0,1235.0,1235.0,0
2015-02-03 11:34:00,1235.0,1235.0,1235.0,1235.0,0
2015-02-03 11:35:00,1235.0,1235.0,1235.0,1235.0,0
2015-02-03 11:36:00,1235.0,1235.0,1233.1,1233.1,2
2015-02-03 11:37:00,1233.1,1233.1,1233.1,1233.1,2
2015-02-03 11:38:00,1233.1,1233.1,1233.1,1233.1,0
2015-02-03 11:39:00,1233.1,1233.1,1233.1,1233.1,0
2015-02-03 11:40:00,1235.0,1235.0,1235.0,1235.0,4
2015-02-03 11:41:00,1235.0,1235.0,1235.0,1235.0,0
2015-02-03 11:42:00,1235.0,1235.0,1235.0,1235.0,0
2015-02-03 11:43:00,1235.0,1235.0,1235.0,1235.0,0
2015-02-03 11:44:00,1235.0,1235.0,1235.0,1235.0,0
2015-02-03 11:45:00,1235.0,1235.0,1235.0,1235.0,10
2015-02-03 11:46:00,1235.0,1238.85,1235.0,1238.85,50
2015-02-03 11:47:00,1238.85,1238.85,1238.85,1238.85,0
2015-02-03 11:48:00,1238.85,1238.85,1232.4,1232.4,20
2015-02-03 11:49:00,1232.4,1238.2,1232.4,1238.2,11
2015-02-03 11:50:00,1238.2,1238.2,1232.05,1232.05,15
2015-02-03 11:51:00,1232.05,1232.05,1232.05,1232.05,0
2015-02-03 11:52:00,1232.05,1232.05,1232.05,1232.05,0
2015-02-03 11:53:00,1232.05,1232.05,1232.05,1232.05,0
2015-02-03 11:54:00,1232.05,1232.05,1232.05,1232.05,0
2015-02-03 11:55:00,1232.1,1234.9,1232.1,1234.9,6
2015-02-03 11:56:00,1234.9,1234.9,1230.45,1230.45,510
2015-02-03 11:57:00,1230.45,1230.45,1228.8,1228.8,171
2015-02-03 11:58:00,1228.8,1230.95,1228.8,1230.95,1
2015-02-03 11:59:00,1230.95,1230.95,1229.8,1229.8,9
2015-02-03 12:00:00,1228.5,1228.5,1227.05,1227.05,136
2015-02-03 12:01:00,1227.0,1231.75,1226.0,1231.75,254
2015-02-03 12:02:00,1231.75,1231.75,1231.75,1231.75,0
2015-02-03 12:03:00,1231.75,1231.75,1231.75,1231.75,0
2015-02-03 12:04:00,1231.75,1231.75,1231.75,1231.75,0
2015-02-03 12:05:00,1233.0,1237.0,1233.0,1237.0,90
2015-02-03 12:06:00,1237.0,1237.0,1233.0,1233.0,100
2015-02-03 12:07:00,1233.0,1233.95,1231.1,1233.9,17
2015-02-03 12:08:00,1233.9,1233.9,1233.9,1233.9,0
2015-02-03 12:09:00,1233.9,1233.9,1232.0,1232.0,86
2015-02-03 12:10:00,1232.0,1232.0,1232.0,1232.0,0
2015-02-03 12:11:00,1232.0,1232.0,1232.0,1232.0,0
2015-02-03 12:12:00,1234.95,1234.95,1234.95,1234.95,2
2015-02-03 12:13:00,1232.35,1232.35,1231.75,1231.75,11
2015-02-03 12:14:00,1230.0,1230.0,1228.55,1228.55,13
2015-02-03 12:15:00,1232.4,1233.35,1232.4,1233.35,45
2015-02-03 12:16:00,1233.35,1233.35,1229.95,1230.0,30
2015-02-03 12:17:00,1230.0,1230.0,1226.6,1226.6,1
2015-02-03 12:18:00,1226.6,1226.6,1226.6,1226.6,0
2015-02-03 12:19:00,1226.6,1226.6,1226.6,1226.6,0
2015-02-03 12:20:00,1226.6,1226.6,1226.6,1226.6,0
2015-02-03 12:21:00,1226.6,1226.6,1226.6,1226.6,0
2015-02-03 12:22:00,1230.7,1230.9,1226.0,1230.9,22
2015-02-03 12:23:00,1230.9,1230.95,1227.9,1230.95,35
2015-02-03 12:24:00,1230.95,1231.0,1230.95,1231.0,46
2015-02-03 12:25:00,1232.0,1232.0,1232.0,1232.0,25
2015-02-03 12:26:00,1232.0,1232.0,1232.0,1232.0,0
2015-02-03 12:27:00,1232.0,1232.0,1232.0,1232.0,0
2015-02-03 12:28:00,1235.0,1235.0,1235.0,1235.0,10
2015-02-03 12:29:00,1235.0,1235.0,1235.0,1235.0,92
2015-02-03 12:30:00,1235.0,1235.0,1235.0,1235.0,0
2015-02-03 12:31:00,1235.0,1235.0,1232.05,1234.95,6
2015-02-03 12:32:00,1234.95,1234.95,1232.1,1232.1,25
2015-02-03 12:33:00,1232.1,1232.1,1232.1,1232.1,0
2015-02-03 12:34:00,1232.1,1232.1,1232.1,1232.1,0
2015-02-03 12:35:00,1232.1,1232.1,1232.1,1232.1,0
2015-02-03 12:36:00,1232.1,1232.1,1232.1,1232.1,0
2015-02-03 12:37:00,1232.1,1232.1,1232.1,1232.1,0
2015-02-03 12:38:00,1232.1,1232.1,1232.1,1232.1,0
2015-02-03 12:39:00,1232.1,1232.1,1232.1,1232.1,0
2015-02-03 12:40:00,1232.1,1232.1,1232.1,1232.1,0
2015-02-03 12:41:00,1235.0,1235.0,1235.0,1235.0,38
2015-02-03 12:42:00,1235.0,1235.0,1235.0,1235.0,0
2015-02-03 12:43:00,1235.0,1235.0,1235.0,1235.0,0
2015-02-03 12:44:00,1235.0,1235.0,1235.0,1235.0,0
2015-02-03 12:45:00,1235.0,1235.0,1235.0,1235.0,0
2015-02-03 12:46:00,1235.0,1235.0,1233.05,1235.0,82
2015-02-03 12:47:00,1235.0,1235.0,1229.85,1231.75,29
2015-02-03 12:48:00,1232.4,1233.0,1231.75,1233.0,123
2015-02-03 12:49:00,1231.75,1231.75,1231.0,1231.0,248
2015-02-03 12:50:00,1231.0,1231.0,1231.0,1231.0,900
2015-02-03 12:51:00,1231.0,1231.0,1231.0,1231.0,0
2015-02-03 12:52:00,1231.0,1231.0,1231.0,1231.0,0
2015-02-03 12:53:00,1231.0,1235.65,1231.0,1235.65,14
2015-02-03 12:54:00,1235.65,1235.65,1233.7,1233.7,14
2015-02-03 12:55:00,1233.7,1233.7,1233.1,1233.1,10
2015-02-03 12:56:00,1233.65,1233.65,1233.65,1233.65,10
2015-02-03 12:57:00,1233.65,1236.0,1233.65,1235.0,68
2015-02-03 12:58:00,1235.0,1237.0,1235.0,1237.0,10
2015-02-03 12:59:00,1237.0,1237.0,1237.0,1237.0,100
2015-02-03 13:00:00,1237.0,1237.0,1237.0,1237.0,0
2015-02-03 13:01:00,1237.0,1237.0,1237.0,1237.0,0
2015-02-03 13:02:00,1237.0,1237.5,1236.95,1236.95,23
2015-02-03 13:03:00,1236.95,1236.95,1236.95,1236.95,0
2015-02-03 13:04:00,1236.95,1236.95,1236.25,1236.25,9
2015-02-03 13:05:00,1236.25,1236.25,1236.25,1236.25,0
2015-02-03 13:06:00,1236.25,1236.25,1236.25,1236.25,0
2015-02-03 13:07:00,1236.25,1236.25,1232.9,1232.9,9
2015-02-03 13:08:00,1232.9,1233.7,1232.9,1233.7,3
2015-02-03 13:09:00,1233.7,1235.65,1233.7,1235.65,3
2015-02-03 13:10:00,1235.65,1235.65,1235.65,1235.65,0
2015-02-03 13:11:00,1235.65,1235.65,1233.75,1233.75,1
2015-02-03 13:12:00,1235.0,1235.0,1235.0,1235.0,5
2015-02-03 13:13:00,1235.0,1235.65,1235.0,1235.0,13
2015-02-03 13:14:00,1235.0,1235.0,1235.0,1235.0,0
2015-02-03 13:15:00,1233.05,1233.05,1233.0,1233.0,106
2015-02-03 13:16:00,1233.0,1233.65,1233.0,1233.65,414
2015-02-03 13:17:00,1231.15,1231.15,1231.15,1231.15,10
2015-02-03 13:18:00,1231.15,1231.15,1231.15,1231.15,0
2015-02-03 13:19:00,1231.15,1231.15,1231.15,1231.15,0
2015-02-03 13:20:00,1233.65,1233.65,1233.65,1233.65,15
2015-02-03 13:21:00,1233.65,1235.65,1233.65,1235.65,10
2015-02-03 13:22:00,1235.65,1235.65,1231.8,1231.8,2
2015-02-03 13:23:00,1231.8,1231.8,1231.8,1231.8,0
2015-02-03 13:24:00,1231.8,1231.8,1231.8,1231.8,0
2015-02-03 13:25:00,1231.8,1231.8,1231.8,1231.8,0
2015-02-03 13:26:00,1231.8,1232.45,1231.8,1232.45,4
2015-02-03 13:27:00,1232.45,1232.45,1232.45,1232.45,0
2015-02-03 13:28:00,1232.45,1232.45,1232.45,1232.45,0
2015-02-03 13:29:00,1232.45,1232.45,1232.45,1232.45,0
2015-02-03 13:30:00,1232.45,1232.45,1232.45,1232.45,0
2015-02-03 13:31:00,1232.45,1232.45,1232.45,1232.45,0
2015-02-03 13:32:00,1232.45,1232.45,1232.45,1232.45,0
2015-02-03 13:33:00,1232.45,1232.45,1232.45,1232.45,0
2015-02-03 13:34:00,1232.45,1232.45,1232.45,1232.45,0
2015-02-03 13:35:00,1232.45,1232.45,1232.45,1232.45,0
2015-02-03 13:36:00,1232.45,1235.55,1232.45,1235.55,5
2015-02-03 13:37:00,1235.55,1235.55,1235.55,1235.55,0
2015-02-03 13:38:00,1235.55,1235.55,1235.55,1235.55,0
2015-02-03 13:39:00,1235.55,1235.55,1235.55,1235.55,0
2015-02-03 13:40:00,1235.5,1235.5,1231.8,1231.8,60
2015-02-03 13:41:00,1231.8,1231.8,1231.8,1231.8,0
2015-02-03 13:42:00,1231.8,1231.8,1231.8,1231.8,0
2015-02-03 13:43:00,1231.8,1231.8,1231.8,1231.8,0
2015-02-03 13:44:00,1231.8,1231.8,1231.8,1231.8,0
2015-02-03 13:45:00,1231.8,1231.8,1231.8,1231.8,0
2015-02-03 13:46:00,1231.8,1231.8,1231.8,1231.8,0
2015-02-03 13:47:00,1231.8,1231.8,1231.8,1231.8,0
2015-02-03 13:48:00,1231.8,1231.8,1231.8,1231.8,0
2015-02-03 13:49:00,1231.8,1231.8,1231.8,1231.8,0
2015-02-03 13:50:00,1231.8,1231.8,1231.8,1231.8,0
2015-02-03 13:51:00,1231.8,1231.8,1231.8,1231.8,0
2015-02-03 13:52:00,1230.95,1230.95,1230.95,1230.95,25
2015-02-03 13:53:00,1230.95,1230.95,1230.95,1230.95,0
2015-02-03 13:54:00,1230.95,1230.95,1230.95,1230.95,0
2015-02-03 13:55:00,1230.95,1230.95,1230.95,1230.95,0
2015-02-03 13:56:00,1230.95,1230.95,1230.95,1230.95,0
2015-02-03 13:57:00,1230.95,1230.95,1230.95,1230.95,0
2015-02-03 13:58:00,1230.95,1230.95,1230.95,1230.95,0
2015-02-03 13:59:00,1232.0,1232.0,1232.0,1232.0,4
2015-02-03 14:00:00,1232.0,1232.0,1232.0,1232.0,0
2015-02-03 14:01:00,1232.0,1232.0,1232.0,1232.0,0
2015-02-03 14:02:00,1232.0,1233.7,1232.0,1233.7,2
2015-02-03 14:03:00,1233.7,1235.0,1233.7,1235.0,30
2015-02-03 14:04:00,1235.0,1235.0,1235.0,1235.0,0
2015-02-03 14:05:00,1235.0,1235.0,1235.0,1235.0,0
2015-02-03 14:06:00,1235.0,1235.0,1233.1,1233.1,7
2015-02-03 14:07:00,1233.1,1233.1,1233.1,1233.1,0
2015-02-03 14:08:00,1233.1,1233.1,1233.1,1233.1,0
2015-02-03 14:09:00,1233.1,1233.1,1233.1,1233.1,0
2015-02-03 14:10:00,1233.1,1233.1,1233.1,1233.1,0
2015-02-03 14:11:00,1233.1,1233.1,1233.1,1233.1,0
2015-02-03 14:12:00,1233.1,1233.1,1233.1,1233.1,0
2015-02-03 14:13:00,1233.1,1233.1,1233.1,1233.1,0
2015-02-03 14:14:00,1235.0,1235.0,1235.0,1235.0,10
2015-02-03 14:15:00,1235.0,1237.55,1235.0,1237.55,21
2015-02-03 14:16:00,1237.55,1237.55,1237.55,1237.55,0
2015-02-03 14:17:00,1239.5,1239.5,1237.5,1237.5,23
2015-02-03 14:18:00,1237.5,1237.5,1237.5,1237.5,0
2015-02-03 14:19:00,1237.5,1237.6,1235.55,1235.55,17
2015-02-03 14:20:00,1237.65,1237.65,1237.65,1237.65,20
2015-02-03 14:21:00,1237.65,1237.65,1237.65,1237.65,0
2015-02-03 14:22:00,1237.0,1238.85,1235.65,1235.65,120
2015-02-03 14:23:00,1235.65,1235.65,1235.65,1235.65,0
2015-02-03 14:24:00,1235.65,1235.65,1235.65,1235.65,0
2015-02-03 14:25:00,1235.65,1235.65,1235.65,1235.65,0
2015-02-03 14:26:00,1235.65,1238.0,1235.65,1238.0,1
2015-02-03 14:27:00,1237.95,1237.95,1237.95,1237.95,5
2015-02-03 14:28:00,1237.95,1238.0,1237.95,1238.0,9
2015-02-03 14:29:00,1238.0,1238.0,1238.0,1238.0,0
2015-02-03 14:30:00,1238.0,1241.0,1238.0,1241.0,91
2015-02-03 14:31:00,1241.0,1241.0,1241.0,1241.0,0
2015-02-03 14:32:00,1241.0,1241.0,1240.0,1240.0,53
2015-02-03 14:33:00,1240.0,1240.0,1240.0,1240.0,0
2015-02-03 14:34:00,1240.0,1240.0,1240.0,1240.0,0
2015-02-03 14:35:00,1240.0,1241.0,1240.0,1241.0,2
2015-02-03 14:36:00,1241.0,1241.0,1240.05,1240.05,1
2015-02-03 14:37:00,1240.05,1240.05,1237.0,1237.0,130
2015-02-03 14:38:00,1237.0,1237.0,1236.5,1236.5,20
2015-02-03 14:39:00,1236.5,1236.5,1236.5,1236.5,5
2015-02-03 14:40:00,1232.0,1234.0,1232.0,1234.0,71
2015-02-03 14:41:00,1234.0,1234.0,1234.0,1234.0,0
2015-02-03 14:42:00,1235.0,1235.0,1235.0,1235.0,1
2015-02-03 14:43:00,1235.0,1235.0,1235.0,1235.0,2
2015-02-03 14:44:00,1235.0,1235.2,1235.0,1235.2,12
2015-02-03 14:45:00,1235.2,1235.2,1235.2,1235.2,0
2015-02-03 14:46:00,1235.2,1235.2,1235.2,1235.2,0
2015-02-03 14:47:00,1235.2,1235.2,1235.2,1235.2,0
2015-02-03 14:48:00,1235.2,1235.2,1235.2,1235.2,0
2015-02-03 14:49:00,1233.1,1233.1,1233.1,1233.1,1
2015-02-03 14:50:00,1233.1,1233.1,1233.1,1233.1,0
2015-02-03 14:51:00,1233.1,1233.1,1233.1,1233.1,0
2015-02-03 14:52:00,1234.0,1234.0,1234.0,1234.0,33
2015-02-03 14:53:00,1234.0,1234.0,1234.0,1234.0,5
2015-02-03 14:54:00,1234.1,1234.1,1234.1,1234.1,3
2015-02-03 14:55:00,1235.0,1235.0,1235.0,1235.0,23
2015-02-03 14:56:00,1235.0,1235.0,1235.0,1235.0,0
2015-02-03 14:57:00,1235.0,1235.0,1235.0,1235.0,0
2015-02-03 14:58:00,1235.0,1235.05,1235.0,1235.05,6
2015-02-03 14:59:00,1235.05,1235.05,1235.05,1235.05,0
2015-02-03 15:00:00,1235.05,1235.5,1235.05,1235.5,50
2015-02-03 15:01:00,1235.5,1235.5,1235.5,1235.5,0
2015-02-03 15:02:00,1235.5,1237.0,1235.5,1237.0,4
2015-02-03 15:03:00,1237.0,1238.2,1237.0,1238.2,4
2015-02-03 15:04:00,1238.2,1238.2,1235.5,1235.5,10
2015-02-03 15:05:00,1235.5,1237.45,1235.5,1237.45,45
2015-02-03 15:06:00,1237.45,1237.45,1237.45,1237.45,0
2015-02-03 15:07:00,1237.45,1237.45,1237.45,1237.45,0
2015-02-03 15:08:00,1237.45,1237.45,1235.0,1235.0,54
2015-02-03 15:09:00,1235.0,1235.0,1233.0,1234.95,42
2015-02-03 15:10:00,1234.95,1235.0,1234.95,1235.0,10
2015-02-03 15:11:00,1234.05,1234.05,1234.05,1234.05,5
2015-02-03 15:12:00,1234.05,1234.4,1232.1,1232.1,60
2015-02-03 15:13:00,1232.1,1232.45,1232.1,1232.45,5
2015-02-03 15:14:00,1232.45,1233.25,1232.45,1233.25,6
2015-02-03 15:15:00,1233.25,1233.25,1233.25,1233.25,0
2015-02-03 15:16:00,1233.25,1233.4,1233.25,1233.4,3
2015-02-03 15:17:00,1233.4,1234.4,1232.0,1234.4,1096
2015-02-03 15:18:00,1234.4,1234.4,1232.35,1232.35,35
2015-02-03 15:19:00,1232.35,1232.6,1232.35,1232.6,25
2015-02-03 15:20:00,1232.6,1232.6,1232.6,1232.6,0
2015-02-03 15:21:00,1232.55,1235.0,1232.55,1235.0,104
2015-02-03 15:22:00,1235.0,1235.05,1235.0,1235.05,3
2015-02-03 15:23:00,1235.05,1235.05,1235.05,1235.05,11
2015-02-03 15:24:00,1235.05,1236.95,1235.05,1236.95,35
2015-02-03 15:25:00,1236.95,1236.95,1235.05,1235.05,60
2015-02-03 15:26:00,1235.05,1235.2,1235.05,1235.2,263
2015-02-03 15:27:00,1235.2,1235.2,1235.2,1235.2,17
2015-02-03 15:28:00,1235.2,1235.2,1235.2,1235.2,29
2015-02-03 15:29:00,1235.2,1237.0,1235.2,1237.0,148
2015-02-04 09:15:00,1245.0,1245.05,1245.0,1245.05,66
2015-02-04 09:16:00,1245.05,1245.05,1229.0,1229.0,455
2015-02-04 09:17:00,1229.0,1236.15,1229.0,1236.15,6
2015-02-04 09:18:00,1236.15,1242.5,1236.15,1237.25,16
2015-02-04 09:19:00,1237.25,1245.0,1237.25,1245.0,105
2015-02-04 09:20:00,1245.0,1245.0,1237.05,1237.05,25
2015-02-04 09:21:00,1237.05,1237.05,1237.05,1237.05,0
2015-02-04 09:22:00,1237.05,1237.05,1237.05,1237.05,0
2015-02-04 09:23:00,1237.05,1237.05,1237.05,1237.05,0
2015-02-04 09:24:00,1237.05,1239.0,1237.05,1238.95,41
2015-02-04 09:25:00,1238.95,1238.95,1238.95,1238.95,0
2015-02-04 09:26:00,1240.15,1243.95,1240.15,1243.95,19
2015-02-04 09:27:00,1243.95,1243.95,1243.95,1243.95,0
2015-02-04 09:28:00,1243.95,1243.95,1241.0,1241.0,900
2015-02-04 09:29:00,1241.0,1241.0,1241.0,1241.0,0
2015-02-04 09:30:00,1243.0,1243.0,1241.0,1241.0,265
2015-02-04 09:31:00,1241.0,1241.0,1238.0,1238.0,5
2015-02-04 09:32:00,1238.0,1238.0,1236.0,1236.0,11
2015-02-04 09:33:00,1233.8,1233.8,1233.8,1233.8,10
2015-02-04 09:34:00,1233.8,1233.8,1233.8,1233.8,0
2015-02-04 09:35:00,1233.8,1236.0,1233.25,1236.0,56
2015-02-04 09:36:00,1236.0,1236.0,1236.0,1236.0,0
2015-02-04 09:37:00,1236.0,1236.0,1236.0,1236.0,0
2015-02-04 09:38:00,1235.95,1235.95,1235.95,1235.95,1
2015-02-04 09:39:00,1235.95,1235.95,1235.95,1235.95,0
2015-02-04 09:40:00,1235.95,1236.0,1235.95,1236.0,18
2015-02-04 09:41:00,1236.0,1236.0,1236.0,1236.0,18
2015-02-04 09:42:00,1236.0,1236.0,1236.0,1236.0,0
2015-02-04 09:43:00,1236.0,1238.95,1236.0,1238.95,11
2015-02-04 09:44:00,1238.95,1238.95,1238.95,1238.95,0
2015-02-04 09:45:00,1238.95,1238.95,1236.55,1236.55,5
2015-02-04 09:46:00,1236.55,1239.0,1236.55,1239.0,27
2015-02-04 09:47:00,1239.0,1240.0,1239.0,1240.0,90
2015-02-04 09:48:00,1240.0,1240.0,1239.9,1239.9,670
2015-02-04 09:49:00,1239.9,1239.9,1239.9,1239.9,100
2015-02-04 09:50:00,1239.9,1239.95,1239.9,1239.95,6
2015-02-04 09:51:00,1239.95,1239.95,1239.95,1239.95,0
2015-02-04 09:52:00,1239.95,1239.95,1239.95,1239.95,0
2015-02-04 09:53:00,1237.55,1237.55,1237.55,1237.55,1
2015-02-04 09:54:00,1237.55,1240.0,1237.55,1240.0,50
2015-02-04 09:55:00,1240.0,1240.0,1240.0,1240.0,50
2015-02-04 09:56:00,1240.0,1240.0,1240.0,1240.0,0
2015-02-04 09:57:00,1237.05,1237.05,1236.95,1236.95,65
2015-02-04 09:58:00,1236.5,1236.5,1236.5,1236.5,30
2015-02-04 09:59:00,1236.5,1236.5,1236.5,1236.5,0
2015-02-04 10:00:00,1238.2,1239.0,1238.2,1239.0,42
2015-02-04 10:01:00,1239.0,1240.0,1239.0,1240.0,58
2015-02-04 10:02:00,1240.0,1240.0,1240.0,1240.0,0
2015-02-04 10:03:00,1240.0,1240.0,1240.0,1240.0,0
2015-02-04 10:04:00,1240.0,1240.0,1240.0,1240.0,0
2015-02-04 10:05:00,1240.0,1240.0,1240.0,1240.0,0
2015-02-04 10:06:00,1240.0,1240.0,1240.0,1240.0,0
2015-02-04 10:07:00,1240.0,1240.0,1240.0,1240.0,0
2015-02-04 10:08:00,1240.0,1240.0,1240.0,1240.0,0
2015-02-04 10:09:00,1240.0,1240.0,1240.0,1240.0,0
2015-02-04 10:10:00,1240.0,1240.0,1240.0,1240.0,0
2015-02-04 10:11:00,1240.0,1240.0,1240.0,1240.0,0
2015-02-04 10:12:00,1240.0,1240.0,1240.0,1240.0,0
2015-02-04 10:13:00,1240.0,1240.0,1240.0,1240.0,0
2015-02-04 10:14:00,1240.0,1240.0,1239.0,1239.0,50
2015-02-04 10:15:00,1238.4,1238.4,1238.4,1238.4,5
2015-02-04 10:16:00,1238.4,1238.4,1238.4,1238.4,0
2015-02-04 10:17:00,1238.4,1238.4,1238.0,1238.0,50
2015-02-04 10:18:00,1238.0,1238.0,1238.0,1238.0,0
2015-02-04 10:19:00,1238.0,1238.0,1238.0,1238.0,0
2015-02-04 10:20:00,1238.0,1238.0,1238.0,1238.0,0
2015-02-04 10:21:00,1238.0,1238.0,1236.05,1236.05,15
2015-02-04 10:22:00,1236.05,1236.05,1236.05,1236.05,0
2015-02-04 10:23:00,1236.05,1236.5,1233.3,1233.3,34
2015-02-04 10:24:00,1233.3,1233.3,1233.3,1233.3,0
2015-02-04 10:25:00,1233.3,1233.3,1233.3,1233.3,0
2015-02-04 10:26:00,1233.3,1238.0,1233.3,1238.0,60
2015-02-04 10:27:00,1238.0,1238.0,1238.0,1238.0,180
2015-02-04 10:28:00,1238.0,1238.0,1238.0,1238.0,0
2015-02-04 10:29:00,1238.0,1238.0,1238.0,1238.0,0
2015-02-04 10:30:00,1238.0,1238.0,1238.0,1238.0,0
2015-02-04 10:31:00,1238.0,1238.0,1238.0,1238.0,0
2015-02-04 10:32:00,1238.0,1238.0,1238.0,1238.0,0
2015-02-04 10:33:00,1238.0,1238.0,1238.0,1238.0,0
2015-02-04 10:34:00,1238.0,1238.0,1238.0,1238.0,0
2015-02-04 10:35:00,1238.0,1238.0,1238.0,1238.0,0
2015-02-04 10:36:00,1238.0,1238.0,1238.0,1238.0,0
2015-02-04 10:37:00,1238.0,1238.0,1238.0,1238.0,0
2015-02-04 10:38:00,1238.0,1238.0,1238.0,1238.0,0
2015-02-04 10:39:00,1238.0,1238.0,1238.0,1238.0,0
2015-02-04 10:40:00,1238.0,1238.0,1238.0,1238.0,0
2015-02-04 10:41:00,1238.0,1238.0,1238.0,1238.0,0
2015-02-04 10:42:00,1238.0,1238.0,1238.0,1238.0,0
2015-02-04 10:43:00,1238.0,1238.0,1238.0,1238.0,0
2015-02-04 10:44:00,1238.0,1238.0,1238.0,1238.0,0
2015-02-04 10:45:00,1238.0,1238.0,1238.0,1238.0,0
2015-02-04 10:46:00,1238.0,1238.0,1236.5,1236.5,3
2015-02-04 10:47:00,1236.5,1236.5,1236.5,1236.5,0
2015-02-04 10:48:00,1236.5,1236.5,1236.5,1236.5,0
2015-02-04 10:49:00,1236.5,1240.0,1236.5,1240.0,100
2015-02-04 10:50:00,1240.0,1240.0,1240.0,1240.0,0
2015-02-04 10:51:00,1240.0,1240.0,1240.0,1240.0,0
2015-02-04 10:52:00,1238.25,1238.25,1238.25,1238.25,1
2015-02-04 10:53:00,1238.25,1238.25,1238.25,1238.25,0
2015-02-04 10:54:00,1238.25,1238.25,1238.25,1238.25,0
2015-02-04 10:55:00,1238.25,1238.25,1238.25,1238.25,0
2015-02-04 10:56:00,1238.9,1240.0,1238.9,1240.0,100
2015-02-04 10:57:00,1240.0,1240.0,1240.0,1240.0,0
2015-02-04 10:58:00,1240.0,1240.0,1240.0,1240.0,0
2015-02-04 10:59:00,1240.0,1240.0,1240.0,1240.0,0
2015-02-04 11:00:00,1240.0,1240.0,1240.0,1240.0,0
2015-02-04 11:01:00,1240.0,1240.0,1240.0,1240.0,0
2015-02-04 11:02:00,1240.0,1240.0,1240.0,1240.0,0
2015-02-04 11:03:00,1240.0,1240.0,1240.0,1240.0,0
2015-02-04 11:04:00,1240.0,1240.0,1240.0,1240.0,0
2015-02-04 11:05:00,1240.0,1240.0,1240.0,1240.0,0
2015-02-04 11:06:00,1240.0,1240.0,1240.0,1240.0,0
2015-02-04 11:07:00,1239.0,1239.0,1239.0,1239.0,19
2015-02-04 11:08:00,1238.25,1238.25,1238.25,1238.25,97
2015-02-04 11:09:00,1238.25,1238.25,1238.25,1238.25,0
2015-02-04 11:10:00,1238.25,1238.25,1237.0,1237.0,75
2015-02-04 11:11:00,1237.0,1237.0,1237.0,1237.0,0
2015-02-04 11:12:00,1237.0,1237.0,1236.5,1236.5,16
2015-02-04 11:13:00,1236.5,1236.5,1236.5,1236.5,0
2015-02-04 11:14:00,1236.5,1236.5,1236.5,1236.5,0
2015-02-04 11:15:00,1236.5,1236.5,1236.0,1236.0,1
2015-02-04 11:16:00,1236.0,1236.0,1236.0,1236.0,0
2015-02-04 11:17:00,1236.0,1236.0,1233.25,1233.25,26
2015-02-04 11:18:00,1234.95,1234.95,1234.95,1234.95,10
2015-02-04 11:19:00,1233.25,1233.25,1233.25,1233.25,30
2015-02-04 11:20:00,1233.25,1233.25,1231.05,1231.05,6
2015-02-04 11:21:00,1231.05,1231.05,1231.05,1231.05,0
2015-02-04 11:22:00,1231.05,1232.4,1231.05,1232.4,1
2015-02-04 11:23:00,1232.4,1232.4,1232.4,1232.4,0
2015-02-04 11:24:00,1232.4,1232.4,1232.4,1232.4,0
2015-02-04 11:25:00,1232.4,1232.4,1232.4,1232.4,0
2015-02-04 11:26:00,1232.4,1232.4,1232.4,1232.4,11
2015-02-04 11:27:00,1232.4,1232.4,1232.4,1232.4,0
2015-02-04 11:28:00,1232.4,1232.4,1232.4,1232.4,0
2015-02-04 11:29:00,1232.5,1232.5,1232.5,1232.5,70
2015-02-04 11:30:00,1232.5,1232.5,1232.5,1232.5,0
2015-02-04 11:31:00,1232.5,1232.5,1232.5,1232.5,0
2015-02-04 11:32:00,1232.5,1232.5,1232.5,1232.5,0
2015-02-04 11:33:00,1232.5,1232.5,1232.5,1232.5,0
2015-02-04 11:34:00,1232.5,1232.5,1232.5,1232.5,0
2015-02-04 11:35:00,1233.55,1233.55,1233.55,1233.55,3
2015-02-04 11:36:00,1233.55,1233.55,1233.55,1233.55,0
2015-02-04 11:37:00,1233.55,1233.55,1233.55,1233.55,0
2015-02-04 11:38:00,1233.55,1235.0,1233.55,1235.0,100
2015-02-04 11:39:00,1235.0,1235.0,1234.0,1234.0,1
2015-02-04 11:40:00,1234.0,1234.4,1234.0,1234.4,1
2015-02-04 11:41:00,1234.4,1238.25,1234.05,1234.05,117
2015-02-04 11:42:00,1235.0,1235.0,1235.0,1235.0,1
2015-02-04 11:43:00,1235.0,1235.0,1234.0,1234.0,122
2015-02-04 11:44:00,1234.0,1234.3,1232.0,1234.3,20
2015-02-04 11:45:00,1234.3,1234.3,1234.3,1234.3,0
2015-02-04 11:46:00,1234.3,1234.3,1234.3,1234.3,0
2015-02-04 11:47:00,1234.3,1234.3,1234.3,1234.3,0
2015-02-04 11:48:00,1234.3,1234.3,1234.3,1234.3,0
2015-02-04 11:49:00,1234.3,1234.3,1234.3,1234.3,0
2015-02-04 11:50:00,1234.3,1234.3,1232.4,1232.4,2
2015-02-04 11:51:00,1232.4,1232.4,1232.4,1232.4,0
2015-02-04 11:52:00,1232.4,1232.4,1232.4,1232.4,0
2015-02-04 11:53:00,1232.4,1232.4,1232.4,1232.4,0
2015-02-04 11:54:00,1232.4,1232.4,1232.4,1232.4,0
2015-02-04 11:55:00,1232.4,1232.4,1232.4,1232.4,0
2015-02-04 11:56:00,1232.4,1232.4,1232.4,1232.4,0
2015-02-04 11:57:00,1232.4,1232.4,1232.4,1232.4,0
2015-02-04 11:58:00,1232.4,1234.25,1232.4,1234.25,6
2015-02-04 11:59:00,1234.25,1234.3,1234.25,1234.3,13
2015-02-04 12:00:00,1234.3,1234.3,1234.3,1234.3,10
2015-02-04 12:01:00,1234.3,1234.3,1234.3,1234.3,10
2015-02-04 12:02:00,1234.3,1234.3,1234.3,1234.3,0
2015-02-04 12:03:00,1234.3,1234.3,1234.3,1234.3,0
2015-02-04 12:04:00,1234.3,1234.3,1234.3,1234.3,0
2015-02-04 12:05:00,1234.3,1234.3,1234.3,1234.3,0
2015-02-04 12:06:00,1234.3,1234.3,1234.3,1234.3,0
2015-02-04 12:07:00,1234.3,1234.3,1234.3,1234.3,0
2015-02-04 12:08:00,1234.3,1234.3,1234.3,1234.3,0
2015-02-04 12:09:00,1232.05,1232.05,1232.05,1232.05,25
2015-02-04 12:10:00,1232.05,1232.05,1232.05,1232.05,0
2015-02-04 12:11:00,1232.05,1232.05,1232.05,1232.05,0
2015-02-04 12:12:00,1232.05,1232.05,1232.05,1232.05,0
2015-02-04 12:13:00,1234.3,1234.3,1234.3,1234.3,0
2015-02-04 12:14:00,1232.05,1232.05,1232.05,1232.05,0
2015-02-04 12:15:00,1234.3,1234.3,1234.3,1234.3,0
2015-02-04 12:16:00,1232.05,1232.05,1232.05,1232.05,0
2015-02-04 12:17:00,1232.05,1232.1,1232.05,1232.1,10
2015-02-04 12:18:00,1232.1,1232.1,1232.05,1232.05,19
2015-02-04 12:19:00,1232.05,1232.05,1232.05,1232.05,0
2015-02-04 12:20:00,1232.05,1232.05,1232.05,1232.05,0
2015-02-04 12:21:00,1232.05,1232.05,1232.05,1232.05,0
2015-02-04 12:22:00,1232.0,1232.0,1232.0,1232.0,100
2015-02-04 12:23:00,1232.0,1232.0,1232.0,1232.0,0
2015-02-04 12:24:00,1232.0,1232.0,1232.0,1232.0,0
2015-02-04 12:25:00,1232.0,1232.0,1232.0,1232.0,0
2015-02-04 12:26:00,1232.05,1232.05,1232.05,1232.05,0
2015-02-04 12:27:00,1232.0,1232.0,1232.0,1232.0,0
2015-02-04 12:28:00,1232.05,1232.05,1232.05,1232.05,0
2015-02-04 12:29:00,1232.0,1232.0,1232.0,1232.0,0
2015-02-04 12:30:00,1233.95,1233.95,1233.95,1233.95,1
2015-02-04 12:31:00,1233.95,1233.95,1233.95,1233.95,0
2015-02-04 12:32:00,1233.95,1233.95,1233.95,1233.95,0
2015-02-04 12:33:00,1233.95,1233.95,1233.95,1233.95,0
2015-02-04 12:34:00,1233.95,1233.95,1232.0,1232.0,23
2015-02-04 12:35:00,1232.0,1232.0,1229.7,1229.7,227
2015-02-04 12:36:00,1229.7,1229.95,1229.0,1229.0,22
2015-02-04 12:37:00,1229.0,1229.15,1229.0,1229.15,4
2015-02-04 12:38:00,1229.15,1229.15,1229.15,1229.15,0
2015-02-04 12:39:00,1229.15,1229.15,1229.15,1229.15,0
2015-02-04 12:40:00,1229.15,1229.15,1229.15,1229.15,0
2015-02-04 12:41:00,1229.15,1229.15,1229.0,1229.0,33
2015-02-04 12:42:00,1229.0,1229.0,1229.0,1229.0,0
2015-02-04 12:43:00,1229.0,1229.0,1229.0,1229.0,0
2015-02-04 12:44:00,1229.0,1229.0,1229.0,1229.0,0
2015-02-04 12:45:00,1229.0,1229.0,1229.0,1229.0,0
2015-02-04 12:46:00,1229.0,1229.0,1229.0,1229.0,0
2015-02-04 12:47:00,1229.0,1229.0,1229.0,1229.0,6
2015-02-04 12:48:00,1229.0,1229.0,1229.0,1229.0,0
2015-02-04 12:49:00,1229.0,1229.0,1229.0,1229.0,0
2015-02-04 12:50:00,1229.0,1229.0,1229.0,1229.0,0
2015-02-04 12:51:00,1229.0,1229.0,1229.0,1229.0,0
2015-02-04 12:52:00,1229.0,1229.0,1229.0,1229.0,0
2015-02-04 12:53:00,1229.0,1229.0,1229.0,1229.0,0
2015-02-04 12:54:00,1229.0,1229.0,1229.0,1229.0,0
2015-02-04 12:55:00,1229.0,1229.0,1229.0,1229.0,7
2015-02-04 12:56:00,1229.0,1229.0,1229.0,1229.0,0
2015-02-04 12:57:00,1229.0,1229.0,1229.0,1229.0,0
2015-02-04 12:58:00,1229.0,1229.0,1229.0,1229.0,0
2015-02-04 12:59:00,1229.0,1229.0,1229.0,1229.0,0
2015-02-04 13:00:00,1229.0,1229.0,1229.0,1229.0,115
2015-02-04 13:01:00,1227.35,1229.0,1227.35,1229.0,30
2015-02-04 13:02:00,1230.0,1230.0,1230.0,1230.0,98
2015-02-04 13:03:00,1230.0,1231.0,1230.0,1231.0,47
2015-02-04 13:04:00,1231.0,1231.0,1231.0,1231.0,0
2015-02-04 13:05:00,1231.0,1231.0,1231.0,1231.0,0
2015-02-04 13:06:00,1231.0,1231.0,1231.0,1231.0,0
2015-02-04 13:07:00,1231.0,1231.0,1229.3,1229.3,120
2015-02-04 13:08:00,1229.3,1229.3,1229.3,1229.3,0
2015-02-04 13:09:00,1231.0,1231.0,1231.0,1231.0,0
2015-02-04 13:10:00,1229.3,1229.3,1229.3,1229.3,0
2015-02-04 13:11:00,1229.3,1229.3,1229.3,1229.3,0
2015-02-04 13:12:00,1229.3,1229.3,1229.3,1229.3,0
2015-02-04 13:13:00,1229.3,1229.3,1229.3,1229.3,0
2015-02-04 13:14:00,1229.3,1229.3,1229.3,1229.3,0
2015-02-04 13:15:00,1229.3,1229.3,1229.3,1229.3,0
2015-02-04 13:16:00,1229.3,1229.3,1229.3,1229.3,0
2015-02-04 13:17:00,1231.0,1231.0,1231.0,1231.0,17
2015-02-04 13:18:00,1231.0,1231.0,1231.0,1231.0,0
2015-02-04 13:19:00,1231.0,1231.0,1231.0,1231.0,0
2015-02-04 13:20:00,1231.0,1231.0,1231.0,1231.0,0
2015-02-04 13:21:00,1231.0,1231.0,1231.0,1231.0,0
2015-02-04 13:22:00,1231.0,1231.0,1231.0,1231.0,5
2015-02-04 13:23:00,1231.0,1231.0,1231.0,1231.0,0
2015-02-04 13:24:00,1231.0,1231.0,1231.0,1231.0,0
2015-02-04 13:25:00,1231.0,1231.0,1231.0,1231.0,0
2015-02-04 13:26:00,1231.0,1231.0,1231.0,1231.0,0
2015-02-04 13:27:00,1234.0,1235.0,1234.0,1235.0,50
2015-02-04 13:28:00,1235.0,1235.0,1235.0,1235.0,0
2015-02-04 13:29:00,1235.0,1235.0,1225.0,1225.3,102
2015-02-04 13:30:00,1225.25,1226.65,1225.25,1226.65,2
2015-02-04 13:31:00,1226.65,1230.1,1226.0,1230.1,14
2015-02-04 13:32:00,1230.1,1235.0,1230.1,1235.0,40
2015-02-04 13:33:00,1235.0,1235.0,1235.0,1235.0,0
2015-02-04 13:34:00,1235.0,1235.0,1225.35,1227.2,4
2015-02-04 13:35:00,1227.2,1229.65,1227.2,1229.65,2
2015-02-04 13:36:00,1229.65,1229.65,1229.65,1229.65,0
2015-02-04 13:37:00,1229.65,1229.65,1229.65,1229.65,0
2015-02-04 13:38:00,1229.65,1232.95,1229.65,1232.95,4
2015-02-04 13:39:00,1232.95,1232.95,1232.95,1232.95,0
2015-02-04 13:40:00,1231.15,1231.15,1231.15,1231.15,1
2015-02-04 13:41:00,1231.15,1231.15,1231.15,1231.15,0
2015-02-04 13:42:00,1231.15,1231.15,1231.15,1231.15,5
2015-02-04 13:43:00,1231.15,1231.15,1231.15,1231.15,0
2015-02-04 13:44:00,1233.0,1233.0,1233.0,1233.0,1
2015-02-04 13:45:00,1233.0,1233.0,1233.0,1233.0,0
2015-02-04 13:46:00,1233.0,1233.0,1233.0,1233.0,0
2015-02-04 13:47:00,1233.0,1233.0,1233.0,1233.0,0
2015-02-04 13:48:00,1233.0,1233.0,1233.0,1233.0,0
2015-02-04 13:49:00,1233.0,1233.0,1233.0,1233.0,0
2015-02-04 13:50:00,1233.0,1233.0,1233.0,1233.0,0
2015-02-04 13:51:00,1231.1,1231.1,1230.0,1230.0,581
2015-02-04 13:52:00,1230.0,1230.0,1229.0,1229.0,1
2015-02-04 13:53:00,1229.0,1229.0,1225.05,1225.9,6
2015-02-04 13:54:00,1225.9,1225.9,1225.9,1225.9,0
2015-02-04 13:55:00,1225.9,1229.3,1225.9,1229.3,1
2015-02-04 13:56:00,1229.3,1229.3,1225.25,1225.25,10
2015-02-04 13:57:00,1225.25,1225.25,1225.25,1225.25,0
2015-02-04 13:58:00,1225.25,1225.25,1225.25,1225.25,0
2015-02-04 13:59:00,1225.25,1225.25,1225.25,1225.25,0
2015-02-04 14:00:00,1225.25,1225.25,1225.25,1225.25,0
2015-02-04 14:01:00,1225.25,1225.25,1225.25,1225.25,0
2015-02-04 14:02:00,1225.25,1225.25,1225.25,1225.25,0
2015-02-04 14:03:00,1225.25,1225.25,1225.25,1225.25,0
2015-02-04 14:04:00,1225.25,1225.25,1225.25,1225.25,0
2015-02-04 14:05:00,1225.25,1225.25,1225.25,1225.25,0
2015-02-04 14:06:00,1225.25,1225.25,1225.25,1225.25,0
2015-02-04 14:07:00,1225.25,1225.25,1225.25,1225.25,0
2015-02-04 14:08:00,1228.45,1228.45,1228.45,1228.45,10
2015-02-04 14:09:00,1229.0,1229.0,1229.0,1229.0,50
2015-02-04 14:10:00,1229.0,1229.0,1229.0,1229.0,0
2015-02-04 14:11:00,1229.0,1229.0,1229.0,1229.0,0
2015-02-04 14:12:00,1229.0,1229.0,1229.0,1229.0,0
2015-02-04 14:13:00,1229.0,1229.0,1229.0,1229.0,0
2015-02-04 14:14:00,1229.0,1229.0,1226.75,1226.75,10
2015-02-04 14:15:00,1226.75,1226.75,1226.75,1226.75,0
2015-02-04 14:16:00,1226.75,1226.75,1226.75,1226.75,0
2015-02-04 14:17:00,1226.75,1226.75,1226.75,1226.75,0
2015-02-04 14:18:00,1226.75,1226.75,1226.75,1226.75,0
2015-02-04 14:19:00,1226.75,1229.8,1226.75,1229.8,50
2015-02-04 14:20:00,1229.8,1229.8,1229.8,1229.8,0
2015-02-04 14:21:00,1229.8,1229.8,1229.8,1229.8,0
2015-02-04 14:22:00,1229.8,1229.8,1229.8,1229.8,0
2015-02-04 14:23:00,1229.8,1229.8,1229.8,1229.8,0
2015-02-04 14:24:00,1229.8,1229.8,1229.8,1229.8,0
2015-02-04 14:25:00,1227.9,1227.9,1227.9,1227.9,7
2015-02-04 14:26:00,1227.9,1227.9,1227.9,1227.9,0
2015-02-04 14:27:00,1227.9,1227.9,1227.9,1227.9,0
2015-02-04 14:28:00,1227.9,1227.9,1227.9,1227.9,0
2015-02-04 14:29:00,1227.9,1227.9,1227.9,1227.9,0
2015-02-04 14:30:00,1227.9,1227.9,1227.9,1227.9,0
2015-02-04 14:31:00,1227.9,1227.9,1227.9,1227.9,0
2015-02-04 14:32:00,1227.9,1227.9,1227.9,1227.9,0
2015-02-04 14:33:00,1227.9,1227.9,1227.9,1227.9,0
2015-02-04 14:34:00,1227.9,1229.0,1227.9,1229.0,65
2015-02-04 14:35:00,1229.0,1229.0,1229.0,1229.0,0
2015-02-04 14:36:00,1225.25,1225.25,1225.25,1225.25,150
2015-02-04 14:37:00,1225.25,1225.6,1225.25,1225.6,8
2015-02-04 14:38:00,1227.95,1227.95,1225.05,1225.05,27
2015-02-04 14:39:00,1225.05,1225.05,1225.05,1225.05,0
2015-02-04 14:40:00,1225.05,1225.05,1225.05,1225.05,0
2015-02-04 14:41:00,1227.95,1227.95,1227.95,1227.95,10
2015-02-04 14:42:00,1227.95,1227.95,1227.95,1227.95,0
2015-02-04 14:43:00,1227.95,1227.95,1227.95,1227.95,9
2015-02-04 14:44:00,1227.95,1227.95,1227.95,1227.95,0
2015-02-04 14:45:00,1227.95,1227.95,1227.95,1227.95,0
2015-02-04 14:46:00,1227.95,1227.95,1227.05,1227.05,10
2015-02-04 14:47:00,1227.05,1227.05,1227.05,1227.05,0
2015-02-04 14:48:00,1227.05,1227.05,1227.05,1227.05,0
2015-02-04 14:49:00,1227.05,1227.05,1227.05,1227.05,0
2015-02-04 14:50:00,1227.0,1227.0,1226.95,1226.95,101
2015-02-04 14:51:00,1226.95,1226.95,1226.95,1226.95,12
2015-02-04 14:52:00,1226.95,1226.95,1226.95,1226.95,0
2015-02-04 14:53:00,1226.95,1226.95,1226.95,1226.95,0
2015-02-04 14:54:00,1226.95,1226.95,1226.95,1226.95,0
2015-02-04 14:55:00,1226.95,1226.95,1226.95,1226.95,0
2015-02-04 14:56:00,1227.45,1228.5,1227.45,1228.5,79
2015-02-04 14:57:00,1228.5,1228.5,1228.5,1228.5,0
2015-02-04 14:58:00,1228.45,1228.45,1228.0,1228.0,528
2015-02-04 14:59:00,1228.0,1228.0,1226.95,1226.95,25
2015-02-04 15:00:00,1226.95,1226.95,1226.95,1226.95,1
2015-02-04 15:01:00,1226.95,1226.95,1225.1,1225.1,64
2015-02-04 15:02:00,1225.1,1226.8,1225.0,1226.8,150
2015-02-04 15:03:00,1226.8,1226.8,1225.0,1225.0,22
2015-02-04 15:04:00,1225.0,1226.1,1225.0,1225.0,12
2015-02-04 15:05:00,1225.0,1225.0,1225.0,1225.0,6
2015-02-04 15:06:00,1225.0,1225.05,1225.0,1225.05,1
2015-02-04 15:07:00,1225.05,1226.5,1225.05,1226.5,100
2015-02-04 15:08:00,1226.5,1226.5,1226.0,1226.0,1
2015-02-04 15:09:00,1226.0,1226.0,1226.0,1226.0,27
2015-02-04 15:10:00,1226.0,1226.0,1226.0,1226.0,1
2015-02-04 15:11:00,1226.0,1227.65,1226.0,1227.65,64
2015-02-04 15:12:00,1227.65,1228.45,1226.35,1226.35,94
2015-02-04 15:13:00,1226.35,1227.55,1226.35,1227.55,1
2015-02-04 15:14:00,1227.55,1230.0,1227.55,1230.0,201
2015-02-04 15:15:00,1230.0,1230.0,1226.0,1226.0,86
2015-02-04 15:16:00,1226.0,1226.0,1225.05,1225.05,57
2015-02-04 15:17:00,1225.05,1226.0,1225.05,1225.05,101
2015-02-04 15:18:00,1225.05,1225.15,1225.05,1225.15,12
2015-02-04 15:19:00,1225.15,1225.15,1225.1,1225.1,1
2015-02-04 15:20:00,1225.1,1225.2,1223.0,1223.0,278
2015-02-04 15:21:00,1223.0,1223.0,1221.8,1221.8,49
2015-02-04 15:22:00,1221.8,1221.85,1221.8,1221.85,39
2015-02-04 15:23:00,1221.85,1222.8,1221.8,1221.8,27
2015-02-04 15:24:00,1221.8,1221.8,1220.9,1220.9,111
2015-02-04 15:25:00,1220.9,1222.15,1220.9,1220.9,13
2015-02-04 15:26:00,1220.9,1222.0,1220.1,1220.1,85
2015-02-04 15:27:00,1220.0,1224.0,1220.0,1220.75,507
2015-02-04 15:28:00,1220.75,1220.75,1220.0,1220.0,11
2015-02-04 15:29:00,1220.05,1223.0,1220.0,1223.0,76
2015-02-05 09:15:00,1223.0,1223.0,1223.0,1223.0,0
2015-02-05 09:16:00,1221.7,1221.7,1221.0,1221.0,119
2015-02-05 09:17:00,1221.0,1223.0,1221.0,1223.0,71
2015-02-05 09:18:00,1223.0,1223.0,1220.5,1220.5,39
2015-02-05 09:19:00,1220.5,1223.9,1220.5,1223.9,2
2015-02-05 09:20:00,1223.9,1223.9,1220.5,1220.7,19
2015-02-05 09:21:00,1220.7,1225.0,1220.7,1225.0,36
2015-02-05 09:22:00,1227.15,1227.15,1227.15,1227.15,14
2015-02-05 09:23:00,1227.15,1228.0,1222.05,1227.0,123
2015-02-05 09:24:00,1227.0,1227.0,1227.0,1227.0,0
2015-02-05 09:25:00,1227.0,1230.0,1227.0,1230.0,47
2015-02-05 09:26:00,1230.0,1233.05,1230.0,1233.05,45
2015-02-05 09:27:00,1233.05,1233.05,1233.05,1233.05,0
2015-02-05 09:28:00,1233.05,1233.05,1233.05,1233.05,0
2015-02-05 09:29:00,1233.05,1233.05,1233.05,1233.05,0
2015-02-05 09:30:00,1233.05,1233.05,1233.05,1233.05,0
2015-02-05 09:31:00,1233.05,1233.75,1233.05,1233.75,36
2015-02-05 09:32:00,1233.75,1233.75,1233.75,1233.75,0
2015-02-05 09:33:00,1233.75,1233.75,1233.75,1233.75,0
2015-02-05 09:34:00,1233.75,1233.75,1220.1,1223.3,172
2015-02-05 09:35:00,1223.3,1223.3,1223.3,1223.3,0
2015-02-05 09:36:00,1223.3,1223.3,1223.3,1223.3,0
2015-02-05 09:37:00,1223.3,1223.6,1223.3,1223.6,6
2015-02-05 09:38:00,1223.6,1223.8,1223.6,1223.8,10
2015-02-05 09:39:00,1223.8,1225.85,1223.8,1225.85,8
2015-02-05 09:40:00,1225.85,1225.85,1225.85,1225.85,0
2015-02-05 09:41:00,1225.85,1225.85,1225.85,1225.85,0
2015-02-05 09:42:00,1225.85,1225.85,1225.85,1225.85,0
2015-02-05 09:43:00,1225.85,1225.85,1225.85,1225.85,0
2015-02-05 09:44:00,1225.85,1225.85,1225.85,1225.85,0
2015-02-05 09:45:00,1225.85,1225.85,1225.85,1225.85,0
2015-02-05 09:46:00,1225.85,1225.85,1225.85,1225.85,0
2015-02-05 09:47:00,1225.85,1225.85,1225.85,1225.85,0
2015-02-05 09:48:00,1225.85,1225.85,1225.85,1225.85,0
2015-02-05 09:49:00,1225.85,1225.85,1225.85,1225.85,0
2015-02-05 09:50:00,1225.85,1225.85,1225.85,1225.85,0
2015-02-05 09:51:00,1225.85,1225.85,1225.85,1225.85,0
2015-02-05 09:52:00,1225.85,1225.85,1225.85,1225.85,0
2015-02-05 09:53:00,1225.85,1225.85,1225.85,1225.85,0
2015-02-05 09:54:00,1225.85,1225.85,1225.85,1225.85,0
2015-02-05 09:55:00,1225.85,1225.85,1225.85,1225.85,0
2015-02-05 09:56:00,1225.85,1226.0,1225.85,1226.0,18
2015-02-05 09:57:00,1226.0,1226.0,1226.0,1226.0,0
2015-02-05 09:58:00,1226.0,1226.0,1226.0,1226.0,0
2015-02-05 09:59:00,1226.0,1226.0,1226.0,1226.0,0
2015-02-05 10:00:00,1226.0,1226.0,1226.0,1226.0,0
2015-02-05 10:01:00,1226.0,1226.0,1226.0,1226.0,20
2015-02-05 10:02:00,1226.0,1226.0,1226.0,1226.0,0
2015-02-05 10:03:00,1226.3,1226.3,1226.3,1226.3,6
2015-02-05 10:04:00,1226.3,1226.3,1226.3,1226.3,0
2015-02-05 10:05:00,1226.3,1226.3,1226.3,1226.3,0
2015-02-05 10:06:00,1226.3,1227.0,1226.3,1227.0,14
2015-02-05 10:07:00,1227.05,1227.05,1227.05,1227.05,6
2015-02-05 10:08:00,1227.9,1227.9,1227.0,1227.0,111
2015-02-05 10:09:00,1227.0,1227.0,1227.0,1227.0,0
2015-02-05 10:10:00,1227.0,1227.0,1227.0,1227.0,0
2015-02-05 10:11:00,1227.0,1227.0,1227.0,1227.0,0
2015-02-05 10:12:00,1227.0,1227.0,1227.0,1227.0,0
2015-02-05 10:13:00,1227.0,1227.0,1227.0,1227.0,0
2015-02-05 10:14:00,1225.85,1225.85,1225.85,1225.85,10
2015-02-05 10:15:00,1225.85,1225.85,1225.85,1225.85,0
2015-02-05 10:16:00,1224.5,1224.5,1224.5,1224.5,60023
2015-02-05 10:17:00,1224.5,1225.0,1224.5,1225.0,20
2015-02-05 10:18:00,1225.0,1225.0,1225.0,1225.0,0
2015-02-05 10:19:00,1227.9,1227.9,1227.9,1227.9,50
2015-02-05 10:20:00,1227.9,1227.9,1227.9,1227.9,0
2015-02-05 10:21:00,1227.9,1227.9,1227.9,1227.9,0
2015-02-05 10:22:00,1227.8,1227.8,1227.8,1227.8,3
2015-02-05 10:23:00,1227.8,1227.8,1227.8,1227.8,0
2015-02-05 10:24:00,1227.8,1227.8,1227.8,1227.8,0
2015-02-05 10:25:00,1223.65,1227.75,1223.65,1225.2,30
2015-02-05 10:26:00,1225.2,1225.2,1225.2,1225.2,0
2015-02-05 10:27:00,1225.2,1225.2,1225.2,1225.2,0
2015-02-05 10:28:00,1225.2,1225.2,1225.2,1225.2,5
2015-02-05 10:29:00,1225.2,1228.0,1225.2,1228.0,100
2015-02-05 10:30:00,1228.0,1228.0,1228.0,1228.0,0
2015-02-05 10:31:00,1228.0,1228.0,1228.0,1228.0,0
2015-02-05 10:32:00,1228.0,1228.0,1228.0,1228.0,0
2015-02-05 10:33:00,1228.0,1228.0,1228.0,1228.0,0
2015-02-05 10:34:00,1228.0,1228.0,1224.05,1224.05,1
2015-02-05 10:35:00,1224.05,1224.05,1224.05,1224.05,0
2015-02-05 10:36:00,1224.05,1224.05,1224.05,1224.05,0
2015-02-05 10:37:00,1224.05,1224.05,1224.05,1224.05,0
2015-02-05 10:38:00,1224.4,1224.4,1224.4,1224.4,5
2015-02-05 10:39:00,1224.4,1224.4,1224.4,1224.4,0
2015-02-05 10:40:00,1224.4,1224.4,1224.4,1224.4,0
2015-02-05 10:41:00,1224.4,1224.4,1224.4,1224.4,0
2015-02-05 10:42:00,1226.5,1226.5,1226.5,1226.5,10
2015-02-05 10:43:00,1226.5,1227.15,1226.5,1227.15,5
2015-02-05 10:44:00,1227.15,1227.15,1227.15,1227.15,0
2015-02-05 10:45:00,1224.4,1227.05,1224.4,1224.4,30
2015-02-05 10:46:00,1224.4,1224.4,1224.4,1224.4,0
2015-02-05 10:47:00,1224.4,1224.4,1224.4,1224.4,0
2015-02-05 10:48:00,1224.4,1227.95,1224.4,1227.95,50
2015-02-05 10:49:00,1227.95,1227.95,1227.95,1227.95,0
2015-02-05 10:50:00,1227.95,1227.95,1227.95,1227.95,0
2015-02-05 10:51:00,1224.35,1224.35,1224.05,1224.05,23
2015-02-05 10:52:00,1224.05,1224.05,1224.05,1224.05,0
2015-02-05 10:53:00,1224.05,1224.05,1224.05,1224.05,0
2015-02-05 10:54:00,1224.0,1224.0,1224.0,1224.0,12
2015-02-05 10:55:00,1224.0,1228.0,1224.0,1228.0,234
2015-02-05 10:56:00,1228.0,1228.25,1228.0,1228.25,2
2015-02-05 10:57:00,1228.25,1230.9,1228.25,1229.2,18
2015-02-05 10:58:00,1229.2,1238.25,1229.2,1238.25,546
2015-02-05 10:59:00,1239.0,1239.65,1235.0,1239.5,261
2015-02-05 11:00:00,1239.5,1243.95,1237.1,1242.0,789
2015-02-05 11:01:00,1242.0,1252.7,1242.0,1252.1,1941
2015-02-05 11:02:00,1254.0,1259.7,1249.7,1254.7,1337
2015-02-05 11:03:00,1254.7,1254.7,1252.0,1254.7,172
2015-02-05 11:04:00,1254.7,1255.0,1251.0,1251.0,223
2015-02-05 11:05:00,1250.05,1251.45,1248.1,1250.0,208
2015-02-05 11:06:00,1250.0,1250.0,1248.1,1249.0,391
2015-02-05 11:07:00,1249.0,1249.0,1248.05,1248.05,5
2015-02-05 11:08:00,1248.05,1248.05,1245.0,1245.0,766
2015-02-05 11:09:00,1245.0,1248.05,1245.0,1248.05,26
2015-02-05 11:10:00,1248.05,1255.0,1247.2,1254.0,531
2015-02-05 11:11:00,1254.0,1254.0,1249.0,1249.0,168
2015-02-05 11:12:00,1249.0,1249.0,1245.0,1248.25,27
2015-02-05 11:13:00,1248.25,1248.5,1245.0,1248.5,27
2015-02-05 11:14:00,1248.5,1248.5,1245.1,1245.1,3
2015-02-05 11:15:00,1245.1,1247.95,1245.1,1246.15,29
2015-02-05 11:16:00,1246.15,1249.0,1246.15,1247.1,130
2015-02-05 11:17:00,1247.1,1251.15,1247.1,1251.15,76
2015-02-05 11:18:00,1249.05,1251.85,1249.05,1251.85,52
2015-02-05 11:19:00,1251.85,1255.0,1249.05,1255.0,1289
2015-02-05 11:20:00,1255.0,1255.0,1255.0,1255.0,226
2015-02-05 11:21:00,1255.0,1255.0,1251.45,1252.0,83
2015-02-05 11:22:00,1252.0,1253.85,1250.0,1250.0,131
2015-02-05 11:23:00,1250.0,1250.0,1250.0,1250.0,0
2015-02-05 11:24:00,1250.0,1252.25,1250.0,1252.05,123
2015-02-05 11:25:00,1252.05,1252.05,1249.0,1249.0,52
2015-02-05 11:26:00,1249.0,1249.0,1249.0,1249.0,0
2015-02-05 11:27:00,1249.0,1249.0,1249.0,1249.0,0
2015-02-05 11:28:00,1249.0,1249.0,1249.0,1249.0,0
2015-02-05 11:29:00,1249.0,1249.0,1244.0,1244.0,109
2015-02-05 11:30:00,1244.0,1244.0,1244.0,1244.0,0
2015-02-05 11:31:00,1244.0,1244.0,1244.0,1244.0,0
2015-02-05 11:32:00,1244.0,1251.25,1244.0,1251.05,270
2015-02-05 11:33:00,1251.05,1252.0,1249.65,1249.65,2122
2015-02-05 11:34:00,1255.0,1255.0,1255.0,1255.0,1749
2015-02-05 11:35:00,1255.0,1255.0,1249.85,1249.85,297
2015-02-05 11:36:00,1249.85,1249.85,1249.85,1249.85,0
2015-02-05 11:37:00,1249.9,1250.0,1249.9,1250.0,60
2015-02-05 11:38:00,1250.0,1250.0,1250.0,1250.0,0
2015-02-05 11:39:00,1250.0,1250.0,1248.05,1248.05,84
2015-02-05 11:40:00,1248.05,1248.05,1235.7,1235.7,332
2015-02-05 11:41:00,1235.7,1238.0,1235.7,1238.0,74
2015-02-05 11:42:00,1238.0,1241.6,1238.0,1241.6,56
2015-02-05 11:43:00,1246.0,1246.0,1246.0,1246.0,42
2015-02-05 11:44:00,1246.0,1246.0,1241.75,1241.75,21
2015-02-05 11:45:00,1241.75,1242.35,1239.6,1239.6,103
2015-02-05 11:46:00,1239.6,1239.6,1239.6,1239.6,0
2015-02-05 11:47:00,1239.6,1241.6,1239.1,1239.1,13
2015-02-05 11:48:00,1239.1,1239.1,1238.95,1238.95,20
2015-02-05 11:49:00,1238.95,1238.95,1238.95,1238.95,0
2015-02-05 11:50:00,1238.95,1240.7,1238.95,1240.7,25
2015-02-05 11:51:00,1240.7,1240.9,1234.05,1234.05,117
2015-02-05 11:52:00,1234.05,1235.0,1234.05,1235.0,64
2015-02-05 11:53:00,1235.0,1239.5,1235.0,1239.5,11
2015-02-05 11:54:00,1239.5,1239.5,1239.5,1239.5,0
2015-02-05 11:55:00,1239.5,1239.5,1239.5,1239.5,0
2015-02-05 11:56:00,1239.5,1239.5,1239.5,1239.5,0
2015-02-05 11:57:00,1236.05,1236.05,1236.05,1236.05,20
2015-02-05 11:58:00,1236.05,1236.05,1236.05,1236.05,0
2015-02-05 11:59:00,1236.05,1236.05,1236.05,1236.05,3
2015-02-05 12:00:00,1236.05,1237.35,1236.05,1237.35,24
2015-02-05 12:01:00,1239.1,1239.5,1237.2,1237.2,81
2015-02-05 12:02:00,1237.2,1239.95,1237.2,1239.35,69
2015-02-05 12:03:00,1240.0,1240.0,1237.2,1237.2,12
2015-02-05 12:04:00,1237.2,1237.2,1237.2,1237.2,3
2015-02-05 12:05:00,1237.2,1237.2,1237.2,1237.2,2
2015-02-05 12:06:00,1237.2,1237.2,1237.2,1237.2,0
2015-02-05 12:07:00,1237.2,1237.2,1237.2,1237.2,0
2015-02-05 12:08:00,1237.2,1237.2,1237.2,1237.2,0
2015-02-05 12:09:00,1238.5,1238.5,1238.5,1238.5,18
2015-02-05 12:10:00,1238.5,1238.5,1238.5,1238.5,0
2015-02-05 12:11:00,1238.5,1238.5,1238.5,1238.5,0
2015-02-05 12:12:00,1239.95,1239.95,1239.95,1239.95,33
2015-02-05 12:13:00,1239.95,1240.0,1239.95,1240.0,4
2015-02-05 12:14:00,1240.0,1240.0,1240.0,1240.0,10
2015-02-05 12:15:00,1240.0,1240.0,1240.0,1240.0,0
2015-02-05 12:16:00,1240.0,1240.0,1239.95,1239.95,10
2015-02-05 12:17:00,1239.95,1239.95,1239.95,1239.95,0
2015-02-05 12:18:00,1239.95,1240.0,1237.6,1237.6,45
2015-02-05 12:19:00,1237.6,1237.6,1236.0,1236.0,18
2015-02-05 12:20:00,1236.0,1236.0,1236.0,1236.0,0
2015-02-05 12:21:00,1236.0,1236.0,1236.0,1236.0,0
2015-02-05 12:22:00,1236.0,1236.0,1236.0,1236.0,0
2015-02-05 12:23:00,1237.55,1237.55,1237.55,1237.55,23
2015-02-05 12:24:00,1237.55,1237.55,1237.55,1237.55,0
2015-02-05 12:25:00,1237.6,1237.6,1237.6,1237.6,0
2015-02-05 12:26:00,1237.55,1237.55,1237.55,1237.55,0
2015-02-05 12:27:00,1237.55,1237.55,1237.55,1237.55,0
2015-02-05 12:28:00,1237.55,1237.55,1237.55,1237.55,0
2015-02-05 12:29:00,1237.55,1237.55,1237.55,1237.55,1
2015-02-05 12:30:00,1236.05,1240.0,1236.05,1240.0,70
2015-02-05 12:31:00,1240.0,1240.0,1240.0,1240.0,0
2015-02-05 12:32:00,1240.0,1240.0,1240.0,1240.0,0
2015-02-05 12:33:00,1240.0,1240.0,1240.0,1240.0,0
2015-02-05 12:34:00,1240.0,1240.0,1240.0,1240.0,0
2015-02-05 12:35:00,1240.0,1240.0,1240.0,1240.0,0
2015-02-05 12:36:00,1240.0,1240.0,1240.0,1240.0,0
2015-02-05 12:37:00,1239.6,1241.3,1238.1,1241.3,27
2015-02-05 12:38:00,1241.3,1241.3,1241.3,1241.3,0
2015-02-05 12:39:00,1241.55,1241.55,1241.55,1241.55,1
2015-02-05 12:40:00,1241.55,1241.55,1241.55,1241.55,0
2015-02-05 12:41:00,1241.55,1241.55,1241.55,1241.55,0
2015-02-05 12:42:00,1241.55,1241.55,1241.55,1241.55,0
2015-02-05 12:43:00,1241.55,1241.55,1241.55,1241.55,0
2015-02-05 12:44:00,1241.55,1241.55,1241.55,1241.55,0
2015-02-05 12:45:00,1241.55,1241.55,1241.55,1241.55,0
2015-02-05 12:46:00,1241.55,1241.55,1240.3,1240.3,30
2015-02-05 12:47:00,1240.3,1240.3,1240.3,1240.3,0
2015-02-05 12:48:00,1240.3,1240.3,1240.3,1240.3,0
2015-02-05 12:49:00,1240.3,1240.3,1238.1,1238.1,42
2015-02-05 12:50:00,1238.1,1238.25,1238.1,1238.25,33
2015-02-05 12:51:00,1238.25,1240.05,1238.25,1240.05,31
2015-02-05 12:52:00,1240.05,1240.05,1240.05,1240.05,0
2015-02-05 12:53:00,1240.05,1240.05,1240.05,1240.05,0
2015-02-05 12:54:00,1240.05,1240.05,1240.05,1240.05,0
2015-02-05 12:55:00,1240.0,1240.0,1240.0,1240.0,206
2015-02-05 12:56:00,1240.0,1240.0,1240.0,1240.0,0
2015-02-05 12:57:00,1240.05,1240.05,1240.05,1240.05,0
2015-02-05 12:58:00,1240.0,1240.0,1240.0,1240.0,0
2015-02-05 12:59:00,1240.0,1240.0,1240.0,1240.0,0
2015-02-05 13:00:00,1240.0,1240.0,1240.0,1240.0,0
2015-02-05 13:01:00,1236.3,1236.3,1236.3,1236.3,2
2015-02-05 13:02:00,1236.3,1236.3,1236.3,1236.3,0
2015-02-05 13:03:00,1236.3,1236.3,1236.3,1236.3,0
2015-02-05 13:04:00,1236.3,1236.3,1236.3,1236.3,0
2015-02-05 13:05:00,1236.3,1237.55,1236.3,1237.55,10
2015-02-05 13:06:00,1237.55,1239.95,1237.55,1239.95,20
2015-02-05 13:07:00,1239.95,1239.95,1239.95,1239.95,0
2015-02-05 13:08:00,1239.95,1239.95,1238.4,1238.4,3
2015-02-05 13:09:00,1238.4,1238.4,1238.4,1238.4,0
2015-02-05 13:10:00,1238.4,1238.4,1238.4,1238.4,0
2015-02-05 13:11:00,1238.4,1238.4,1238.4,1238.4,0
2015-02-05 13:12:00,1238.4,1238.4,1238.4,1238.4,0
2015-02-05 13:13:00,1238.4,1238.4,1238.4,1238.4,0
2015-02-05 13:14:00,1238.4,1238.4,1238.4,1238.4,0
2015-02-05 13:15:00,1238.4,1240.95,1238.4,1239.5,23
2015-02-05 13:16:00,1239.5,1239.5,1239.5,1239.5,0
2015-02-05 13:17:00,1239.5,1239.5,1239.5,1239.5,0
2015-02-05 13:18:00,1241.4,1241.4,1240.0,1240.0,48
2015-02-05 13:19:00,1240.0,1240.0,1240.0,1240.0,0
2015-02-05 13:20:00,1240.0,1240.0,1238.0,1238.0,2
2015-02-05 13:21:00,1238.0,1238.0,1235.0,1235.0,49
2015-02-05 13:22:00,1235.0,1235.0,1235.0,1235.0,0
2015-02-05 13:23:00,1235.0,1235.0,1235.0,1235.0,0
2015-02-05 13:24:00,1235.0,1235.0,1234.5,1234.5,20
2015-02-05 13:25:00,1234.5,1234.5,1234.5,1234.5,0
2015-02-05 13:26:00,1234.5,1234.5,1234.5,1234.5,0
2015-02-05 13:27:00,1234.5,1234.5,1234.5,1234.5,16
2015-02-05 13:28:00,1234.5,1234.5,1234.0,1234.0,63
2015-02-05 13:29:00,1234.0,1234.0,1234.0,1234.0,0
2015-02-05 13:30:00,1234.0,1234.0,1234.0,1234.0,0
2015-02-05 13:31:00,1234.0,1234.0,1234.0,1234.0,0
2015-02-05 13:32:00,1234.0,1234.0,1234.0,1234.0,0
2015-02-05 13:33:00,1234.0,1234.0,1234.0,1234.0,0
2015-02-05 13:34:00,1234.0,1234.0,1234.0,1234.0,0
2015-02-05 13:35:00,1234.0,1234.0,1234.0,1234.0,0
2015-02-05 13:36:00,1234.0,1234.0,1234.0,1234.0,0
2015-02-05 13:37:00,1234.0,1234.0,1234.0,1234.0,0
2015-02-05 13:38:00,1234.0,1234.0,1234.0,1234.0,0
2015-02-05 13:39:00,1234.0,1234.0,1234.0,1234.0,0
2015-02-05 13:40:00,1234.0,1234.0,1234.0,1234.0,0
2015-02-05 13:41:00,1234.0,1234.0,1234.0,1234.0,0
2015-02-05 13:42:00,1234.0,1234.0,1234.0,1234.0,0
2015-02-05 13:43:00,1234.0,1234.0,1234.0,1234.0,0
2015-02-05 13:44:00,1234.0,1234.0,1234.0,1234.0,0
2015-02-05 13:45:00,1234.0,1234.0,1234.0,1234.0,0
2015-02-05 13:46:00,1235.0,1235.0,1235.0,1235.0,22
2015-02-05 13:47:00,1235.0,1235.0,1235.0,1235.0,0
2015-02-05 13:48:00,1235.0,1235.0,1235.0,1235.0,0
2015-02-05 13:49:00,1235.0,1235.0,1235.0,1235.0,0
2015-02-05 13:50:00,1235.0,1235.0,1235.0,1235.0,0
2015-02-05 13:51:00,1235.0,1235.0,1234.0,1234.0,48
2015-02-05 13:52:00,1234.0,1234.0,1234.0,1234.0,0
2015-02-05 13:53:00,1234.0,1234.0,1234.0,1234.0,0
2015-02-05 13:54:00,1234.0,1234.0,1234.0,1234.0,0
2015-02-05 13:55:00,1230.4,1232.45,1230.4,1232.45,73
2015-02-05 13:56:00,1232.45,1232.45,1232.45,1232.45,0
2015-02-05 13:57:00,1232.45,1233.55,1232.45,1233.55,10
2015-02-05 13:58:00,1233.55,1233.55,1231.05,1231.05,2
2015-02-05 13:59:00,1231.05,1231.05,1231.05,1231.05,0
2015-02-05 14:00:00,1231.05,1231.05,1231.05,1231.05,0
2015-02-05 14:01:00,1231.05,1231.05,1231.05,1231.05,0
2015-02-05 14:02:00,1233.0,1235.0,1233.0,1235.0,124
2015-02-05 14:03:00,1235.0,1235.0,1235.0,1235.0,50
2015-02-05 14:04:00,1235.0,1235.0,1231.75,1231.75,30
2015-02-05 14:05:00,1231.75,1233.7,1231.0,1231.0,11
2015-02-05 14:06:00,1231.0,1231.5,1231.0,1231.5,3
2015-02-05 14:07:00,1231.5,1231.5,1231.5,1231.5,0
2015-02-05 14:08:00,1231.5,1231.5,1231.5,1231.5,0
2015-02-05 14:09:00,1231.5,1231.5,1231.5,1231.5,0
2015-02-05 14:10:00,1231.5,1231.5,1231.5,1231.5,0
2015-02-05 14:11:00,1231.5,1231.5,1231.5,1231.5,0
2015-02-05 14:12:00,1231.5,1232.05,1231.5,1232.05,10
2015-02-05 14:13:00,1232.05,1232.05,1232.05,1232.05,0
2015-02-05 14:14:00,1232.05,1232.05,1232.05,1232.05,0
2015-02-05 14:15:00,1232.05,1232.05,1232.05,1232.05,0
2015-02-05 14:16:00,1232.05,1232.05,1232.05,1232.05,0
2015-02-05 14:17:00,1232.05,1232.8,1232.05,1232.8,11
2015-02-05 14:18:00,1232.8,1232.8,1232.8,1232.8,0
2015-02-05 14:19:00,1232.8,1232.8,1232.8,1232.8,0
2015-02-05 14:20:00,1233.9,1233.9,1233.9,1233.9,11
2015-02-05 14:21:00,1233.9,1233.9,1233.9,1233.9,0
2015-02-05 14:22:00,1233.9,1233.9,1233.9,1233.9,0
2015-02-05 14:23:00,1232.0,1232.0,1232.0,1232.0,100
2015-02-05 14:24:00,1232.0,1233.9,1232.0,1233.9,20
2015-02-05 14:25:00,1233.9,1233.9,1233.9,1233.9,0
2015-02-05 14:26:00,1233.9,1233.9,1233.9,1233.9,0
2015-02-05 14:27:00,1233.9,1233.9,1233.9,1233.9,0
2015-02-05 14:28:00,1233.9,1233.9,1233.9,1233.9,0
2015-02-05 14:29:00,1233.0,1233.0,1233.0,1233.0,103
2015-02-05 14:30:00,1233.0,1233.0,1233.0,1233.0,0
2015-02-05 14:31:00,1233.0,1233.0,1233.0,1233.0,0
2015-02-05 14:32:00,1233.0,1233.0,1233.0,1233.0,0
2015-02-05 14:33:00,1233.0,1233.0,1233.0,1233.0,0
2015-02-05 14:34:00,1235.0,1235.0,1235.0,1235.0,18
2015-02-05 14:35:00,1235.0,1235.0,1235.0,1235.0,3
2015-02-05 14:36:00,1235.0,1235.0,1235.0,1235.0,0
2015-02-05 14:37:00,1235.0,1235.0,1235.0,1235.0,0
2015-02-05 14:38:00,1235.0,1235.0,1235.0,1235.0,0
2015-02-05 14:39:00,1235.0,1237.25,1235.0,1237.0,112
2015-02-05 14:40:00,1238.9,1238.9,1237.0,1237.0,12
2015-02-05 14:41:00,1237.0,1237.0,1237.0,1237.0,10
2015-02-05 14:42:00,1237.0,1237.0,1237.0,1237.0,12
2015-02-05 14:43:00,1237.0,1237.0,1237.0,1237.0,5
2015-02-05 14:44:00,1237.0,1238.5,1237.0,1238.5,46
2015-02-05 14:45:00,1238.5,1238.5,1238.5,1238.5,0
2015-02-05 14:46:00,1238.5,1238.5,1238.5,1238.5,0
2015-02-05 14:47:00,1238.5,1238.5,1238.5,1238.5,0
2015-02-05 14:48:00,1238.5,1238.5,1238.5,1238.5,0
2015-02-05 14:49:00,1238.5,1238.5,1237.0,1237.0,161
2015-02-05 14:50:00,1237.0,1237.0,1237.0,1237.0,0
2015-02-05 14:51:00,1237.0,1237.0,1237.0,1237.0,0
2015-02-05 14:52:00,1237.0,1237.0,1237.0,1237.0,0
2015-02-05 14:53:00,1237.0,1237.0,1237.0,1237.0,0
2015-02-05 14:54:00,1233.7,1233.7,1232.0,1232.0,118
2015-02-05 14:55:00,1232.0,1232.0,1232.0,1232.0,33
2015-02-05 14:56:00,1232.0,1232.0,1232.0,1232.0,25
2015-02-05 14:57:00,1232.0,1234.3,1232.0,1234.3,9
2015-02-05 14:58:00,1234.3,1234.3,1234.3,1234.3,0
2015-02-05 14:59:00,1234.3,1234.3,1234.25,1234.25,7
2015-02-05 15:00:00,1234.25,1234.25,1234.25,1234.25,3
2015-02-05 15:01:00,1234.25,1234.25,1234.25,1234.25,5
2015-02-05 15:02:00,1234.25,1234.25,1232.0,1232.0,15
2015-02-05 15:03:00,1232.0,1232.0,1232.0,1232.0,0
2015-02-05 15:04:00,1232.0,1232.0,1230.4,1230.4,49
2015-02-05 15:05:00,1230.4,1230.4,1230.0,1230.0,75
2015-02-05 15:06:00,1224.0,1224.0,1222.0,1222.0,227
2015-02-05 15:07:00,1222.0,1222.0,1222.0,1222.0,0
2015-02-05 15:08:00,1222.0,1222.0,1218.0,1218.0,325
2015-02-05 15:09:00,1215.0,1224.6,1215.0,1221.95,135
2015-02-05 15:10:00,1221.95,1221.95,1211.5,1215.3,63
2015-02-05 15:11:00,1215.3,1219.8,1212.95,1212.95,485
2015-02-05 15:12:00,1212.95,1213.05,1212.95,1213.05,150
2015-02-05 15:13:00,1213.05,1213.05,1207.3,1209.0,434
2015-02-05 15:14:00,1209.0,1209.1,1209.0,1209.1,2
2015-02-05 15:15:00,1209.1,1211.0,1206.0,1206.0,197
2015-02-05 15:16:00,1206.0,1209.95,1204.95,1205.0,585
2015-02-05 15:17:00,1205.0,1214.2,1205.0,1206.2,83
2015-02-05 15:18:00,1206.2,1206.2,1206.05,1206.05,5
2015-02-05 15:19:00,1206.05,1212.0,1206.05,1211.7,71
2015-02-05 15:20:00,1211.7,1211.85,1210.5,1210.5,18
2015-02-05 15:21:00,1211.85,1211.85,1206.0,1206.0,223
2015-02-05 15:22:00,1206.0,1209.0,1206.0,1208.95,57
2015-02-05 15:23:00,1208.95,1208.95,1206.0,1206.0,117
2015-02-05 15:24:00,1206.0,1208.0,1205.0,1208.0,150
2015-02-05 15:25:00,1208.0,1208.8,1208.0,1208.8,42
2015-02-05 15:26:00,1208.8,1208.8,1205.0,1205.0,139
2015-02-05 15:27:00,1205.0,1207.5,1205.0,1207.5,162
2015-02-05 15:28:00,1207.55,1207.55,1207.5,1207.5,17
2015-02-05 15:29:00,1207.5,1207.5,1205.0,1206.9,250
2015-02-06 09:15:00,1216.0,1216.0,1216.0,1216.0,0
2015-02-06 09:16:00,1216.0,1216.0,1214.95,1214.95,1
2015-02-06 09:17:00,1214.95,1215.0,1210.3,1210.3,22
2015-02-06 09:18:00,1210.3,1210.3,1208.0,1208.0,37
2015-02-06 09:19:00,1208.0,1209.0,1208.0,1209.0,1
2015-02-06 09:20:00,1209.0,1215.5,1208.05,1210.15,35
2015-02-06 09:21:00,1210.15,1211.6,1210.15,1211.6,2
2015-02-06 09:22:00,1211.6,1211.6,1211.6,1211.6,0
2015-02-06 09:23:00,1211.6,1211.6,1210.0,1210.0,10
2015-02-06 09:24:00,1210.0,1210.0,1210.0,1210.0,0
2015-02-06 09:25:00,1210.0,1210.0,1210.0,1210.0,0
2015-02-06 09:26:00,1210.0,1210.0,1210.0,1210.0,0
2015-02-06 09:27:00,1210.0,1215.0,1210.0,1215.0,129
2015-02-06 09:28:00,1216.0,1218.0,1216.0,1217.45,43
2015-02-06 09:29:00,1217.45,1219.0,1217.45,1219.0,61
2015-02-06 09:30:00,1219.0,1222.65,1219.0,1222.6,225
2015-02-06 09:31:00,1222.6,1223.0,1221.6,1222.5,124
2015-02-06 09:32:00,1222.5,1223.0,1219.95,1223.0,22
2015-02-06 09:33:00,1223.0,1223.05,1223.0,1223.05,10
2015-02-06 09:34:00,1223.05,1223.05,1221.0,1221.0,29
2015-02-06 09:35:00,1221.0,1221.0,1221.0,1221.0,0
2015-02-06 09:36:00,1221.0,1221.0,1216.8,1216.8,10
2015-02-06 09:37:00,1216.8,1216.8,1216.8,1216.8,0
2015-02-06 09:38:00,1216.8,1216.8,1216.8,1216.8,1
2015-02-06 09:39:00,1216.15,1218.0,1216.15,1218.0,27
2015-02-06 09:40:00,1218.0,1218.0,1214.0,1214.0,65
2015-02-06 09:41:00,1214.0,1214.0,1214.0,1214.0,0
2015-02-06 09:42:00,1214.0,1215.5,1214.0,1214.0,110
2015-02-06 09:43:00,1214.0,1218.0,1214.0,1218.0,12
2015-02-06 09:44:00,1218.0,1218.0,1218.0,1218.0,0
2015-02-06 09:45:00,1218.0,1218.0,1218.0,1218.0,0
2015-02-06 09:46:00,1218.0,1218.0,1218.0,1218.0,98
2015-02-06 09:47:00,1218.0,1218.0,1218.0,1218.0,0
2015-02-06 09:48:00,1218.0,1219.9,1218.0,1219.9,1
2015-02-06 09:49:00,1219.9,1219.9,1219.0,1219.0,12
2015-02-06 09:50:00,1219.0,1219.0,1219.0,1219.0,0
2015-02-06 09:51:00,1219.0,1219.0,1219.0,1219.0,50
2015-02-06 09:52:00,1219.0,1219.0,1219.0,1219.0,0
2015-02-06 09:53:00,1219.0,1219.0,1218.1,1218.1,42
2015-02-06 09:54:00,1218.1,1218.1,1217.1,1217.1,25
2015-02-06 09:55:00,1220.0,1220.0,1220.0,1220.0,155
2015-02-06 09:56:00,1220.0,1220.75,1214.0,1214.0,313
2015-02-06 09:57:00,1214.0,1214.0,1214.0,1214.0,0
2015-02-06 09:58:00,1214.0,1214.0,1214.0,1214.0,0
2015-02-06 09:59:00,1214.0,1216.75,1214.0,1216.75,23
2015-02-06 10:00:00,1216.75,1216.75,1216.75,1216.75,0
2015-02-06 10:01:00,1216.75,1216.75,1216.75,1216.75,0
2015-02-06 10:02:00,1216.75,1216.75,1216.75,1216.75,0
2015-02-06 10:03:00,1216.75,1216.75,1216.75,1216.75,25
2015-02-06 10:04:00,1216.75,1216.75,1216.75,1216.75,0
2015-02-06 10:05:00,1216.75,1216.75,1216.75,1216.75,0
2015-02-06 10:06:00,1217.5,1217.5,1217.5,1217.5,5
2015-02-06 10:07:00,1217.5,1217.5,1217.0,1217.0,10
2015-02-06 10:08:00,1217.0,1218.9,1217.0,1218.5,126
2015-02-06 10:09:00,1218.5,1218.5,1218.5,1218.5,0
2015-02-06 10:10:00,1218.5,1218.5,1218.5,1218.5,0
2015-02-06 10:11:00,1218.5,1218.5,1218.5,1218.5,0
2015-02-06 10:12:00,1215.0,1215.0,1215.0,1215.0,4
2015-02-06 10:13:00,1215.0,1215.0,1215.0,1215.0,0
2015-02-06 10:14:00,1215.0,1215.0,1215.0,1215.0,30
2015-02-06 10:15:00,1215.0,1215.0,1215.0,1215.0,0
2015-02-06 10:16:00,1215.0,1215.0,1214.95,1214.95,10
2015-02-06 10:17:00,1214.95,1214.95,1214.95,1214.95,0
2015-02-06 10:18:00,1212.2,1212.2,1212.2,1212.2,10
2015-02-06 10:19:00,1212.2,1212.2,1212.2,1212.2,1
2015-02-06 10:20:00,1214.0,1214.0,1214.0,1214.0,20
2015-02-06 10:21:00,1214.0,1214.0,1214.0,1214.0,0
2015-02-06 10:22:00,1214.0,1214.0,1214.0,1214.0,0
2015-02-06 10:23:00,1214.0,1214.0,1214.0,1214.0,0
2015-02-06 10:24:00,1214.0,1214.0,1214.0,1214.0,17
2015-02-06 10:25:00,1214.0,1214.95,1214.0,1214.0,13
2015-02-06 10:26:00,1214.0,1214.95,1214.0,1214.05,9
2015-02-06 10:27:00,1214.05,1214.05,1214.05,1214.05,0
2015-02-06 10:28:00,1214.0,1214.0,1214.0,1214.0,60
2015-02-06 10:29:00,1214.0,1214.05,1214.0,1214.05,5
2015-02-06 10:30:00,1214.05,1214.05,1214.05,1214.05,0
2015-02-06 10:31:00,1214.05,1214.05,1214.05,1214.05,0
2015-02-06 10:32:00,1214.05,1214.05,1214.0,1214.0,22
2015-02-06 10:33:00,1214.8,1214.8,1214.0,1214.0,6
2015-02-06 10:34:00,1214.0,1214.0,1210.75,1210.75,5
2015-02-06 10:35:00,1210.75,1210.75,1210.75,1210.75,0
2015-02-06 10:36:00,1210.75,1210.75,1210.75,1210.75,0
2015-02-06 10:37:00,1210.75,1210.75,1210.0,1210.0,8
2015-02-06 10:38:00,1210.0,1213.8,1210.0,1210.05,55
2015-02-06 10:39:00,1210.05,1210.05,1210.0,1210.0,10
2015-02-06 10:40:00,1210.0,1210.0,1210.0,1210.0,0
2015-02-06 10:41:00,1210.0,1210.95,1210.0,1210.95,15
2015-02-06 10:42:00,1211.45,1211.5,1211.45,1211.5,50
2015-02-06 10:43:00,1211.5,1211.5,1210.35,1210.35,11
2015-02-06 10:44:00,1210.35,1210.35,1210.35,1210.35,0
2015-02-06 10:45:00,1210.35,1212.3,1210.35,1212.3,26
2015-02-06 10:46:00,1212.3,1212.3,1212.3,1212.3,0
2015-02-06 10:47:00,1212.05,1212.05,1212.05,1212.05,4
2015-02-06 10:48:00,1212.05,1212.05,1212.05,1212.05,0
2015-02-06 10:49:00,1212.05,1212.05,1212.05,1212.05,0
2015-02-06 10:50:00,1212.05,1212.05,1212.05,1212.05,0
2015-02-06 10:51:00,1212.05,1212.05,1212.0,1212.0,2
2015-02-06 10:52:00,1210.45,1212.6,1210.45,1212.6,32
2015-02-06 10:53:00,1212.6,1212.6,1210.55,1210.55,1
2015-02-06 10:54:00,1210.55,1211.6,1210.0,1211.6,70
2015-02-06 10:55:00,1210.05,1210.05,1210.05,1210.05,10
2015-02-06 10:56:00,1210.05,1210.05,1210.05,1210.05,0
2015-02-06 10:57:00,1214.2,1214.2,1210.7,1210.7,37
2015-02-06 10:58:00,1210.7,1211.65,1210.7,1211.65,2
2015-02-06 10:59:00,1211.65,1211.65,1211.65,1211.65,0
2015-02-06 11:00:00,1211.65,1211.65,1211.65,1211.65,0
2015-02-06 11:01:00,1211.65,1211.65,1211.65,1211.65,0
2015-02-06 11:02:00,1211.65,1211.65,1211.65,1211.65,0
2015-02-06 11:03:00,1211.65,1211.65,1211.65,1211.65,0
2015-02-06 11:04:00,1211.65,1213.7,1211.65,1213.7,290
2015-02-06 11:05:00,1213.7,1213.7,1213.7,1213.7,0
2015-02-06 11:06:00,1213.7,1213.7,1213.7,1213.7,0
2015-02-06 11:07:00,1213.7,1213.7,1213.7,1213.7,0
2015-02-06 11:08:00,1213.7,1213.7,1211.85,1211.85,3
2015-02-06 11:09:00,1211.85,1214.85,1211.85,1214.85,20
2015-02-06 11:10:00,1214.85,1218.0,1214.85,1218.0,2
2015-02-06 11:11:00,1218.0,1218.5,1218.0,1218.05,26
2015-02-06 11:12:00,1218.05,1224.0,1218.0,1224.0,126
2015-02-06 11:13:00,1224.05,1224.55,1218.0,1218.0,316
2015-02-06 11:14:00,1218.0,1218.0,1218.0,1218.0,0
2015-02-06 11:15:00,1218.0,1222.0,1217.5,1217.5,6
2015-02-06 11:16:00,1217.5,1218.0,1217.5,1218.0,10
2015-02-06 11:17:00,1218.0,1218.0,1218.0,1218.0,0
2015-02-06 11:18:00,1218.0,1218.0,1218.0,1218.0,0
2015-02-06 11:19:00,1218.0,1220.3,1218.0,1220.3,3
2015-02-06 11:20:00,1220.3,1220.3,1220.3,1220.3,0
2015-02-06 11:21:00,1220.3,1220.3,1220.3,1220.3,0
2015-02-06 11:22:00,1220.3,1220.3,1220.3,1220.3,0
2015-02-06 11:23:00,1220.3,1220.35,1220.15,1220.15,6
2015-02-06 11:24:00,1220.15,1220.15,1220.15,1220.15,0
2015-02-06 11:25:00,1220.15,1220.15,1220.15,1220.15,0
2015-02-06 11:26:00,1220.15,1220.15,1220.15,1220.15,0
2015-02-06 11:27:00,1220.15,1220.15,1220.15,1220.15,0
2015-02-06 11:28:00,1220.15,1220.15,1220.15,1220.15,6
2015-02-06 11:29:00,1220.15,1220.15,1220.0,1220.0,5
2015-02-06 11:30:00,1220.0,1220.0,1220.0,1220.0,0
2015-02-06 11:31:00,1220.0,1220.0,1220.0,1220.0,0
2015-02-06 11:32:00,1220.0,1220.0,1220.0,1220.0,0
2015-02-06 11:33:00,1216.45,1216.45,1216.15,1216.15,8
2015-02-06 11:34:00,1216.15,1219.15,1216.15,1219.15,1
2015-02-06 11:35:00,1219.15,1219.15,1219.15,1219.15,0
2015-02-06 11:36:00,1219.2,1219.2,1219.2,1219.2,1
2015-02-06 11:37:00,1219.2,1233.95,1219.2,1229.6,666
2015-02-06 11:38:00,1229.6,1229.6,1223.2,1225.0,14
2015-02-06 11:39:00,1225.25,1226.7,1223.05,1226.7,16
2015-02-06 11:40:00,1226.7,1226.7,1223.0,1224.0,18
2015-02-06 11:41:00,1224.0,1224.95,1224.0,1224.0,3
2015-02-06 11:42:00,1224.0,1224.0,1224.0,1224.0,0
2015-02-06 11:43:00,1224.0,1224.95,1223.3,1224.95,6
2015-02-06 11:44:00,1224.95,1224.95,1223.3,1223.95,21
2015-02-06 11:45:00,1223.95,1223.95,1222.1,1222.1,55
2015-02-06 11:46:00,1222.1,1222.1,1221.05,1221.05,10
2015-02-06 11:47:00,1221.05,1223.6,1221.05,1223.6,10
2015-02-06 11:48:00,1223.6,1223.6,1221.1,1221.1,20
2015-02-06 11:49:00,1221.1,1221.1,1221.1,1221.1,10
2015-02-06 11:50:00,1221.1,1221.1,1221.1,1221.1,0
2015-02-06 11:51:00,1221.1,1221.1,1221.1,1221.1,0
2015-02-06 11:52:00,1221.1,1221.1,1221.1,1221.1,0
2015-02-06 11:53:00,1222.45,1222.45,1222.45,1222.45,52
2015-02-06 11:54:00,1222.45,1222.45,1222.45,1222.45,0
2015-02-06 11:55:00,1222.45,1223.95,1222.45,1223.95,30
2015-02-06 11:56:00,1223.95,1223.95,1223.95,1223.95,0
2015-02-06 11:57:00,1223.95,1224.95,1223.95,1224.95,21
2015-02-06 11:58:00,1224.95,1224.95,1224.95,1224.95,0
2015-02-06 11:59:00,1224.75,1224.75,1224.25,1224.75,39
2015-02-06 12:00:00,1224.75,1224.75,1224.75,1224.75,0
2015-02-06 12:01:00,1224.75,1224.75,1224.75,1224.75,0
2015-02-06 12:02:00,1224.75,1224.75,1224.75,1224.75,0
2015-02-06 12:03:00,1224.75,1224.75,1224.75,1224.75,0
2015-02-06 12:04:00,1224.75,1224.75,1224.75,1224.75,0
2015-02-06 12:05:00,1224.75,1224.75,1224.75,1224.75,0
2015-02-06 12:06:00,1224.75,1224.75,1224.75,1224.75,0
2015-02-06 12:07:00,1224.75,1224.75,1224.75,1224.75,0
2015-02-06 12:08:00,1224.75,1224.75,1224.75,1224.75,0
2015-02-06 12:09:00,1224.75,1224.75,1222.65,1222.65,48
2015-02-06 12:10:00,1222.65,1222.75,1222.65,1222.75,6
2015-02-06 12:11:00,1222.6,1222.6,1222.05,1222.05,63
2015-02-06 12:12:00,1222.05,1222.05,1222.05,1222.05,0
2015-02-06 12:13:00,1222.05,1222.05,1220.85,1220.85,5
2015-02-06 12:14:00,1220.85,1220.85,1220.85,1220.85,0
2015-02-06 12:15:00,1220.85,1220.85,1220.0,1220.0,40
2015-02-06 12:16:00,1220.0,1220.0,1220.0,1220.0,0
2015-02-06 12:17:00,1220.0,1220.0,1218.65,1218.65,5
2015-02-06 12:18:00,1218.65,1219.9,1218.65,1219.9,1
2015-02-06 12:19:00,1219.9,1219.9,1219.9,1219.9,0
2015-02-06 12:20:00,1219.9,1219.9,1219.9,1219.9,0
2015-02-06 12:21:00,1219.9,1219.9,1219.9,1219.9,0
2015-02-06 12:22:00,1219.9,1219.9,1218.5,1219.4,6
2015-02-06 12:23:00,1219.4,1219.4,1218.45,1218.45,29
2015-02-06 12:24:00,1218.45,1218.45,1218.45,1218.45,0
2015-02-06 12:25:00,1218.45,1218.45,1218.45,1218.45,1
2015-02-06 12:26:00,1218.45,1218.45,1218.0,1218.0,31
2015-02-06 12:27:00,1218.0,1218.0,1218.0,1218.0,0
2015-02-06 12:28:00,1217.95,1217.95,1217.95,1217.95,1
2015-02-06 12:29:00,1217.95,1217.95,1215.5,1216.0,51
2015-02-06 12:30:00,1216.0,1216.0,1215.95,1215.95,16
2015-02-06 12:31:00,1215.95,1215.95,1213.95,1213.95,203
2015-02-06 12:32:00,1213.95,1221.6,1213.95,1221.6,121
2015-02-06 12:33:00,1221.6,1226.9,1221.6,1226.9,26
2015-02-06 12:34:00,1226.9,1230.0,1226.9,1230.0,150
2015-02-06 12:35:00,1230.0,1230.0,1226.0,1226.0,22
2015-02-06 12:36:00,1226.0,1226.0,1226.0,1226.0,0
2015-02-06 12:37:00,1226.05,1226.05,1226.05,1226.05,9
2015-02-06 12:38:00,1226.05,1226.05,1226.05,1226.05,0
2015-02-06 12:39:00,1226.05,1226.05,1226.05,1226.05,0
2015-02-06 12:40:00,1226.05,1226.05,1226.05,1226.05,0
2015-02-06 12:41:00,1226.05,1226.05,1226.05,1226.05,0
2015-02-06 12:42:00,1226.05,1226.05,1226.05,1226.05,0
2015-02-06 12:43:00,1225.25,1225.55,1225.25,1225.55,147
2015-02-06 12:44:00,1225.25,1225.25,1225.25,1225.25,2
2015-02-06 12:45:00,1225.25,1225.25,1225.25,1225.25,0
2015-02-06 12:46:00,1225.25,1225.25,1225.25,1225.25,0
2015-02-06 12:47:00,1225.25,1225.25,1225.25,1225.25,0
2015-02-06 12:48:00,1225.25,1225.25,1225.25,1225.25,0
2015-02-06 12:49:00,1225.25,1225.25,1225.25,1225.25,5
2015-02-06 12:50:00,1225.25,1225.25,1225.25,1225.25,5
2015-02-06 12:51:00,1225.25,1225.25,1225.25,1225.25,0
2015-02-06 12:52:00,1225.25,1225.25,1225.25,1225.25,10
2015-02-06 12:53:00,1225.25,1225.25,1225.25,1225.25,1
2015-02-06 12:54:00,1225.25,1225.25,1222.0,1222.0,193
2015-02-06 12:55:00,1222.0,1222.0,1222.0,1222.0,0
2015-02-06 12:56:00,1223.95,1229.9,1223.95,1229.9,100
2015-02-06 12:57:00,1229.9,1230.0,1227.2,1227.2,180
2015-02-06 12:58:00,1227.2,1227.2,1227.2,1227.2,0
2015-02-06 12:59:00,1227.2,1227.2,1227.2,1227.2,0
2015-02-06 13:00:00,1227.2,1227.2,1227.2,1227.2,0
2015-02-06 13:01:00,1227.2,1227.2,1227.2,1227.2,0
2015-02-06 13:02:00,1227.2,1227.2,1227.2,1227.2,0
2015-02-06 13:03:00,1227.2,1227.2,1227.2,1227.2,0
2015-02-06 13:04:00,1227.2,1230.0,1227.2,1227.3,509
2015-02-06 13:05:00,1227.3,1230.0,1227.3,1230.0,100
2015-02-06 13:06:00,1230.0,1230.0,1230.0,1230.0,0
2015-02-06 13:07:00,1227.3,1227.3,1227.3,1227.3,1
2015-02-06 13:08:00,1227.3,1227.3,1227.3,1227.3,0
2015-02-06 13:09:00,1227.3,1229.3,1227.3,1227.3,3
2015-02-06 13:10:00,1227.3,1227.3,1227.3,1227.3,0
2015-02-06 13:11:00,1227.3,1227.3,1227.3,1227.3,0
2015-02-06 13:12:00,1227.3,1227.3,1227.3,1227.3,0
2015-02-06 13:13:00,1227.3,1227.3,1227.3,1227.3,0
2015-02-06 13:14:00,1227.3,1227.3,1227.3,1227.3,0
2015-02-06 13:15:00,1227.3,1227.3,1227.3,1227.3,0
2015-02-06 13:16:00,1227.3,1227.3,1227.3,1227.3,0
2015-02-06 13:17:00,1225.45,1225.45,1220.75,1224.6,11
2015-02-06 13:18:00,1224.6,1224.65,1223.35,1223.35,12
2015-02-06 13:19:00,1223.35,1223.35,1223.35,1223.35,0
2015-02-06 13:20:00,1223.35,1223.35,1223.35,1223.35,0
2015-02-06 13:21:00,1223.35,1223.35,1223.35,1223.35,0
2015-02-06 13:22:00,1223.35,1223.35,1223.35,1223.35,0
2015-02-06 13:23:00,1223.35,1226.45,1223.35,1226.45,5
2015-02-06 13:24:00,1226.45,1226.45,1224.05,1226.25,11
2015-02-06 13:25:00,1226.25,1226.25,1222.7,1222.7,31
2015-02-06 13:26:00,1222.7,1222.7,1222.7,1222.7,0
2015-02-06 13:27:00,1222.7,1222.7,1222.7,1222.7,0
2015-02-06 13:28:00,1222.7,1222.7,1222.7,1222.7,0
2015-02-06 13:29:00,1222.7,1222.7,1222.7,1222.7,0
2015-02-06 13:30:00,1223.0,1223.0,1223.0,1223.0,12
2015-02-06 13:31:00,1223.0,1223.0,1223.0,1223.0,0
2015-02-06 13:32:00,1223.0,1223.0,1223.0,1223.0,0
2015-02-06 13:33:00,1223.0,1223.0,1223.0,1223.0,0
2015-02-06 13:34:00,1223.0,1223.0,1223.0,1223.0,0
2015-02-06 13:35:00,1223.0,1223.0,1223.0,1223.0,0
2015-02-06 13:36:00,1221.0,1221.0,1221.0,1221.0,19
2015-02-06 13:37:00,1221.0,1221.0,1221.0,1221.0,0
2015-02-06 13:38:00,1221.0,1221.0,1221.0,1221.0,0
2015-02-06 13:39:00,1221.0,1221.0,1221.0,1221.0,0
2015-02-06 13:40:00,1221.0,1221.0,1221.0,1221.0,0
2015-02-06 13:41:00,1222.5,1222.5,1222.5,1222.5,13
2015-02-06 13:42:00,1222.5,1222.5,1222.5,1222.5,0
2015-02-06 13:43:00,1222.5,1222.5,1222.5,1222.5,0
2015-02-06 13:44:00,1222.5,1222.55,1222.5,1222.55,10
2015-02-06 13:45:00,1222.55,1222.55,1222.55,1222.55,0
2015-02-06 13:46:00,1222.55,1222.55,1222.55,1222.55,0
2015-02-06 13:47:00,1222.55,1222.55,1222.55,1222.55,0
2015-02-06 13:48:00,1222.55,1222.55,1222.55,1222.55,0
2015-02-06 13:49:00,1222.55,1222.55,1222.55,1222.55,0
2015-02-06 13:50:00,1222.55,1222.55,1222.55,1222.55,0
2015-02-06 13:51:00,1222.55,1222.55,1222.55,1222.55,0
2015-02-06 13:52:00,1222.55,1222.55,1222.55,1222.55,0
2015-02-06 13:53:00,1222.55,1222.55,1222.55,1222.55,0
2015-02-06 13:54:00,1222.55,1222.55,1222.0,1222.0,100
2015-02-06 13:55:00,1222.0,1222.0,1222.0,1222.0,0
2015-02-06 13:56:00,1222.0,1222.0,1222.0,1222.0,0
2015-02-06 13:57:00,1222.0,1222.0,1222.0,1222.0,0
2015-02-06 13:58:00,1222.0,1222.0,1222.0,1222.0,8
2015-02-06 13:59:00,1222.0,1222.0,1222.0,1222.0,0
2015-02-06 14:00:00,1222.0,1222.0,1222.0,1222.0,0
2015-02-06 14:01:00,1222.0,1222.0,1222.0,1222.0,0
2015-02-06 14:02:00,1222.0,1222.0,1222.0,1222.0,0
2015-02-06 14:03:00,1222.0,1222.0,1222.0,1222.0,0
2015-02-06 14:04:00,1222.0,1222.0,1222.0,1222.0,0
2015-02-06 14:05:00,1222.0,1222.0,1222.0,1222.0,18
2015-02-06 14:06:00,1222.0,1222.0,1222.0,1222.0,0
2015-02-06 14:07:00,1222.0,1222.0,1222.0,1222.0,30
2015-02-06 14:08:00,1222.0,1222.0,1222.0,1222.0,0
2015-02-06 14:09:00,1222.0,1222.0,1222.0,1222.0,0
2015-02-06 14:10:00,1222.0,1222.0,1222.0,1222.0,0
2015-02-06 14:11:00,1222.0,1222.0,1222.0,1222.0,3
2015-02-06 14:12:00,1222.0,1222.0,1222.0,1222.0,0
2015-02-06 14:13:00,1222.0,1222.0,1222.0,1222.0,14
2015-02-06 14:14:00,1222.0,1222.0,1222.0,1222.0,0
2015-02-06 14:15:00,1222.0,1222.6,1222.0,1222.6,2
2015-02-06 14:16:00,1222.6,1223.85,1222.6,1223.85,2
2015-02-06 14:17:00,1223.85,1223.85,1223.85,1223.85,20
2015-02-06 14:18:00,1223.85,1223.85,1223.85,1223.85,0
2015-02-06 14:19:00,1223.85,1223.85,1223.85,1223.85,10
2015-02-06 14:20:00,1223.85,1223.85,1223.85,1223.85,10
2015-02-06 14:21:00,1223.85,1223.9,1223.85,1223.9,85
2015-02-06 14:22:00,1224.95,1224.95,1224.95,1224.95,1
2015-02-06 14:23:00,1224.95,1224.95,1224.95,1224.95,0
2015-02-06 14:24:00,1224.95,1224.95,1224.95,1224.95,0
2015-02-06 14:25:00,1224.95,1224.95,1224.95,1224.95,0
2015-02-06 14:26:00,1224.95,1224.95,1223.9,1224.95,28
2015-02-06 14:27:00,1224.95,1224.95,1224.95,1224.95,0
2015-02-06 14:28:00,1224.95,1224.95,1224.95,1224.95,10
2015-02-06 14:29:00,1225.0,1225.0,1225.0,1225.0,59
2015-02-06 14:30:00,1225.0,1225.0,1225.0,1225.0,0
2015-02-06 14:31:00,1225.0,1225.0,1225.0,1225.0,0
2015-02-06 14:32:00,1223.9,1223.9,1223.9,1223.9,1
2015-02-06 14:33:00,1223.9,1225.0,1223.9,1225.0,15
2015-02-06 14:34:00,1225.0,1225.0,1225.0,1225.0,0
2015-02-06 14:35:00,1223.9,1224.65,1223.85,1223.85,62
2015-02-06 14:36:00,1222.0,1222.0,1222.0,1222.0,10
2015-02-06 14:37:00,1222.0,1222.0,1222.0,1222.0,0
2015-02-06 14:38:00,1223.0,1223.05,1223.0,1223.05,13
2015-02-06 14:39:00,1223.05,1223.05,1221.0,1221.0,47
2015-02-06 14:40:00,1221.0,1222.0,1219.8,1219.8,132
2015-02-06 14:41:00,1219.8,1219.8,1219.8,1219.8,0
2015-02-06 14:42:00,1219.8,1219.8,1219.8,1219.8,0
2015-02-06 14:43:00,1219.8,1219.8,1219.8,1219.8,0
2015-02-06 14:44:00,1219.8,1219.8,1217.15,1217.5,215
2015-02-06 14:45:00,1217.5,1217.5,1216.95,1216.95,74
2015-02-06 14:46:00,1216.95,1216.95,1216.0,1216.05,166
2015-02-06 14:47:00,1216.05,1217.05,1216.05,1217.0,30
2015-02-06 14:48:00,1217.0,1217.0,1217.0,1217.0,5
2015-02-06 14:49:00,1218.0,1218.0,1218.0,1218.0,9
2015-02-06 14:50:00,1218.0,1218.0,1218.0,1218.0,0
2015-02-06 14:51:00,1218.0,1218.0,1218.0,1218.0,21
2015-02-06 14:52:00,1218.0,1218.0,1217.0,1217.0,71
2015-02-06 14:53:00,1217.0,1217.1,1217.0,1217.0,39
2015-02-06 14:54:00,1217.0,1217.1,1217.0,1217.1,8
2015-02-06 14:55:00,1217.1,1217.1,1217.1,1217.1,1
2015-02-06 14:56:00,1217.1,1217.1,1211.0,1211.0,126
2015-02-06 14:57:00,1211.0,1220.05,1211.0,1220.05,245
2015-02-06 14:58:00,1220.0,1220.0,1220.0,1220.0,328
2015-02-06 14:59:00,1220.0,1220.0,1220.0,1220.0,0
2015-02-06 15:00:00,1220.0,1220.0,1217.0,1217.0,2
2015-02-06 15:01:00,1217.0,1217.0,1217.0,1217.0,0
2015-02-06 15:02:00,1217.0,1217.0,1217.0,1217.0,0
2015-02-06 15:03:00,1217.0,1217.0,1214.05,1214.05,57
2015-02-06 15:04:00,1214.05,1214.05,1213.2,1213.2,11
2015-02-06 15:05:00,1210.0,1210.0,1209.65,1209.65,72
2015-02-06 15:06:00,1209.65,1212.05,1209.65,1211.95,7
2015-02-06 15:07:00,1211.15,1211.5,1211.15,1211.5,13
2015-02-06 15:08:00,1211.5,1211.5,1211.5,1211.5,111
2015-02-06 15:09:00,1211.5,1211.5,1210.0,1210.05,35
2015-02-06 15:10:00,1210.05,1211.65,1210.05,1211.65,56
2015-02-06 15:11:00,1211.65,1213.0,1211.65,1212.95,26
2015-02-06 15:12:00,1212.95,1213.0,1210.0,1210.15,96
2015-02-06 15:13:00,1210.15,1214.4,1210.15,1214.4,65
2015-02-06 15:14:00,1214.4,1214.4,1211.7,1211.7,13
2015-02-06 15:15:00,1211.7,1211.7,1211.05,1211.6,11
2015-02-06 15:16:00,1211.6,1211.6,1211.55,1211.55,74
2015-02-06 15:17:00,1211.55,1211.55,1211.55,1211.55,0
2015-02-06 15:18:00,1211.55,1211.55,1211.55,1211.55,0
2015-02-06 15:19:00,1211.55,1213.0,1211.55,1213.0,15
2015-02-06 15:20:00,1213.0,1219.75,1213.0,1218.15,58
2015-02-06 15:21:00,1216.45,1216.45,1215.0,1215.0,27
2015-02-06 15:22:00,1215.0,1216.1,1211.65,1214.75,327
2015-02-06 15:23:00,1214.75,1214.75,1213.3,1213.3,5
2015-02-06 15:24:00,1213.3,1214.05,1213.3,1214.05,4
2015-02-06 15:25:00,1213.9,1213.9,1213.55,1213.6,42
2015-02-06 15:26:00,1213.6,1215.0,1213.0,1215.0,82
2015-02-06 15:27:00,1215.0,1218.0,1215.0,1218.0,112
2015-02-06 15:28:00,1215.0,1218.0,1215.0,1218.0,64
2015-02-06 15:29:00,1218.0,1219.75,1218.0,1219.75,103
2015-02-09 09:15:00,1214.0,1214.0,1214.0,1214.0,36
2015-02-09 09:16:00,1214.0,1214.0,1210.0,1210.0,1
2015-02-09 09:17:00,1210.0,1210.0,1210.0,1210.0,9
2015-02-09 09:18:00,1210.0,1210.0,1205.0,1205.0,41
2015-02-09 09:19:00,1205.0,1205.0,1205.0,1205.0,0
2015-02-09 09:20:00,1205.0,1214.85,1205.0,1214.85,78
2015-02-09 09:21:00,1214.85,1218.0,1214.85,1218.0,1
2015-02-09 09:22:00,1218.0,1219.95,1218.0,1219.95,49
2015-02-09 09:23:00,1219.95,1233.6,1199.05,1199.05,965
2015-02-09 09:24:00,1199.05,1204.0,1199.05,1204.0,50
2015-02-09 09:25:00,1204.0,1204.0,1204.0,1204.0,0
2015-02-09 09:26:00,1204.0,1204.0,1204.0,1204.0,0
2015-02-09 09:27:00,1204.0,1204.0,1204.0,1204.0,0
2015-02-09 09:28:00,1204.0,1204.0,1204.0,1204.0,0
2015-02-09 09:29:00,1205.4,1205.7,1204.2,1204.2,15
2015-02-09 09:30:00,1204.2,1204.2,1204.2,1204.2,0
2015-02-09 09:31:00,1204.2,1204.2,1200.45,1200.45,1
2015-02-09 09:32:00,1200.05,1200.05,1200.05,1200.05,4
2015-02-09 09:33:00,1200.05,1203.0,1200.05,1203.0,4
2015-02-09 09:34:00,1203.0,1203.0,1203.0,1203.0,0
2015-02-09 09:35:00,1203.0,1206.0,1203.0,1206.0,50
2015-02-09 09:36:00,1206.0,1206.0,1206.0,1206.0,0
2015-02-09 09:37:00,1206.0,1207.7,1206.0,1207.7,3
2015-02-09 09:38:00,1207.7,1207.7,1207.7,1207.7,0
2015-02-09 09:39:00,1207.7,1207.7,1207.7,1207.7,0
2015-02-09 09:40:00,1207.7,1207.7,1207.7,1207.7,0
2015-02-09 09:41:00,1207.7,1207.7,1207.7,1207.7,0
2015-02-09 09:42:00,1207.7,1207.7,1207.7,1207.7,0
2015-02-09 09:43:00,1209.0,1209.0,1209.0,1209.0,1
2015-02-09 09:44:00,1209.0,1209.0,1209.0,1209.0,3
2015-02-09 09:45:00,1209.0,1209.0,1209.0,1209.0,2
2015-02-09 09:46:00,1209.0,1209.0,1209.0,1209.0,0
2015-02-09 09:47:00,1212.0,1212.0,1212.0,1212.0,45
2015-02-09 09:48:00,1206.4,1206.4,1203.5,1203.5,50
2015-02-09 09:49:00,1203.5,1203.5,1203.5,1203.5,0
2015-02-09 09:50:00,1203.5,1203.5,1203.5,1203.5,0
2015-02-09 09:51:00,1203.5,1203.5,1203.5,1203.5,0
2015-02-09 09:52:00,1203.5,1203.5,1203.5,1203.5,0
2015-02-09 09:53:00,1203.5,1203.5,1203.5,1203.5,0
2015-02-09 09:54:00,1203.5,1203.5,1203.5,1203.5,0
2015-02-09 09:55:00,1203.5,1203.5,1201.7,1201.7,15
2015-02-09 09:56:00,1201.7,1201.7,1199.0,1199.0,612
2015-02-09 09:57:00,1199.0,1199.0,1199.0,1199.0,13
2015-02-09 09:58:00,1199.0,1199.0,1199.0,1199.0,5
2015-02-09 09:59:00,1199.0,1200.0,1199.0,1200.0,37
2015-02-09 10:00:00,1200.0,1200.0,1199.95,1199.95,46
2015-02-09 10:01:00,1199.95,1199.95,1199.95,1199.95,0
2015-02-09 10:02:00,1199.95,1199.95,1199.95,1199.95,0
2015-02-09 10:03:00,1199.95,1199.95,1199.95,1199.95,0
2015-02-09 10:04:00,1200.0,1200.0,1200.0,1200.0,2
2015-02-09 10:05:00,1200.0,1200.0,1200.0,1200.0,1
2015-02-09 10:06:00,1200.0,1200.0,1200.0,1200.0,0
2015-02-09 10:07:00,1199.9,1199.9,1198.95,1198.95,42
2015-02-09 10:08:00,1198.95,1199.0,1198.95,1199.0,41
2015-02-09 10:09:00,1199.0,1202.5,1199.0,1202.5,7
2015-02-09 10:10:00,1202.5,1202.5,1202.5,1202.5,0
2015-02-09 10:11:00,1202.5,1202.5,1202.5,1202.5,0
2015-02-09 10:12:00,1202.5,1202.5,1202.5,1202.5,0
2015-02-09 10:13:00,1202.5,1202.5,1201.5,1201.5,10
2015-02-09 10:14:00,1201.5,1201.5,1201.5,1201.5,0
2015-02-09 10:15:00,1201.5,1201.5,1201.5,1201.5,0
2015-02-09 10:16:00,1201.5,1201.5,1201.5,1201.5,0
2015-02-09 10:17:00,1201.5,1201.5,1201.5,1201.5,0
2015-02-09 10:18:00,1201.2,1201.2,1200.0,1200.0,100
2015-02-09 10:19:00,1200.0,1200.0,1200.0,1200.0,0
2015-02-09 10:20:00,1201.5,1201.5,1201.5,1201.5,0
2015-02-09 10:21:00,1200.0,1200.0,1200.0,1200.0,0
2015-02-09 10:22:00,1200.0,1200.0,1200.0,1200.0,0
2015-02-09 10:23:00,1200.0,1203.0,1200.0,1203.0,50
2015-02-09 10:24:00,1203.0,1203.0,1203.0,1203.0,0
2015-02-09 10:25:00,1200.0,1200.0,1200.0,1200.0,0
2015-02-09 10:26:00,1203.0,1203.0,1203.0,1203.0,0
2015-02-09 10:27:00,1203.0,1204.0,1203.0,1204.0,1
2015-02-09 10:28:00,1204.0,1204.0,1200.0,1200.0,62
2015-02-09 10:29:00,1200.0,1200.0,1200.0,1200.0,1
2015-02-09 10:30:00,1200.0,1200.0,1199.9,1199.9,24
2015-02-09 10:31:00,1199.9,1199.9,1199.9,1199.9,0
2015-02-09 10:32:00,1200.0,1200.0,1200.0,1200.0,187
2015-02-09 10:33:00,1205.0,1205.0,1205.0,1205.0,114
2015-02-09 10:34:00,1205.0,1205.0,1202.05,1202.05,1
2015-02-09 10:35:00,1202.05,1202.05,1202.05,1202.05,0
2015-02-09 10:36:00,1208.0,1211.65,1208.0,1211.65,110
2015-02-09 10:37:00,1211.65,1211.65,1211.65,1211.65,0
2015-02-09 10:38:00,1211.65,1211.65,1211.65,1211.65,0
2015-02-09 10:39:00,1211.65,1211.65,1211.65,1211.65,0
2015-02-09 10:40:00,1211.95,1211.95,1210.0,1210.0,11
2015-02-09 10:41:00,1210.0,1210.0,1210.0,1210.0,0
2015-02-09 10:42:00,1210.0,1210.0,1210.0,1210.0,0
2015-02-09 10:43:00,1210.0,1210.0,1210.0,1210.0,0
2015-02-09 10:44:00,1210.0,1211.95,1210.0,1210.0,8
2015-02-09 10:45:00,1210.0,1210.0,1210.0,1210.0,0
2015-02-09 10:46:00,1211.95,1211.95,1211.95,1211.95,10
2015-02-09 10:47:00,1211.95,1211.95,1211.95,1211.95,0
2015-02-09 10:48:00,1211.95,1212.0,1211.95,1212.0,2
2015-02-09 10:49:00,1212.0,1212.0,1212.0,1212.0,123
2015-02-09 10:50:00,1211.95,1211.95,1211.95,1211.95,26
2015-02-09 10:51:00,1211.95,1211.95,1211.95,1211.95,0
2015-02-09 10:52:00,1212.0,1212.0,1212.0,1212.0,0
2015-02-09 10:53:00,1211.95,1211.95,1211.95,1211.95,0
2015-02-09 10:54:00,1211.95,1212.0,1211.95,1212.0,1
2015-02-09 10:55:00,1212.0,1212.0,1212.0,1212.0,0
2015-02-09 10:56:00,1212.0,1212.0,1212.0,1212.0,0
2015-02-09 10:57:00,1212.0,1212.0,1212.0,1212.0,10
2015-02-09 10:58:00,1212.0,1212.0,1212.0,1212.0,0
2015-02-09 10:59:00,1211.95,1211.95,1210.0,1210.0,47
2015-02-09 11:00:00,1210.0,1210.0,1210.0,1210.0,0
2015-02-09 11:01:00,1210.0,1210.0,1210.0,1210.0,0
2015-02-09 11:02:00,1210.0,1210.0,1207.05,1207.05,1
2015-02-09 11:03:00,1210.95,1210.95,1210.95,1210.95,6
2015-02-09 11:04:00,1210.95,1210.95,1210.95,1210.95,0
2015-02-09 11:05:00,1210.95,1210.95,1210.95,1210.95,0
2015-02-09 11:06:00,1210.95,1210.95,1210.95,1210.95,0
2015-02-09 11:07:00,1207.05,1207.05,1207.05,1207.05,7
2015-02-09 11:08:00,1207.05,1209.0,1207.05,1209.0,1
2015-02-09 11:09:00,1209.0,1209.0,1209.0,1209.0,0
2015-02-09 11:10:00,1207.05,1207.05,1205.0,1205.0,33
2015-02-09 11:11:00,1205.0,1205.0,1205.0,1205.0,0
2015-02-09 11:12:00,1205.1,1205.1,1205.1,1205.1,5
2015-02-09 11:13:00,1205.1,1205.1,1205.1,1205.1,0
2015-02-09 11:14:00,1205.1,1205.1,1205.1,1205.1,0
2015-02-09 11:15:00,1205.1,1205.1,1205.1,1205.1,2
2015-02-09 11:16:00,1202.5,1202.5,1202.5,1202.5,10
2015-02-09 11:17:00,1202.5,1202.5,1202.5,1202.5,0
2015-02-09 11:18:00,1202.5,1202.5,1202.5,1202.5,0
2015-02-09 11:19:00,1206.4,1206.4,1206.4,1206.4,5
2015-02-09 11:20:00,1206.4,1206.4,1206.4,1206.4,0
2015-02-09 11:21:00,1206.4,1206.4,1206.4,1206.4,0
2015-02-09 11:22:00,1206.4,1206.4,1206.4,1206.4,0
2015-02-09 11:23:00,1206.4,1206.4,1206.4,1206.4,0
2015-02-09 11:24:00,1206.4,1206.4,1206.4,1206.4,0
2015-02-09 11:25:00,1206.4,1206.4,1206.4,1206.4,0
2015-02-09 11:26:00,1206.4,1206.4,1206.4,1206.4,0
2015-02-09 11:27:00,1206.4,1206.4,1206.4,1206.4,5
2015-02-09 11:28:00,1206.4,1206.4,1206.4,1206.4,0
2015-02-09 11:29:00,1206.4,1206.4,1206.4,1206.4,0
2015-02-09 11:30:00,1206.4,1206.4,1206.4,1206.4,0
2015-02-09 11:31:00,1209.0,1209.0,1209.0,1209.0,3
2015-02-09 11:32:00,1209.85,1209.85,1209.85,1209.85,15
2015-02-09 11:33:00,1209.85,1209.85,1209.85,1209.85,0
2015-02-09 11:34:00,1210.1,1210.1,1210.1,1210.1,10
2015-02-09 11:35:00,1210.1,1210.1,1210.1,1210.1,0
2015-02-09 11:36:00,1212.0,1212.0,1212.0,1212.0,12
2015-02-09 11:37:00,1212.65,1212.65,1212.65,1212.65,20
2015-02-09 11:38:00,1212.65,1212.7,1212.65,1212.7,5
2015-02-09 11:39:00,1212.7,1212.7,1212.7,1212.7,0
2015-02-09 11:40:00,1214.45,1214.45,1214.45,1214.45,1
2015-02-09 11:41:00,1214.45,1214.45,1214.45,1214.45,0
2015-02-09 11:42:00,1214.45,1214.45,1214.45,1214.45,0
2015-02-09 11:43:00,1212.7,1212.7,1212.7,1212.7,1
2015-02-09 11:44:00,1212.7,1212.7,1212.7,1212.7,0
2015-02-09 11:45:00,1212.7,1214.45,1212.7,1214.45,44
2015-02-09 11:46:00,1214.45,1214.45,1214.45,1214.45,0
2015-02-09 11:47:00,1214.45,1214.45,1214.45,1214.45,10
2015-02-09 11:48:00,1214.45,1214.45,1214.45,1214.45,0
2015-02-09 11:49:00,1214.45,1214.45,1213.95,1213.95,28
2015-02-09 11:50:00,1213.95,1214.0,1213.95,1214.0,100
2015-02-09 11:51:00,1214.0,1214.0,1212.7,1213.55,11
2015-02-09 11:52:00,1209.0,1209.0,1209.0,1209.0,50
2015-02-09 11:53:00,1208.95,1208.95,1205.75,1205.75,44
2015-02-09 11:54:00,1205.75,1205.75,1205.75,1205.75,2
2015-02-09 11:55:00,1205.75,1209.65,1205.75,1209.65,5
2015-02-09 11:56:00,1209.65,1209.65,1209.65,1209.65,0
2015-02-09 11:57:00,1209.65,1209.65,1209.65,1209.65,0
2015-02-09 11:58:00,1209.65,1209.65,1209.65,1209.65,0
2015-02-09 11:59:00,1209.65,1209.65,1209.65,1209.65,0
2015-02-09 12:00:00,1209.65,1209.65,1209.65,1209.65,0
2015-02-09 12:01:00,1209.65,1209.65,1209.65,1209.65,0
2015-02-09 12:02:00,1206.5,1206.5,1206.5,1206.5,1
2015-02-09 12:03:00,1206.5,1206.5,1206.5,1206.5,0
2015-02-09 12:04:00,1206.5,1206.5,1206.5,1206.5,0
2015-02-09 12:05:00,1206.5,1206.5,1204.5,1204.5,2
2015-02-09 12:06:00,1204.5,1204.5,1204.5,1204.5,0
2015-02-09 12:07:00,1204.5,1204.5,1204.5,1204.5,40
2015-02-09 12:08:00,1204.5,1204.5,1204.5,1204.5,0
2015-02-09 12:09:00,1204.5,1204.5,1204.5,1204.5,0
2015-02-09 12:10:00,1204.5,1204.5,1204.5,1204.5,0
2015-02-09 12:11:00,1204.5,1204.5,1204.5,1204.5,0
2015-02-09 12:12:00,1204.5,1204.5,1204.5,1204.5,5
2015-02-09 12:13:00,1204.5,1204.5,1204.5,1204.5,0
2015-02-09 12:14:00,1204.5,1204.5,1204.5,1204.5,21
2015-02-09 12:15:00,1204.5,1204.5,1204.5,1204.5,0
2015-02-09 12:16:00,1204.5,1204.5,1204.5,1204.5,0
2015-02-09 12:17:00,1204.5,1204.5,1204.5,1204.5,4
2015-02-09 12:18:00,1204.5,1204.5,1204.5,1204.5,0
2015-02-09 12:19:00,1204.5,1204.5,1204.5,1204.5,0
2015-02-09 12:20:00,1204.5,1204.5,1204.5,1204.5,0
2015-02-09 12:21:00,1204.5,1204.5,1204.5,1204.5,0
2015-02-09 12:22:00,1206.5,1206.5,1206.5,1206.5,10
2015-02-09 12:23:00,1206.5,1206.5,1206.5,1206.5,0
2015-02-09 12:24:00,1205.1,1205.1,1205.1,1205.1,34
2015-02-09 12:25:00,1205.1,1205.1,1204.0,1204.0,33
2015-02-09 12:26:00,1204.0,1204.0,1204.0,1204.0,0
2015-02-09 12:27:00,1204.0,1204.0,1204.0,1204.0,0
2015-02-09 12:28:00,1204.0,1204.0,1204.0,1204.0,0
2015-02-09 12:29:00,1207.7,1207.75,1207.7,1207.75,6
2015-02-09 12:30:00,1207.75,1207.75,1207.75,1207.75,0
2015-02-09 12:31:00,1204.0,1204.0,1204.0,1204.0,0
2015-02-09 12:32:00,1207.75,1209.65,1207.75,1209.65,2
2015-02-09 12:33:00,1209.65,1209.65,1209.65,1209.65,0
2015-02-09 12:34:00,1212.85,1214.0,1212.85,1214.0,37
2015-02-09 12:35:00,1214.0,1214.0,1214.0,1214.0,0
2015-02-09 12:36:00,1214.0,1214.0,1214.0,1214.0,0
2015-02-09 12:37:00,1214.0,1214.0,1214.0,1214.0,0
2015-02-09 12:38:00,1215.0,1220.0,1215.0,1220.0,92
2015-02-09 12:39:00,1220.0,1222.0,1220.0,1222.0,19
2015-02-09 12:40:00,1222.0,1222.0,1222.0,1222.0,0
2015-02-09 12:41:00,1222.0,1222.0,1219.95,1219.95,28
2015-02-09 12:42:00,1219.95,1219.95,1219.95,1219.95,0
2015-02-09 12:43:00,1219.95,1219.95,1219.95,1219.95,0
2015-02-09 12:44:00,1219.95,1219.95,1219.95,1219.95,0
2015-02-09 12:45:00,1219.95,1219.95,1218.05,1218.05,7
2015-02-09 12:46:00,1219.9,1219.9,1218.25,1218.25,20
2015-02-09 12:47:00,1218.25,1218.25,1218.25,1218.25,0
2015-02-09 12:48:00,1219.95,1220.0,1219.95,1220.0,111
2015-02-09 12:49:00,1220.0,1220.0,1220.0,1220.0,0
2015-02-09 12:50:00,1220.0,1220.0,1220.0,1220.0,5
2015-02-09 12:51:00,1220.0,1220.0,1220.0,1220.0,0
2015-02-09 12:52:00,1220.0,1220.0,1220.0,1220.0,0
2015-02-09 12:53:00,1220.0,1220.0,1220.0,1220.0,0
2015-02-09 12:54:00,1219.0,1219.0,1219.0,1219.0,19
2015-02-09 12:55:00,1219.0,1219.0,1219.0,1219.0,0
2015-02-09 12:56:00,1219.0,1219.0,1217.45,1217.45,83
2015-02-09 12:57:00,1217.45,1217.45,1217.45,1217.45,0
2015-02-09 12:58:00,1217.45,1217.45,1217.45,1217.45,0
2015-02-09 12:59:00,1217.45,1217.45,1217.45,1217.45,0
2015-02-09 13:00:00,1212.9,1212.9,1211.5,1211.5,25
2015-02-09 13:01:00,1214.85,1214.85,1214.85,1214.85,12
2015-02-09 13:02:00,1214.85,1214.85,1214.85,1214.85,0
2015-02-09 13:03:00,1214.85,1214.85,1214.85,1214.85,0
2015-02-09 13:04:00,1214.85,1214.85,1214.85,1214.85,0
2015-02-09 13:05:00,1214.85,1214.85,1214.85,1214.85,0
2015-02-09 13:06:00,1214.85,1214.85,1214.85,1214.85,0
2015-02-09 13:07:00,1211.5,1211.5,1211.5,1211.5,0
2015-02-09 13:08:00,1214.85,1214.85,1214.85,1214.85,0
2015-02-09 13:09:00,1214.85,1214.85,1214.85,1214.85,0
2015-02-09 13:10:00,1214.85,1214.85,1214.85,1214.85,0
2015-02-09 13:11:00,1216.6,1216.6,1216.6,1216.6,501
2015-02-09 13:12:00,1216.6,1216.6,1216.6,1216.6,0
2015-02-09 13:13:00,1216.6,1216.6,1216.6,1216.6,5
2015-02-09 13:14:00,1217.95,1217.95,1216.6,1216.6,10
2015-02-09 13:15:00,1216.6,1216.6,1216.6,1216.6,0
2015-02-09 13:16:00,1216.6,1216.6,1216.6,1216.6,0
2015-02-09 13:17:00,1216.6,1216.6,1216.6,1216.6,0
2015-02-09 13:18:00,1219.0,1219.0,1219.0,1219.0,82
2015-02-09 13:19:00,1219.0,1219.0,1219.0,1219.0,0
2015-02-09 13:20:00,1219.0,1219.0,1219.0,1219.0,0
2015-02-09 13:21:00,1219.0,1219.0,1219.0,1219.0,0
2015-02-09 13:22:00,1219.0,1219.0,1219.0,1219.0,0
2015-02-09 13:23:00,1219.0,1219.0,1219.0,1219.0,0
2015-02-09 13:24:00,1219.0,1219.0,1219.0,1219.0,0
2015-02-09 13:25:00,1219.0,1219.0,1218.05,1218.05,1
2015-02-09 13:26:00,1218.05,1218.05,1218.05,1218.05,0
2015-02-09 13:27:00,1218.05,1218.05,1218.05,1218.05,0
2015-02-09 13:28:00,1218.05,1218.05,1218.05,1218.05,0
2015-02-09 13:29:00,1217.0,1217.0,1217.0,1217.0,27
2015-02-09 13:30:00,1217.0,1217.0,1217.0,1217.0,0
2015-02-09 13:31:00,1217.0,1217.0,1217.0,1217.0,1
2015-02-09 13:32:00,1217.0,1217.0,1217.0,1217.0,0
2015-02-09 13:33:00,1217.0,1217.0,1215.0,1215.0,50
2015-02-09 13:34:00,1215.0,1216.0,1215.0,1216.0,69
2015-02-09 13:35:00,1216.0,1216.0,1216.0,1216.0,0
2015-02-09 13:36:00,1216.0,1216.0,1216.0,1216.0,0
2015-02-09 13:37:00,1216.0,1216.0,1216.0,1216.0,0
2015-02-09 13:38:00,1215.0,1215.0,1215.0,1215.0,0
2015-02-09 13:39:00,1216.0,1216.0,1216.0,1216.0,0
2015-02-09 13:40:00,1216.0,1216.0,1216.0,1216.0,0
2015-02-09 13:41:00,1216.0,1216.0,1216.0,1216.0,0
2015-02-09 13:42:00,1215.0,1215.0,1215.0,1215.0,0
2015-02-09 13:43:00,1216.0,1216.0,1216.0,1216.0,0
2015-02-09 13:44:00,1216.0,1216.0,1216.0,1216.0,0
2015-02-09 13:45:00,1216.0,1216.0,1216.0,1216.0,0
2015-02-09 13:46:00,1216.0,1216.0,1216.0,1216.0,0
2015-02-09 13:47:00,1215.35,1216.0,1215.35,1216.0,16
2015-02-09 13:48:00,1216.0,1216.0,1215.0,1216.0,40
2015-02-09 13:49:00,1216.0,1216.0,1216.0,1216.0,0
2015-02-09 13:50:00,1212.9,1212.9,1212.9,1212.9,100
2015-02-09 13:51:00,1212.9,1212.9,1212.9,1212.9,0
2015-02-09 13:52:00,1212.9,1212.9,1212.9,1212.9,0
2015-02-09 13:53:00,1212.9,1212.9,1212.9,1212.9,0
2015-02-09 13:54:00,1212.9,1212.9,1212.9,1212.9,0
2015-02-09 13:55:00,1212.9,1212.9,1212.9,1212.9,0
2015-02-09 13:56:00,1212.9,1212.9,1212.9,1212.9,0
2015-02-09 13:57:00,1212.9,1212.9,1212.9,1212.9,0
2015-02-09 13:58:00,1212.9,1212.9,1210.4,1210.4,41
2015-02-09 13:59:00,1210.4,1210.4,1210.4,1210.4,0
2015-02-09 14:00:00,1210.4,1210.4,1210.4,1210.4,1
2015-02-09 14:01:00,1210.4,1210.4,1210.4,1210.4,0
2015-02-09 14:02:00,1210.4,1210.4,1210.4,1210.4,0
2015-02-09 14:03:00,1210.4,1210.4,1210.4,1210.4,0
2015-02-09 14:04:00,1210.4,1210.4,1210.4,1210.4,0
2015-02-09 14:05:00,1210.05,1210.05,1210.05,1210.05,2
2015-02-09 14:06:00,1210.05,1210.05,1210.05,1210.05,0
2015-02-09 14:07:00,1210.05,1210.05,1210.05,1210.05,0
2015-02-09 14:08:00,1216.0,1216.0,1210.35,1210.35,110
2015-02-09 14:09:00,1214.2,1214.2,1214.2,1214.2,50
2015-02-09 14:10:00,1214.2,1214.2,1214.2,1214.2,0
2015-02-09 14:11:00,1214.2,1214.2,1214.2,1214.2,0
2015-02-09 14:12:00,1214.2,1214.2,1214.2,1214.2,0
2015-02-09 14:13:00,1214.2,1214.2,1214.2,1214.2,0
2015-02-09 14:14:00,1214.2,1214.2,1214.2,1214.2,0
2015-02-09 14:15:00,1214.2,1214.2,1212.5,1212.5,60
2015-02-09 14:16:00,1213.0,1213.0,1212.5,1212.5,98
2015-02-09 14:17:00,1212.5,1212.5,1212.5,1212.5,0
2015-02-09 14:18:00,1212.5,1212.5,1212.5,1212.5,0
2015-02-09 14:19:00,1212.5,1212.5,1212.5,1212.5,1
2015-02-09 14:20:00,1212.5,1212.5,1212.5,1212.5,0
2015-02-09 14:21:00,1212.5,1212.5,1212.5,1212.5,194
2015-02-09 14:22:00,1212.5,1212.9,1212.5,1212.5,5
2015-02-09 14:23:00,1212.5,1212.5,1212.5,1212.5,119
2015-02-09 14:24:00,1212.5,1212.5,1212.5,1212.5,0
2015-02-09 14:25:00,1212.5,1212.5,1212.5,1212.5,188
2015-02-09 14:26:00,1212.5,1212.5,1212.5,1212.5,0
2015-02-09 14:27:00,1212.5,1212.5,1208.75,1208.75,602
2015-02-09 14:28:00,1208.75,1209.1,1207.7,1207.95,328
2015-02-09 14:29:00,1207.95,1209.1,1207.95,1209.1,29
2015-02-09 14:30:00,1209.1,1209.1,1209.1,1209.1,0
2015-02-09 14:31:00,1209.1,1209.1,1207.7,1207.7,34
2015-02-09 14:32:00,1207.7,1208.1,1206.45,1208.1,166
2015-02-09 14:33:00,1208.1,1208.3,1208.05,1208.3,7
2015-02-09 14:34:00,1208.3,1208.3,1208.3,1208.3,0
2015-02-09 14:35:00,1208.75,1208.75,1208.0,1208.0,3
2015-02-09 14:36:00,1208.0,1208.8,1208.0,1208.8,5
2015-02-09 14:37:00,1208.8,1208.8,1208.05,1208.1,82
2015-02-09 14:38:00,1208.85,1208.85,1208.8,1208.8,16
2015-02-09 14:39:00,1208.0,1208.0,1208.0,1208.0,24
2015-02-09 14:40:00,1206.05,1207.3,1201.15,1201.15,113
2015-02-09 14:41:00,1201.15,1203.65,1201.15,1203.65,19
2015-02-09 14:42:00,1205.5,1205.5,1204.6,1204.6,17
2015-02-09 14:43:00,1204.6,1206.35,1204.6,1205.15,39
2015-02-09 14:44:00,1205.15,1206.7,1205.15,1206.05,20
2015-02-09 14:45:00,1206.05,1206.05,1206.05,1206.05,0
2015-02-09 14:46:00,1206.05,1206.1,1206.05,1206.1,50
2015-02-09 14:47:00,1206.1,1207.2,1206.1,1206.25,29
2015-02-09 14:48:00,1205.95,1205.95,1205.95,1205.95,23
2015-02-09 14:49:00,1205.95,1205.95,1204.45,1204.45,8
2015-02-09 14:50:00,1204.45,1204.45,1204.45,1204.45,0
2015-02-09 14:51:00,1204.45,1204.45,1204.45,1204.45,0
2015-02-09 14:52:00,1204.45,1204.45,1204.45,1204.45,0
2015-02-09 14:53:00,1204.45,1204.45,1204.45,1204.45,0
2015-02-09 14:54:00,1201.25,1201.25,1201.25,1201.25,10
2015-02-09 14:55:00,1201.25,1210.05,1201.25,1210.0,299
2015-02-09 14:56:00,1210.0,1220.0,1210.0,1215.05,813
2015-02-09 14:57:00,1220.0,1220.0,1203.2,1219.65,1167
2015-02-09 14:58:00,1219.65,1219.65,1202.0,1204.15,147
2015-02-09 14:59:00,1204.15,1205.7,1202.0,1202.0,29
2015-02-09 15:00:00,1202.0,1202.0,1201.0,1202.0,81
2015-02-09 15:01:00,1202.0,1204.05,1202.0,1204.05,1033
2015-02-09 15:02:00,1204.05,1205.0,1204.0,1204.55,67
2015-02-09 15:03:00,1204.55,1205.25,1204.55,1205.25,8
2015-02-09 15:04:00,1205.0,1205.0,1205.0,1205.0,95
2015-02-09 15:05:00,1205.0,1205.1,1205.0,1205.1,176
2015-02-09 15:06:00,1205.1,1206.7,1205.0,1206.7,89
2015-02-09 15:07:00,1206.5,1206.5,1206.0,1206.0,122
2015-02-09 15:08:00,1206.0,1206.05,1206.0,1206.0,249
2015-02-09 15:09:00,1206.0,1206.0,1206.0,1206.0,128
2015-02-09 15:10:00,1206.0,1206.05,1204.2,1204.2,223
2015-02-09 15:11:00,1205.45,1205.55,1204.25,1204.25,2163
2015-02-09 15:12:00,1204.25,1204.25,1202.0,1203.9,54
2015-02-09 15:13:00,1203.9,1203.95,1201.85,1203.95,181
2015-02-09 15:14:00,1203.95,1203.95,1201.85,1202.0,184
2015-02-09 15:15:00,1202.0,1203.6,1202.0,1202.05,165
2015-02-09 15:16:00,1202.05,1202.05,1200.0,1200.0,372
2015-02-09 15:17:00,1200.0,1201.3,1200.0,1200.0,474
2015-02-09 15:18:00,1200.0,1200.95,1200.0,1200.0,161
2015-02-09 15:19:00,1200.0,1200.0,1196.0,1196.0,40
2015-02-09 15:20:00,1196.0,1198.0,1196.0,1197.95,83
2015-02-09 15:21:00,1197.95,1198.0,1197.95,1198.0,31
2015-02-09 15:22:00,1197.35,1200.1,1195.0,1200.1,272
2015-02-09 15:23:00,1200.1,1200.1,1198.35,1198.35,2
2015-02-09 15:24:00,1198.35,1198.7,1197.0,1197.0,98
2015-02-09 15:25:00,1196.1,1196.1,1195.0,1195.15,115
2015-02-09 15:26:00,1195.15,1195.25,1195.15,1195.2,17
2015-02-09 15:27:00,1195.2,1195.2,1195.15,1195.2,32
2015-02-09 15:28:00,1195.2,1199.35,1195.2,1199.35,215
2015-02-09 15:29:00,1199.35,1200.0,1199.35,1200.0,410
2015-02-10 09:15:00,1199.0,1199.0,1199.0,1199.0,0
2015-02-10 09:16:00,1215.5,1215.5,1215.5,1215.5,15
2015-02-10 09:17:00,1215.5,1215.5,1205.75,1205.75,5
2015-02-10 09:18:00,1205.75,1205.75,1200.95,1200.95,2
2015-02-10 09:19:00,1200.95,1200.95,1197.3,1197.3,63
2015-02-10 09:20:00,1197.3,1202.85,1197.3,1202.85,15
2015-02-10 09:21:00,1202.85,1202.85,1202.85,1202.85,0
2015-02-10 09:22:00,1202.85,1210.0,1202.85,1210.0,47
2015-02-10 09:23:00,1210.0,1217.95,1210.0,1217.95,94
2015-02-10 09:24:00,1217.95,1220.0,1217.95,1220.0,50
2015-02-10 09:25:00,1220.0,1220.0,1220.0,1220.0,0
2015-02-10 09:26:00,1220.0,1220.0,1210.35,1212.25,37
2015-02-10 09:27:00,1212.25,1214.85,1212.25,1214.85,5
2015-02-10 09:28:00,1214.85,1214.85,1214.85,1214.85,0
2015-02-10 09:29:00,1214.85,1214.85,1214.85,1214.85,0
2015-02-10 09:30:00,1214.85,1214.85,1214.85,1214.85,0
2015-02-10 09:31:00,1214.85,1214.85,1214.85,1214.85,0
2015-02-10 09:32:00,1214.85,1214.85,1214.85,1214.85,0
2015-02-10 09:33:00,1214.85,1214.85,1214.85,1214.85,0
2015-02-10 09:34:00,1212.25,1212.25,1212.25,1212.25,26
2015-02-10 09:35:00,1212.25,1212.25,1212.25,1212.25,0
2015-02-10 09:36:00,1211.95,1211.95,1211.95,1211.95,15
2015-02-10 09:37:00,1211.95,1211.95,1211.95,1211.95,0
2015-02-10 09:38:00,1211.95,1211.95,1211.95,1211.95,0
2015-02-10 09:39:00,1211.95,1212.0,1211.95,1212.0,28
2015-02-10 09:40:00,1210.35,1210.35,1210.35,1210.35,1
2015-02-10 09:41:00,1214.95,1215.0,1214.95,1215.0,3
2015-02-10 09:42:00,1215.0,1215.0,1215.0,1215.0,0
2015-02-10 09:43:00,1218.0,1218.0,1218.0,1218.0,15
2015-02-10 09:44:00,1218.0,1218.0,1218.0,1218.0,5
2015-02-10 09:45:00,1220.0,1220.0,1220.0,1220.0,80
2015-02-10 09:46:00,1220.0,1220.0,1220.0,1220.0,0
2015-02-10 09:47:00,1215.55,1215.55,1215.55,1215.55,1
2015-02-10 09:48:00,1215.55,1215.55,1215.55,1215.55,7
2015-02-10 09:49:00,1215.55,1215.55,1215.55,1215.55,0
2015-02-10 09:50:00,1215.55,1215.55,1215.55,1215.55,0
2015-02-10 09:51:00,1219.0,1219.0,1215.05,1217.9,20
2015-02-10 09:52:00,1217.9,1217.9,1217.9,1217.9,0
2015-02-10 09:53:00,1217.9,1218.0,1217.9,1218.0,35
2015-02-10 09:54:00,1217.95,1217.95,1217.95,1217.95,2
2015-02-10 09:55:00,1218.0,1218.0,1218.0,1218.0,5
2015-02-10 09:56:00,1218.0,1218.0,1218.0,1218.0,0
2015-02-10 09:57:00,1218.0,1218.0,1218.0,1218.0,20
2015-02-10 09:58:00,1218.0,1218.45,1215.0,1215.0,112
2015-02-10 09:59:00,1215.0,1215.0,1215.0,1215.0,1
2015-02-10 10:00:00,1215.0,1215.0,1215.0,1215.0,0
2015-02-10 10:01:00,1215.0,1215.0,1214.85,1214.85,7
2015-02-10 10:02:00,1211.0,1211.0,1210.05,1211.0,169
2015-02-10 10:03:00,1211.0,1214.8,1211.0,1214.8,10
2015-02-10 10:04:00,1214.8,1214.8,1214.8,1214.8,0
2015-02-10 10:05:00,1214.8,1215.45,1214.8,1215.45,15
2015-02-10 10:06:00,1215.45,1215.45,1215.45,1215.45,0
2015-02-10 10:07:00,1215.45,1215.45,1215.45,1215.45,0
2015-02-10 10:08:00,1215.45,1215.45,1215.45,1215.45,0
2015-02-10 10:09:00,1215.45,1215.45,1215.45,1215.45,0
2015-02-10 10:10:00,1215.45,1215.45,1215.45,1215.45,0
2015-02-10 10:11:00,1215.45,1215.45,1215.45,1215.45,0
2015-02-10 10:12:00,1215.45,1215.45,1215.45,1215.45,0
2015-02-10 10:13:00,1215.45,1215.45,1215.45,1215.45,0
2015-02-10 10:14:00,1215.45,1215.45,1215.45,1215.45,0
2015-02-10 10:15:00,1215.45,1215.45,1215.45,1215.45,0
2015-02-10 10:16:00,1215.45,1215.45,1215.45,1215.45,0
2015-02-10 10:17:00,1215.45,1215.45,1215.45,1215.45,0
2015-02-10 10:18:00,1213.75,1213.75,1213.75,1213.75,10
2015-02-10 10:19:00,1213.75,1213.8,1213.75,1213.8,1
2015-02-10 10:20:00,1213.8,1213.8,1213.8,1213.8,0
2015-02-10 10:21:00,1213.8,1213.8,1213.8,1213.8,0
2015-02-10 10:22:00,1213.8,1213.8,1213.8,1213.8,0
2015-02-10 10:23:00,1211.0,1211.05,1211.0,1211.05,71
2015-02-10 10:24:00,1211.05,1211.05,1204.55,1204.55,172
2015-02-10 10:25:00,1204.55,1204.55,1204.55,1204.55,0
2015-02-10 10:26:00,1204.55,1205.15,1204.55,1205.15,5
2015-02-10 10:27:00,1205.15,1209.75,1205.15,1209.75,5
2015-02-10 10:28:00,1209.75,1209.75,1209.75,1209.75,0
2015-02-10 10:29:00,1209.75,1209.95,1209.75,1209.95,10
2015-02-10 10:30:00,1210.0,1210.0,1210.0,1210.0,20
2015-02-10 10:31:00,1210.0,1210.0,1209.0,1209.0,5
2015-02-10 10:32:00,1209.0,1209.0,1209.0,1209.0,0
2015-02-10 10:33:00,1209.0,1209.0,1209.0,1209.0,0
2015-02-10 10:34:00,1209.05,1209.05,1206.1,1206.1,48
2015-02-10 10:35:00,1206.1,1206.1,1206.1,1206.1,0
2015-02-10 10:36:00,1206.1,1206.1,1206.1,1206.1,0
2015-02-10 10:37:00,1206.1,1206.1,1206.1,1206.1,0
2015-02-10 10:38:00,1206.1,1206.1,1206.1,1206.1,0
2015-02-10 10:39:00,1206.1,1206.1,1206.1,1206.1,0
2015-02-10 10:40:00,1206.1,1206.1,1206.1,1206.1,0
2015-02-10 10:41:00,1206.1,1210.0,1206.1,1210.0,40
2015-02-10 10:42:00,1210.0,1210.0,1210.0,1210.0,24
2015-02-10 10:43:00,1210.0,1210.0,1210.0,1210.0,0
2015-02-10 10:44:00,1210.0,1210.0,1210.0,1210.0,0
2015-02-10 10:45:00,1210.0,1210.0,1210.0,1210.0,0
2015-02-10 10:46:00,1210.0,1210.0,1210.0,1210.0,0
2015-02-10 10:47:00,1210.0,1210.0,1210.0,1210.0,5
2015-02-10 10:48:00,1210.0,1210.0,1210.0,1210.0,0
2015-02-10 10:49:00,1210.0,1210.0,1210.0,1210.0,0
2015-02-10 10:50:00,1210.0,1210.0,1210.0,1210.0,0
2015-02-10 10:51:00,1210.0,1210.0,1210.0,1210.0,0
2015-02-10 10:52:00,1210.0,1210.0,1210.0,1210.0,0
2015-02-10 10:53:00,1210.0,1210.0,1210.0,1210.0,0
2015-02-10 10:54:00,1209.0,1209.0,1209.0,1209.0,2
2015-02-10 10:55:00,1209.0,1209.0,1208.1,1208.1,41
2015-02-10 10:56:00,1208.1,1208.1,1208.1,1208.1,0
2015-02-10 10:57:00,1208.1,1208.1,1208.1,1208.1,0
2015-02-10 10:58:00,1209.85,1211.05,1209.85,1211.0,114
2015-02-10 10:59:00,1211.0,1211.0,1210.0,1210.0,50
2015-02-10 11:00:00,1210.0,1210.0,1209.6,1209.6,10
2015-02-10 11:01:00,1209.6,1209.6,1209.6,1209.6,0
2015-02-10 11:02:00,1209.6,1210.0,1208.25,1208.25,110
2015-02-10 11:03:00,1208.25,1208.25,1208.2,1208.2,25
2015-02-10 11:04:00,1208.2,1208.2,1208.2,1208.2,0
2015-02-10 11:05:00,1209.9,1209.9,1209.9,1209.9,10
2015-02-10 11:06:00,1209.9,1209.9,1209.9,1209.9,0
2015-02-10 11:07:00,1209.9,1209.9,1209.9,1209.9,0
2015-02-10 11:08:00,1209.95,1210.0,1209.95,1210.0,25
2015-02-10 11:09:00,1210.0,1210.0,1210.0,1210.0,0
2015-02-10 11:10:00,1210.0,1210.0,1210.0,1210.0,0
2015-02-10 11:11:00,1208.1,1208.1,1208.1,1208.1,3
2015-02-10 11:12:00,1208.1,1208.1,1208.1,1208.1,0
2015-02-10 11:13:00,1208.1,1208.1,1208.1,1208.1,0
2015-02-10 11:14:00,1208.1,1208.1,1208.1,1208.1,0
2015-02-10 11:15:00,1208.1,1208.1,1208.1,1208.1,0
2015-02-10 11:16:00,1208.1,1208.1,1208.1,1208.1,0
2015-02-10 11:17:00,1208.1,1208.1,1208.1,1208.1,0
2015-02-10 11:18:00,1208.1,1208.1,1208.1,1208.1,0
2015-02-10 11:19:00,1208.1,1208.1,1208.1,1208.1,0
2015-02-10 11:20:00,1210.0,1210.0,1210.0,1210.0,100
2015-02-10 11:21:00,1210.0,1210.0,1210.0,1210.0,0
2015-02-10 11:22:00,1210.0,1210.0,1210.0,1210.0,0
2015-02-10 11:23:00,1210.0,1210.0,1210.0,1210.0,52
2015-02-10 11:24:00,1210.0,1210.0,1210.0,1210.0,48
2015-02-10 11:25:00,1210.0,1210.0,1209.95,1210.0,20
2015-02-10 11:26:00,1210.0,1210.0,1210.0,1210.0,0
2015-02-10 11:27:00,1210.0,1210.0,1208.1,1208.1,103
2015-02-10 11:28:00,1208.1,1208.1,1208.1,1208.1,0
2015-02-10 11:29:00,1208.1,1208.1,1208.1,1208.1,0
2015-02-10 11:30:00,1208.1,1208.1,1208.1,1208.1,0
2015-02-10 11:31:00,1208.1,1208.1,1208.1,1208.1,0
2015-02-10 11:32:00,1208.1,1208.1,1207.15,1208.1,17
2015-02-10 11:33:00,1208.1,1208.85,1208.1,1208.85,7
2015-02-10 11:34:00,1209.85,1209.85,1209.85,1209.85,10
2015-02-10 11:35:00,1209.85,1209.85,1209.85,1209.85,2
2015-02-10 11:36:00,1209.85,1209.85,1209.85,1209.85,0
2015-02-10 11:37:00,1209.85,1209.85,1209.85,1209.85,0
2015-02-10 11:38:00,1209.85,1209.85,1209.85,1209.85,0
2015-02-10 11:39:00,1209.85,1209.85,1209.85,1209.85,0
2015-02-10 11:40:00,1209.85,1209.85,1209.85,1209.85,0
2015-02-10 11:41:00,1209.85,1209.85,1209.85,1209.85,0
2015-02-10 11:42:00,1209.85,1209.85,1209.85,1209.85,0
2015-02-10 11:43:00,1209.85,1209.85,1209.85,1209.85,0
2015-02-10 11:44:00,1209.85,1209.85,1209.85,1209.85,0
2015-02-10 11:45:00,1209.85,1209.85,1209.8,1209.8,3
2015-02-10 11:46:00,1209.8,1209.8,1209.8,1209.8,0
2015-02-10 11:47:00,1209.8,1209.8,1209.8,1209.8,0
2015-02-10 11:48:00,1209.8,1209.8,1209.8,1209.8,0
2015-02-10 11:49:00,1207.35,1209.55,1207.35,1209.55,29
2015-02-10 11:50:00,1209.55,1209.55,1209.55,1209.55,0
2015-02-10 11:51:00,1209.55,1209.55,1209.55,1209.55,0
2015-02-10 11:52:00,1209.55,1209.55,1209.55,1209.55,0
2015-02-10 11:53:00,1209.55,1209.55,1209.55,1209.55,0
2015-02-10 11:54:00,1209.55,1209.55,1209.55,1209.55,0
2015-02-10 11:55:00,1209.55,1209.55,1209.55,1209.55,0
2015-02-10 11:56:00,1209.55,1209.55,1209.55,1209.55,0
2015-02-10 11:57:00,1209.55,1209.55,1209.55,1209.55,0
2015-02-10 11:58:00,1209.55,1209.55,1209.55,1209.55,0
2015-02-10 11:59:00,1209.55,1209.55,1209.55,1209.55,0
2015-02-10 12:00:00,1209.55,1209.55,1209.55,1209.55,0
2015-02-10 12:01:00,1209.55,1209.55,1209.55,1209.55,0
2015-02-10 12:02:00,1209.55,1209.55,1209.55,1209.55,0
2015-02-10 12:03:00,1209.55,1209.55,1209.55,1209.55,0
2015-02-10 12:04:00,1209.55,1209.55,1209.55,1209.55,0
2015-02-10 12:05:00,1209.55,1209.55,1209.55,1209.55,0
2015-02-10 12:06:00,1209.55,1209.55,1209.55,1209.55,0
2015-02-10 12:07:00,1209.55,1209.55,1209.55,1209.55,0
2015-02-10 12:08:00,1209.55,1209.55,1209.55,1209.55,0
2015-02-10 12:09:00,1209.55,1209.55,1209.05,1209.05,15
2015-02-10 12:10:00,1209.05,1209.05,1207.7,1208.45,15
2015-02-10 12:11:00,1208.45,1208.45,1208.45,1208.45,0
2015-02-10 12:12:00,1208.45,1208.45,1208.45,1208.45,0
2015-02-10 12:13:00,1208.45,1208.45,1208.45,1208.45,0
2015-02-10 12:14:00,1209.05,1209.05,1209.05,1209.05,0
2015-02-10 12:15:00,1208.45,1208.45,1208.45,1208.45,0
2015-02-10 12:16:00,1208.45,1208.45,1207.25,1207.25,25
2015-02-10 12:17:00,1207.25,1207.25,1207.25,1207.25,6
2015-02-10 12:18:00,1207.25,1207.25,1207.25,1207.25,0
2015-02-10 12:19:00,1207.25,1207.25,1207.25,1207.25,0
2015-02-10 12:20:00,1209.0,1209.0,1209.0,1209.0,50
2015-02-10 12:21:00,1209.0,1209.0,1209.0,1209.0,0
2015-02-10 12:22:00,1209.0,1209.0,1209.0,1209.0,0
2015-02-10 12:23:00,1209.0,1209.0,1209.0,1209.0,0
2015-02-10 12:24:00,1209.0,1209.0,1209.0,1209.0,0
2015-02-10 12:25:00,1209.0,1209.0,1209.0,1209.0,0
2015-02-10 12:26:00,1209.0,1209.0,1207.25,1207.25,25
2015-02-10 12:27:00,1207.25,1207.25,1207.25,1207.25,0
2015-02-10 12:28:00,1209.0,1209.0,1209.0,1209.0,0
2015-02-10 12:29:00,1207.25,1207.25,1207.25,1207.25,0
2015-02-10 12:30:00,1207.25,1207.25,1207.25,1207.25,0
2015-02-10 12:31:00,1207.25,1207.25,1207.25,1207.25,0
2015-02-10 12:32:00,1207.25,1207.25,1207.25,1207.25,0
2015-02-10 12:33:00,1207.25,1207.25,1207.25,1207.25,0
2015-02-10 12:34:00,1207.25,1207.25,1207.25,1207.25,0
2015-02-10 12:35:00,1207.25,1207.25,1207.25,1207.25,100
2015-02-10 12:36:00,1207.25,1207.25,1207.25,1207.25,0
2015-02-10 12:37:00,1207.25,1207.25,1207.25,1207.25,0
2015-02-10 12:38:00,1207.25,1207.25,1207.25,1207.25,0
2015-02-10 12:39:00,1207.25,1207.25,1207.05,1207.05,342
2015-02-10 12:40:00,1207.05,1207.05,1207.0,1207.0,278
2015-02-10 12:41:00,1207.0,1207.0,1207.0,1207.0,0
2015-02-10 12:42:00,1207.0,1207.0,1207.0,1207.0,0
2015-02-10 12:43:00,1207.0,1207.0,1207.0,1207.0,0
2015-02-10 12:44:00,1207.0,1207.0,1207.0,1207.0,0
2015-02-10 12:45:00,1207.0,1208.8,1207.0,1208.8,20
2015-02-10 12:46:00,1208.8,1208.8,1208.8,1208.8,0
2015-02-10 12:47:00,1208.8,1208.8,1208.8,1208.8,0
2015-02-10 12:48:00,1208.8,1208.8,1208.8,1208.8,0
2015-02-10 12:49:00,1208.8,1208.8,1207.3,1207.3,1
2015-02-10 12:50:00,1207.3,1207.3,1207.3,1207.3,0
2015-02-10 12:51:00,1207.3,1207.3,1207.3,1207.3,0
2015-02-10 12:52:00,1207.3,1207.3,1207.3,1207.3,0
2015-02-10 12:53:00,1207.3,1207.3,1207.3,1207.3,0
2015-02-10 12:54:00,1207.3,1207.3,1207.3,1207.3,0
2015-02-10 12:55:00,1208.95,1208.95,1208.95,1208.95,2
2015-02-10 12:56:00,1208.95,1208.95,1208.0,1208.0,4
2015-02-10 12:57:00,1208.0,1208.05,1208.0,1208.05,2
2015-02-10 12:58:00,1208.05,1208.05,1208.05,1208.05,0
2015-02-10 12:59:00,1208.05,1208.05,1208.05,1208.05,0
2015-02-10 13:00:00,1208.05,1208.05,1208.05,1208.05,0
2015-02-10 13:01:00,1208.05,1208.05,1208.05,1208.05,0
2015-02-10 13:02:00,1208.05,1208.05,1208.05,1208.05,0
2015-02-10 13:03:00,1208.05,1208.05,1208.05,1208.05,0
2015-02-10 13:04:00,1208.0,1208.0,1207.2,1207.2,12
2015-02-10 13:05:00,1207.2,1207.2,1207.2,1207.2,24
2015-02-10 13:06:00,1207.2,1207.2,1207.2,1207.2,0
2015-02-10 13:07:00,1207.2,1207.2,1207.2,1207.2,0
2015-02-10 13:08:00,1207.2,1207.2,1207.2,1207.2,0
2015-02-10 13:09:00,1207.2,1207.2,1206.95,1206.95,5
2015-02-10 13:10:00,1206.1,1206.1,1206.1,1206.1,67
2015-02-10 13:11:00,1206.1,1206.1,1206.1,1206.1,0
2015-02-10 13:12:00,1206.1,1206.1,1206.1,1206.1,0
2015-02-10 13:13:00,1206.1,1206.1,1206.1,1206.1,0
2015-02-10 13:14:00,1205.1,1205.1,1205.1,1205.1,200
2015-02-10 13:15:00,1205.1,1205.1,1205.1,1205.1,25
2015-02-10 13:16:00,1205.1,1205.1,1205.1,1205.1,0
2015-02-10 13:17:00,1205.1,1205.1,1205.1,1205.1,0
2015-02-10 13:18:00,1205.1,1205.1,1205.1,1205.1,27
2015-02-10 13:19:00,1205.1,1205.1,1205.1,1205.1,0
2015-02-10 13:20:00,1205.1,1205.1,1205.1,1205.1,0
2015-02-10 13:21:00,1205.1,1205.1,1205.1,1205.1,0
2015-02-10 13:22:00,1205.1,1205.1,1205.1,1205.1,0
2015-02-10 13:23:00,1205.1,1205.1,1205.1,1205.1,39
2015-02-10 13:24:00,1205.1,1205.1,1205.1,1205.1,25
2015-02-10 13:25:00,1205.1,1205.1,1205.1,1205.1,0
2015-02-10 13:26:00,1205.1,1205.1,1205.1,1205.1,100
2015-02-10 13:27:00,1205.1,1205.1,1205.1,1205.1,0
2015-02-10 13:28:00,1205.1,1205.1,1205.1,1205.1,5
2015-02-10 13:29:00,1205.1,1205.1,1205.1,1205.1,0
2015-02-10 13:30:00,1205.1,1205.1,1205.1,1205.1,0
2015-02-10 13:31:00,1205.1,1205.1,1205.1,1205.1,10
2015-02-10 13:32:00,1205.1,1205.7,1205.1,1205.7,10
2015-02-10 13:33:00,1205.7,1205.7,1205.7,1205.7,0
2015-02-10 13:34:00,1205.1,1205.1,1205.1,1205.1,25
2015-02-10 13:35:00,1205.1,1205.1,1205.1,1205.1,0
2015-02-10 13:36:00,1205.1,1205.1,1205.1,1205.1,0
2015-02-10 13:37:00,1205.1,1205.1,1205.1,1205.1,0
2015-02-10 13:38:00,1205.1,1205.1,1205.1,1205.1,0
2015-02-10 13:39:00,1205.1,1207.0,1205.1,1207.0,22
2015-02-10 13:40:00,1207.0,1207.0,1207.0,1207.0,0
2015-02-10 13:41:00,1207.0,1207.0,1207.0,1207.0,0
2015-02-10 13:42:00,1207.0,1207.0,1207.0,1207.0,13
2015-02-10 13:43:00,1207.0,1207.0,1207.0,1207.0,0
2015-02-10 13:44:00,1207.0,1207.0,1207.0,1207.0,0
2015-02-10 13:45:00,1207.0,1207.0,1207.0,1207.0,0
2015-02-10 13:46:00,1207.0,1207.0,1207.0,1207.0,0
2015-02-10 13:47:00,1207.0,1207.0,1207.0,1207.0,0
2015-02-10 13:48:00,1207.0,1207.0,1207.0,1207.0,0
2015-02-10 13:49:00,1207.0,1207.0,1207.0,1207.0,0
2015-02-10 13:50:00,1207.0,1207.0,1207.0,1207.0,0
2015-02-10 13:51:00,1207.0,1207.0,1207.0,1207.0,0
2015-02-10 13:52:00,1205.1,1205.1,1205.1,1205.1,15
2015-02-10 13:53:00,1205.1,1205.1,1205.1,1205.1,15
2015-02-10 13:54:00,1205.1,1205.1,1205.1,1205.1,0
2015-02-10 13:55:00,1205.1,1205.1,1205.1,1205.1,0
2015-02-10 13:56:00,1205.1,1205.1,1205.1,1205.1,0
2015-02-10 13:57:00,1205.1,1205.1,1205.1,1205.1,0
2015-02-10 13:58:00,1205.35,1205.35,1205.35,1205.35,3
2015-02-10 13:59:00,1205.35,1205.35,1205.35,1205.35,0
2015-02-10 14:00:00,1206.0,1206.0,1206.0,1206.0,12
2015-02-10 14:01:00,1206.0,1206.0,1206.0,1206.0,3
2015-02-10 14:02:00,1206.0,1206.0,1206.0,1206.0,76
2015-02-10 14:03:00,1206.0,1206.0,1206.0,1206.0,0
2015-02-10 14:04:00,1206.0,1206.0,1206.0,1206.0,30
2015-02-10 14:05:00,1206.0,1206.0,1206.0,1206.0,7
2015-02-10 14:06:00,1206.0,1206.0,1206.0,1206.0,0
2015-02-10 14:07:00,1206.0,1206.0,1206.0,1206.0,4
2015-02-10 14:08:00,1206.0,1206.0,1206.0,1206.0,6
2015-02-10 14:09:00,1206.0,1206.0,1206.0,1206.0,0
2015-02-10 14:10:00,1206.0,1206.0,1206.0,1206.0,0
2015-02-10 14:11:00,1206.0,1206.0,1206.0,1206.0,105
2015-02-10 14:12:00,1206.0,1206.0,1206.0,1206.0,0
2015-02-10 14:13:00,1206.0,1206.0,1206.0,1206.0,0
2015-02-10 14:14:00,1206.0,1206.0,1206.0,1206.0,0
2015-02-10 14:15:00,1206.0,1206.0,1206.0,1206.0,50
2015-02-10 14:16:00,1206.0,1206.0,1202.1,1202.1,672
2015-02-10 14:17:00,1202.1,1202.1,1198.25,1198.25,1138
2015-02-10 14:18:00,1198.25,1200.0,1197.5,1197.5,1834
2015-02-10 14:19:00,1197.5,1197.5,1197.5,1197.5,0
2015-02-10 14:20:00,1197.5,1197.5,1197.5,1197.5,0
2015-02-10 14:21:00,1197.5,1197.5,1197.5,1197.5,0
2015-02-10 14:22:00,1197.5,1197.5,1197.5,1197.5,0
2015-02-10 14:23:00,1197.5,1197.5,1197.5,1197.5,0
2015-02-10 14:24:00,1197.5,1197.5,1197.5,1197.5,0
2015-02-10 14:25:00,1197.55,1197.55,1197.55,1197.55,10
2015-02-10 14:26:00,1197.55,1197.55,1196.4,1196.4,50
2015-02-10 14:27:00,1196.4,1196.4,1196.35,1196.35,100
2015-02-10 14:28:00,1196.35,1196.35,1194.7,1194.7,13
2015-02-10 14:29:00,1194.7,1194.7,1194.7,1194.7,0
2015-02-10 14:30:00,1194.7,1194.7,1194.7,1194.7,0
2015-02-10 14:31:00,1194.7,1194.7,1194.7,1194.7,0
2015-02-10 14:32:00,1192.0,1192.0,1191.8,1191.8,21
2015-02-10 14:33:00,1191.6,1191.75,1191.6,1191.75,107
2015-02-10 14:34:00,1191.75,1191.8,1191.75,1191.8,11
2015-02-10 14:35:00,1191.8,1194.7,1191.8,1194.7,50
2015-02-10 14:36:00,1194.7,1194.7,1194.65,1194.65,43
2015-02-10 14:37:00,1194.65,1195.0,1194.65,1195.0,35
2015-02-10 14:38:00,1195.0,1195.0,1195.0,1195.0,50
2015-02-10 14:39:00,1195.0,1195.0,1195.0,1195.0,0
2015-02-10 14:40:00,1195.0,1195.0,1195.0,1195.0,2
2015-02-10 14:41:00,1195.0,1195.0,1195.0,1195.0,17
2015-02-10 14:42:00,1195.0,1195.0,1195.0,1195.0,25
2015-02-10 14:43:00,1195.0,1195.0,1195.0,1195.0,0
2015-02-10 14:44:00,1195.0,1195.0,1195.0,1195.0,0
2015-02-10 14:45:00,1195.0,1195.0,1195.0,1195.0,0
2015-02-10 14:46:00,1195.0,1195.0,1195.0,1195.0,0
2015-02-10 14:47:00,1195.0,1195.0,1195.0,1195.0,0
2015-02-10 14:48:00,1195.0,1195.0,1195.0,1195.0,20
2015-02-10 14:49:00,1195.0,1195.0,1195.0,1195.0,0
2015-02-10 14:50:00,1195.0,1195.0,1195.0,1195.0,0
2015-02-10 14:51:00,1195.05,1195.05,1195.05,1195.05,15
2015-02-10 14:52:00,1195.05,1201.0,1195.05,1201.0,60
2015-02-10 14:53:00,1203.75,1203.75,1203.75,1203.75,5
2015-02-10 14:54:00,1203.75,1203.75,1203.75,1203.75,0
2015-02-10 14:55:00,1203.75,1203.75,1203.75,1203.75,0
2015-02-10 14:56:00,1203.75,1203.75,1203.75,1203.75,0
2015-02-10 14:57:00,1203.75,1203.75,1203.75,1203.75,0
2015-02-10 14:58:00,1203.75,1203.75,1203.75,1203.75,0
2015-02-10 14:59:00,1203.75,1203.75,1203.75,1203.75,0
2015-02-10 15:00:00,1203.75,1203.75,1201.0,1201.0,20
2015-02-10 15:01:00,1201.0,1201.0,1201.0,1201.0,0
2015-02-10 15:02:00,1201.0,1201.1,1201.0,1201.1,29
2015-02-10 15:03:00,1201.1,1201.1,1201.0,1201.0,18
2015-02-10 15:04:00,1201.0,1205.7,1201.0,1205.7,1
2015-02-10 15:05:00,1205.7,1205.7,1205.7,1205.7,0
2015-02-10 15:06:00,1205.7,1206.35,1205.7,1206.35,5
2015-02-10 15:07:00,1206.35,1206.35,1206.35,1206.35,0
2015-02-10 15:08:00,1206.35,1206.35,1206.35,1206.35,0
2015-02-10 15:09:00,1206.35,1206.35,1206.35,1206.35,0
2015-02-10 15:10:00,1206.35,1206.35,1201.0,1205.0,511
2015-02-10 15:11:00,1205.0,1205.0,1199.45,1205.0,117
2015-02-10 15:12:00,1205.0,1205.0,1205.0,1205.0,0
2015-02-10 15:13:00,1205.0,1207.1,1203.75,1207.1,120
2015-02-10 15:14:00,1207.1,1207.1,1207.1,1207.1,0
2015-02-10 15:15:00,1207.1,1207.1,1207.1,1207.1,0
2015-02-10 15:16:00,1207.1,1207.1,1203.75,1206.4,13
2015-02-10 15:17:00,1206.4,1206.4,1206.4,1206.4,0
2015-02-10 15:18:00,1206.4,1208.35,1206.4,1208.35,3
2015-02-10 15:19:00,1208.35,1208.35,1208.35,1208.35,0
2015-02-10 15:20:00,1208.35,1210.0,1207.15,1207.45,38
2015-02-10 15:21:00,1207.45,1207.55,1201.1,1202.05,92
2015-02-10 15:22:00,1201.05,1202.9,1201.0,1201.15,83
2015-02-10 15:23:00,1201.15,1202.05,1201.15,1202.05,11
2015-02-10 15:24:00,1202.05,1202.05,1202.05,1202.05,11
2015-02-10 15:25:00,1202.05,1203.55,1202.0,1202.0,110
2015-02-10 15:26:00,1202.0,1202.0,1201.1,1201.1,81
2015-02-10 15:27:00,1201.1,1204.9,1201.1,1204.9,31
2015-02-10 15:28:00,1204.9,1205.0,1204.9,1205.0,23
2015-02-10 15:29:00,1205.0,1205.0,1202.0,1205.0,15
2015-02-11 09:15:00,1208.0,1208.0,1208.0,1208.0,25
2015-02-11 09:16:00,1208.0,1208.0,1208.0,1208.0,0
2015-02-11 09:17:00,1208.0,1208.0,1208.0,1208.0,0
2015-02-11 09:18:00,1208.0,1208.0,1200.05,1200.05,28
2015-02-11 09:19:00,1200.05,1207.9,1200.05,1207.9,10
2015-02-11 09:20:00,1207.9,1207.9,1207.9,1207.9,0
2015-02-11 09:21:00,1207.9,1207.9,1207.9,1207.9,0
2015-02-11 09:22:00,1207.9,1207.9,1202.05,1202.05,29
2015-02-11 09:23:00,1202.05,1202.05,1202.05,1202.05,0
2015-02-11 09:24:00,1202.05,1202.05,1202.05,1202.05,0
2015-02-11 09:25:00,1202.05,1202.05,1202.05,1202.05,0
2015-02-11 09:26:00,1202.05,1202.05,1202.05,1202.05,0
2015-02-11 09:27:00,1202.05,1202.05,1202.05,1202.05,0
2015-02-11 09:28:00,1202.05,1203.8,1202.05,1202.9,45
2015-02-11 09:29:00,1202.9,1202.9,1202.9,1202.9,6
2015-02-11 09:30:00,1202.9,1202.9,1202.9,1202.9,0
2015-02-11 09:31:00,1202.9,1202.9,1202.9,1202.9,2
2015-02-11 09:32:00,1202.9,1202.9,1202.9,1202.9,0
2015-02-11 09:33:00,1202.9,1202.9,1202.9,1202.9,0
2015-02-11 09:34:00,1202.9,1202.9,1202.9,1202.9,0
2015-02-11 09:35:00,1202.9,1202.9,1202.9,1202.9,0
2015-02-11 09:36:00,1202.9,1202.9,1202.9,1202.9,0
2015-02-11 09:37:00,1202.9,1202.9,1202.9,1202.9,0
2015-02-11 09:38:00,1202.9,1202.9,1202.9,1202.9,0
2015-02-11 09:39:00,1202.9,1202.9,1202.9,1202.9,0
2015-02-11 09:40:00,1205.0,1205.15,1205.0,1205.15,102
2015-02-11 09:41:00,1205.15,1205.15,1205.15,1205.15,0
2015-02-11 09:42:00,1205.15,1205.15,1205.15,1205.15,0
2015-02-11 09:43:00,1205.15,1205.15,1205.15,1205.15,0
2015-02-11 09:44:00,1205.15,1205.15,1205.15,1205.15,0
2015-02-11 09:45:00,1205.15,1205.15,1205.15,1205.15,0
2015-02-11 09:46:00,1205.15,1205.15,1205.15,1205.15,0
2015-02-11 09:47:00,1205.15,1205.15,1205.15,1205.15,0
2015-02-11 09:48:00,1205.15,1205.15,1205.15,1205.15,0
2015-02-11 09:49:00,1205.15,1205.15,1205.15,1205.15,0
2015-02-11 09:50:00,1205.15,1205.15,1205.15,1205.15,0
2015-02-11 09:51:00,1205.15,1205.15,1205.15,1205.15,0
2015-02-11 09:52:00,1205.15,1205.15,1205.15,1205.15,0
2015-02-11 09:53:00,1205.15,1205.15,1205.15,1205.15,0
2015-02-11 09:54:00,1202.95,1202.95,1202.95,1202.95,9
2015-02-11 09:55:00,1202.95,1202.95,1202.95,1202.95,0
2015-02-11 09:56:00,1202.95,1202.95,1202.95,1202.95,0
2015-02-11 09:57:00,1202.95,1202.95,1202.95,1202.95,0
2015-02-11 09:58:00,1202.95,1202.95,1202.95,1202.95,0
2015-02-11 09:59:00,1205.65,1205.65,1205.65,1205.65,2
2015-02-11 10:00:00,1205.65,1205.65,1205.65,1205.65,0
2015-02-11 10:01:00,1205.65,1205.65,1205.65,1205.65,0
2015-02-11 10:02:00,1205.65,1205.65,1205.65,1205.65,0
2015-02-11 10:03:00,1205.65,1205.65,1205.65,1205.65,0
2015-02-11 10:04:00,1203.0,1203.0,1203.0,1203.0,6
2015-02-11 10:05:00,1203.0,1203.0,1203.0,1203.0,0
2015-02-11 10:06:00,1203.0,1203.0,1203.0,1203.0,0
2015-02-11 10:07:00,1203.0,1203.0,1203.0,1203.0,0
2015-02-11 10:08:00,1203.0,1203.0,1203.0,1203.0,0
2015-02-11 10:09:00,1203.0,1203.0,1203.0,1203.0,0
2015-02-11 10:10:00,1203.0,1205.15,1203.0,1205.15,25
2015-02-11 10:11:00,1205.15,1206.25,1205.15,1206.25,1
2015-02-11 10:12:00,1206.25,1206.25,1206.25,1206.25,0
2015-02-11 10:13:00,1206.25,1206.25,1206.25,1206.25,0
2015-02-11 10:14:00,1206.25,1206.25,1206.25,1206.25,0
2015-02-11 10:15:00,1206.25,1206.25,1206.25,1206.25,0
2015-02-11 10:16:00,1206.25,1206.25,1203.1,1203.1,30
2015-02-11 10:17:00,1203.1,1203.1,1203.1,1203.1,0
2015-02-11 10:18:00,1203.1,1203.1,1203.1,1203.1,0
2015-02-11 10:19:00,1203.1,1203.1,1203.1,1203.1,0
2015-02-11 10:20:00,1203.1,1203.1,1203.1,1203.1,0
2015-02-11 10:21:00,1203.1,1203.1,1203.1,1203.1,0
2015-02-11 10:22:00,1203.1,1203.1,1203.1,1203.1,0
2015-02-11 10:23:00,1203.1,1203.1,1203.1,1203.1,0
2015-02-11 10:24:00,1203.1,1203.1,1203.1,1203.1,0
2015-02-11 10:25:00,1203.1,1203.1,1203.1,1203.1,0
2015-02-11 10:26:00,1203.1,1203.1,1203.1,1203.1,0
2015-02-11 10:27:00,1203.1,1203.1,1203.1,1203.1,0
2015-02-11 10:28:00,1203.1,1203.1,1203.1,1203.1,0
2015-02-11 10:29:00,1203.1,1203.1,1203.1,1203.1,0
2015-02-11 10:30:00,1203.1,1203.1,1203.1,1203.1,0
2015-02-11 10:31:00,1203.1,1208.0,1203.1,1208.0,50
2015-02-11 10:32:00,1208.0,1208.0,1205.7,1205.7,23
2015-02-11 10:33:00,1209.0,1212.6,1209.0,1212.6,278
2015-02-11 10:34:00,1212.6,1214.2,1209.65,1214.2,25
2015-02-11 10:35:00,1214.2,1214.2,1205.7,1205.7,30
2015-02-11 10:36:00,1205.7,1210.0,1205.7,1210.0,11
2015-02-11 10:37:00,1210.0,1210.0,1210.0,1210.0,9
2015-02-11 10:38:00,1210.0,1210.0,1205.7,1209.95,98
2015-02-11 10:39:00,1209.95,1210.0,1209.95,1210.0,51
2015-02-11 10:40:00,1210.0,1210.0,1206.45,1206.45,1
2015-02-11 10:41:00,1206.45,1210.0,1206.45,1210.0,2
2015-02-11 10:42:00,1210.0,1214.85,1210.0,1214.85,8
2015-02-11 10:43:00,1214.85,1214.85,1214.85,1214.85,0
2015-02-11 10:44:00,1212.0,1215.0,1212.0,1215.0,40
2015-02-11 10:45:00,1208.4,1211.95,1208.4,1211.95,4
2015-02-11 10:46:00,1211.95,1211.95,1211.95,1211.95,0
2015-02-11 10:47:00,1211.95,1212.0,1211.95,1212.0,4
2015-02-11 10:48:00,1212.0,1214.0,1212.0,1214.0,1
2015-02-11 10:49:00,1214.0,1214.0,1214.0,1214.0,0
2015-02-11 10:50:00,1214.0,1214.0,1214.0,1214.0,0
2015-02-11 10:51:00,1214.0,1214.0,1214.0,1214.0,0
2015-02-11 10:52:00,1214.0,1214.0,1214.0,1214.0,0
2015-02-11 10:53:00,1214.0,1214.0,1214.0,1214.0,0
2015-02-11 10:54:00,1214.0,1214.0,1214.0,1214.0,0
2015-02-11 10:55:00,1214.0,1214.0,1214.0,1214.0,0
2015-02-11 10:56:00,1214.0,1214.0,1214.0,1214.0,0
2015-02-11 10:57:00,1214.0,1214.0,1214.0,1214.0,0
2015-02-11 10:58:00,1214.0,1214.0,1214.0,1214.0,0
2015-02-11 10:59:00,1214.0,1214.0,1214.0,1214.0,0
2015-02-11 11:00:00,1214.0,1214.0,1214.0,1214.0,0
2015-02-11 11:01:00,1214.0,1214.0,1214.0,1214.0,0
2015-02-11 11:02:00,1214.0,1214.0,1211.95,1211.95,12
2015-02-11 11:03:00,1211.95,1211.95,1211.95,1211.95,0
2015-02-11 11:04:00,1211.95,1211.95,1211.95,1211.95,0
2015-02-11 11:05:00,1211.95,1211.95,1211.95,1211.95,0
2015-02-11 11:06:00,1211.95,1211.95,1211.95,1211.95,3
2015-02-11 11:07:00,1211.95,1211.95,1211.95,1211.95,0
2015-02-11 11:08:00,1211.95,1211.95,1211.95,1211.95,0
2015-02-11 11:09:00,1211.95,1211.95,1211.95,1211.95,0
2015-02-11 11:10:00,1211.95,1211.95,1211.95,1211.95,0
2015-02-11 11:11:00,1211.95,1211.95,1211.95,1211.95,0
2015-02-11 11:12:00,1211.95,1211.95,1211.95,1211.95,0
2015-02-11 11:13:00,1211.0,1211.0,1210.95,1210.95,19
2015-02-11 11:14:00,1210.95,1210.95,1210.95,1210.95,0
2015-02-11 11:15:00,1211.95,1211.95,1211.95,1211.95,0
2015-02-11 11:16:00,1210.95,1210.95,1210.95,1210.95,0
2015-02-11 11:17:00,1210.95,1210.95,1210.95,1210.95,0
2015-02-11 11:18:00,1210.95,1210.95,1210.95,1210.95,0
2015-02-11 11:19:00,1210.95,1210.95,1210.95,1210.95,0
2015-02-11 11:20:00,1210.95,1210.95,1210.95,1210.95,0
2015-02-11 11:21:00,1210.95,1210.95,1210.95,1210.95,0
2015-02-11 11:22:00,1210.95,1210.95,1210.95,1210.95,0
2015-02-11 11:23:00,1210.95,1210.95,1210.95,1210.95,0
2015-02-11 11:24:00,1210.95,1210.95,1210.95,1210.95,0
2015-02-11 11:25:00,1210.95,1210.95,1210.95,1210.95,0
2015-02-11 11:26:00,1210.95,1210.95,1210.95,1210.95,0
2015-02-11 11:27:00,1208.4,1208.4,1208.35,1208.35,17
2015-02-11 11:28:00,1207.7,1207.7,1206.0,1206.0,3
2015-02-11 11:29:00,1206.0,1206.0,1206.0,1206.0,0
2015-02-11 11:30:00,1206.0,1206.0,1206.0,1206.0,0
2015-02-11 11:31:00,1206.0,1206.0,1206.0,1206.0,0
2015-02-11 11:32:00,1206.0,1206.0,1206.0,1206.0,0
2015-02-11 11:33:00,1206.0,1206.0,1206.0,1206.0,0
2015-02-11 11:34:00,1206.0,1206.0,1206.0,1206.0,0
2015-02-11 11:35:00,1206.0,1206.0,1206.0,1206.0,0
2015-02-11 11:36:00,1206.0,1206.0,1206.0,1206.0,0
2015-02-11 11:37:00,1206.0,1206.0,1206.0,1206.0,0
2015-02-11 11:38:00,1208.4,1208.4,1208.4,1208.4,5
2015-02-11 11:39:00,1211.0,1215.0,1207.75,1207.75,433
2015-02-11 11:40:00,1207.75,1207.75,1207.75,1207.75,0
2015-02-11 11:41:00,1207.75,1212.05,1207.75,1212.05,1
2015-02-11 11:42:00,1212.05,1212.05,1212.05,1212.05,0
2015-02-11 11:43:00,1212.05,1215.0,1212.05,1215.0,150
2015-02-11 11:44:00,1215.0,1215.0,1215.0,1215.0,0
2015-02-11 11:45:00,1215.0,1215.0,1215.0,1215.0,0
2015-02-11 11:46:00,1215.0,1215.0,1215.0,1215.0,0
2015-02-11 11:47:00,1215.0,1215.0,1215.0,1215.0,0
2015-02-11 11:48:00,1215.0,1215.0,1215.0,1215.0,0
2015-02-11 11:49:00,1215.0,1215.0,1215.0,1215.0,0
2015-02-11 11:50:00,1215.0,1215.0,1215.0,1215.0,0
2015-02-11 11:51:00,1215.0,1215.0,1215.0,1215.0,0
2015-02-11 11:52:00,1215.0,1215.0,1215.0,1215.0,0
2015-02-11 11:53:00,1214.85,1215.0,1214.85,1215.0,50
2015-02-11 11:54:00,1215.0,1215.0,1215.0,1215.0,201
2015-02-11 11:55:00,1215.0,1215.0,1215.0,1215.0,0
2015-02-11 11:56:00,1214.9,1214.9,1214.9,1214.9,50
2015-02-11 11:57:00,1214.9,1214.9,1214.9,1214.9,0
2015-02-11 11:58:00,1214.9,1214.9,1214.9,1214.9,0
2015-02-11 11:59:00,1214.9,1214.9,1214.9,1214.9,0
2015-02-11 12:00:00,1214.9,1214.9,1214.9,1214.9,0
2015-02-11 12:01:00,1214.9,1214.9,1214.9,1214.9,0
2015-02-11 12:02:00,1215.0,1215.0,1215.0,1215.0,0
2015-02-11 12:03:00,1214.9,1214.9,1214.9,1214.9,0
2015-02-11 12:04:00,1214.9,1214.9,1214.9,1214.9,0
2015-02-11 12:05:00,1214.9,1214.9,1214.9,1214.9,0
2015-02-11 12:06:00,1214.9,1214.9,1214.9,1214.9,0
2015-02-11 12:07:00,1214.9,1214.9,1214.9,1214.9,0
2015-02-11 12:08:00,1214.9,1214.9,1214.9,1214.9,0
2015-02-11 12:09:00,1214.9,1214.9,1206.55,1206.55,50
2015-02-11 12:10:00,1206.55,1206.55,1206.55,1206.55,0
2015-02-11 12:11:00,1206.55,1214.9,1206.55,1214.9,30
2015-02-11 12:12:00,1214.9,1214.9,1214.9,1214.9,0
2015-02-11 12:13:00,1214.9,1214.9,1214.9,1214.9,0
2015-02-11 12:14:00,1211.65,1211.65,1210.3,1210.3,11
2015-02-11 12:15:00,1211.65,1211.65,1211.65,1211.65,53
2015-02-11 12:16:00,1211.65,1211.65,1211.65,1211.65,0
2015-02-11 12:17:00,1210.3,1210.3,1210.3,1210.3,0
2015-02-11 12:18:00,1211.65,1211.65,1211.65,1211.65,0
2015-02-11 12:19:00,1211.65,1211.65,1211.65,1211.65,41
2015-02-11 12:20:00,1211.65,1211.65,1206.5,1210.35,80
2015-02-11 12:21:00,1210.35,1210.35,1210.35,1210.35,0
2015-02-11 12:22:00,1210.35,1210.35,1210.35,1210.35,0
2015-02-11 12:23:00,1210.35,1210.35,1210.35,1210.35,0
2015-02-11 12:24:00,1210.35,1210.35,1210.35,1210.35,0
2015-02-11 12:25:00,1210.35,1210.35,1210.35,1210.35,0
2015-02-11 12:26:00,1210.35,1210.35,1210.35,1210.35,0
2015-02-11 12:27:00,1210.35,1210.35,1210.35,1210.35,0
2015-02-11 12:28:00,1210.3,1210.3,1210.3,1210.3,9
2015-02-11 12:29:00,1210.3,1210.3,1210.0,1210.1,1635
2015-02-11 12:30:00,1209.65,1210.0,1209.65,1210.0,313
2015-02-11 12:31:00,1210.0,1210.0,1210.0,1210.0,0
2015-02-11 12:32:00,1210.1,1210.1,1210.1,1210.1,0
2015-02-11 12:33:00,1210.0,1210.0,1210.0,1210.0,0
2015-02-11 12:34:00,1210.1,1210.1,1210.1,1210.1,0
2015-02-11 12:35:00,1210.0,1210.0,1210.0,1210.0,0
2015-02-11 12:36:00,1210.0,1210.0,1210.0,1210.0,0
2015-02-11 12:37:00,1210.0,1210.0,1210.0,1210.0,149
2015-02-11 12:38:00,1214.85,1214.85,1214.85,1214.85,9
2015-02-11 12:39:00,1214.85,1214.85,1214.85,1214.85,0
2015-02-11 12:40:00,1214.85,1214.85,1214.85,1214.85,0
2015-02-11 12:41:00,1214.0,1214.0,1214.0,1214.0,300
2015-02-11 12:42:00,1214.0,1215.0,1214.0,1215.0,100
2015-02-11 12:43:00,1215.0,1218.75,1215.0,1218.75,90
2015-02-11 12:44:00,1218.0,1218.75,1216.8,1218.75,127
2015-02-11 12:45:00,1218.75,1218.75,1215.0,1215.0,11
2015-02-11 12:46:00,1215.0,1215.0,1215.0,1215.0,0
2015-02-11 12:47:00,1215.0,1215.0,1215.0,1215.0,0
2015-02-11 12:48:00,1218.7,1218.7,1218.0,1218.0,150
2015-02-11 12:49:00,1218.0,1218.0,1215.0,1215.0,503
2015-02-11 12:50:00,1215.0,1215.0,1215.0,1215.0,0
2015-02-11 12:51:00,1215.0,1215.0,1215.0,1215.0,0
2015-02-11 12:52:00,1215.0,1215.0,1215.0,1215.0,0
2015-02-11 12:53:00,1215.0,1215.0,1215.0,1215.0,0
2015-02-11 12:54:00,1215.0,1215.0,1215.0,1215.0,0
2015-02-11 12:55:00,1215.0,1215.0,1215.0,1215.0,0
2015-02-11 12:56:00,1215.0,1215.0,1215.0,1215.0,0
2015-02-11 12:57:00,1212.9,1212.9,1212.9,1212.9,20
2015-02-11 12:58:00,1212.9,1212.95,1212.9,1212.95,100
2015-02-11 12:59:00,1212.95,1212.95,1212.95,1212.95,0
2015-02-11 13:00:00,1212.9,1212.9,1212.9,1212.9,0
2015-02-11 13:01:00,1212.95,1212.95,1212.95,1212.95,0
2015-02-11 13:02:00,1212.9,1212.9,1212.9,1212.9,3
2015-02-11 13:03:00,1212.9,1212.9,1212.9,1212.9,0
2015-02-11 13:04:00,1212.9,1212.9,1212.9,1212.9,0
2015-02-11 13:05:00,1212.9,1212.9,1212.9,1212.9,0
2015-02-11 13:06:00,1218.7,1218.7,1218.7,1218.7,1
2015-02-11 13:07:00,1218.7,1218.7,1218.7,1218.7,0
2015-02-11 13:08:00,1218.7,1218.7,1218.7,1218.7,0
2015-02-11 13:09:00,1218.7,1218.7,1218.7,1218.7,0
2015-02-11 13:10:00,1218.7,1218.7,1218.7,1218.7,0
2015-02-11 13:11:00,1218.7,1218.7,1218.7,1218.7,0
2015-02-11 13:12:00,1218.7,1218.7,1218.7,1218.7,0
2015-02-11 13:13:00,1218.7,1218.7,1218.7,1218.7,0
2015-02-11 13:14:00,1218.7,1218.7,1214.0,1214.0,2
2015-02-11 13:15:00,1214.0,1214.0,1214.0,1214.0,0
2015-02-11 13:16:00,1214.0,1216.1,1214.0,1216.1,10
2015-02-11 13:17:00,1218.55,1218.55,1218.55,1218.55,15
2015-02-11 13:18:00,1218.55,1218.55,1218.55,1218.55,0
2015-02-11 13:19:00,1218.55,1218.6,1218.55,1218.6,17
2015-02-11 13:20:00,1218.6,1218.6,1215.0,1215.0,4
2015-02-11 13:21:00,1215.0,1215.0,1215.0,1215.0,0
2015-02-11 13:22:00,1215.0,1215.0,1210.3,1210.3,20
2015-02-11 13:23:00,1210.3,1215.0,1210.3,1214.05,21
2015-02-11 13:24:00,1214.05,1214.05,1214.05,1214.05,109
2015-02-11 13:25:00,1214.05,1214.05,1214.05,1214.05,0
2015-02-11 13:26:00,1214.05,1214.05,1214.05,1214.05,0
2015-02-11 13:27:00,1214.05,1214.05,1214.05,1214.05,0
2015-02-11 13:28:00,1214.05,1214.05,1214.05,1214.05,0
2015-02-11 13:29:00,1214.05,1214.05,1214.05,1214.05,0
2015-02-11 13:30:00,1214.05,1214.05,1214.05,1214.05,0
2015-02-11 13:31:00,1214.05,1214.05,1214.05,1214.05,0
2015-02-11 13:32:00,1214.05,1214.05,1214.05,1214.05,0
2015-02-11 13:33:00,1213.55,1213.55,1213.55,1213.55,2
2015-02-11 13:34:00,1213.55,1213.55,1213.55,1213.55,0
2015-02-11 13:35:00,1214.9,1214.9,1214.9,1214.9,5
2015-02-11 13:36:00,1214.9,1214.9,1214.9,1214.9,0
2015-02-11 13:37:00,1212.0,1212.0,1212.0,1212.0,11
2015-02-11 13:38:00,1212.0,1212.0,1212.0,1212.0,0
2015-02-11 13:39:00,1212.0,1212.0,1212.0,1212.0,0
2015-02-11 13:40:00,1212.0,1212.0,1212.0,1212.0,0
2015-02-11 13:41:00,1212.0,1212.0,1212.0,1212.0,0
2015-02-11 13:42:00,1215.0,1215.0,1215.0,1215.0,50
2015-02-11 13:43:00,1215.0,1215.0,1215.0,1215.0,0
2015-02-11 13:44:00,1215.0,1215.0,1215.0,1215.0,0
2015-02-11 13:45:00,1215.0,1215.0,1215.0,1215.0,0
2015-02-11 13:46:00,1215.0,1215.0,1210.8,1211.0,13
2015-02-11 13:47:00,1211.0,1211.0,1210.7,1210.75,40
2015-02-11 13:48:00,1210.75,1211.6,1210.75,1211.6,6
2015-02-11 13:49:00,1211.6,1212.9,1211.0,1211.6,27
2015-02-11 13:50:00,1211.6,1214.75,1211.6,1214.75,7
2015-02-11 13:51:00,1214.75,1214.75,1212.25,1212.25,10
2015-02-11 13:52:00,1212.0,1212.9,1212.0,1212.0,23
2015-02-11 13:53:00,1212.9,1212.9,1212.9,1212.9,5
2015-02-11 13:54:00,1212.9,1212.9,1212.9,1212.9,0
2015-02-11 13:55:00,1212.9,1212.9,1211.1,1211.1,30
2015-02-11 13:56:00,1211.1,1211.1,1210.75,1210.75,3
2015-02-11 13:57:00,1209.95,1209.95,1209.95,1209.95,5
2015-02-11 13:58:00,1209.95,1209.95,1209.95,1209.95,0
2015-02-11 13:59:00,1209.95,1209.95,1207.0,1207.0,6
2015-02-11 14:00:00,1208.35,1208.35,1208.35,1208.35,13
2015-02-11 14:01:00,1208.35,1208.4,1208.35,1208.4,1
2015-02-11 14:02:00,1208.4,1210.0,1208.4,1210.0,200
2015-02-11 14:03:00,1210.0,1210.0,1210.0,1210.0,0
2015-02-11 14:04:00,1210.0,1210.0,1210.0,1210.0,0
2015-02-11 14:05:00,1212.0,1212.0,1212.0,1212.0,5
2015-02-11 14:06:00,1214.15,1214.75,1212.05,1212.05,70
2015-02-11 14:07:00,1212.05,1212.05,1212.05,1212.05,2
2015-02-11 14:08:00,1212.05,1212.05,1212.05,1212.05,15
2015-02-11 14:09:00,1212.1,1214.2,1212.1,1212.9,23
2015-02-11 14:10:00,1214.2,1214.2,1214.15,1214.15,26
2015-02-11 14:11:00,1214.15,1214.15,1214.15,1214.15,0
2015-02-11 14:12:00,1214.15,1214.15,1214.15,1214.15,0
2015-02-11 14:13:00,1214.15,1214.15,1214.15,1214.15,0
2015-02-11 14:14:00,1214.15,1214.15,1212.1,1212.2,20
2015-02-11 14:15:00,1212.2,1212.2,1212.2,1212.2,0
2015-02-11 14:16:00,1212.2,1212.2,1210.35,1210.35,7
2015-02-11 14:17:00,1210.35,1210.35,1210.35,1210.35,0
2015-02-11 14:18:00,1210.35,1210.35,1210.35,1210.35,0
2015-02-11 14:19:00,1210.35,1210.35,1208.1,1208.1,20
2015-02-11 14:20:00,1208.1,1208.1,1208.1,1208.1,0
2015-02-11 14:21:00,1208.1,1208.1,1208.1,1208.1,0
2015-02-11 14:22:00,1208.0,1208.0,1208.0,1208.0,71
2015-02-11 14:23:00,1208.0,1208.0,1208.0,1208.0,0
2015-02-11 14:24:00,1208.0,1210.95,1208.0,1210.95,13
2015-02-11 14:25:00,1210.0,1211.6,1210.0,1211.6,22
2015-02-11 14:26:00,1211.6,1213.35,1211.6,1213.35,10
2015-02-11 14:27:00,1213.35,1213.35,1213.35,1213.35,0
2015-02-11 14:28:00,1214.75,1214.75,1213.35,1213.35,9
2015-02-11 14:29:00,1213.35,1213.35,1213.35,1213.35,0
2015-02-11 14:30:00,1214.75,1214.75,1214.75,1214.75,10
2015-02-11 14:31:00,1214.75,1214.75,1214.75,1214.75,0
2015-02-11 14:32:00,1214.75,1214.75,1213.6,1213.6,10
2015-02-11 14:33:00,1214.8,1214.8,1214.8,1214.8,2
2015-02-11 14:34:00,1214.8,1214.8,1214.8,1214.8,0
2015-02-11 14:35:00,1214.8,1214.8,1213.45,1213.45,2
2015-02-11 14:36:00,1213.45,1213.45,1212.25,1212.25,10
2015-02-11 14:37:00,1213.5,1213.5,1213.5,1213.5,3
2015-02-11 14:38:00,1214.5,1214.5,1214.5,1214.5,500
2015-02-11 14:39:00,1214.5,1214.5,1214.5,1214.5,0
2015-02-11 14:40:00,1214.5,1214.5,1211.0,1211.0,40
2015-02-11 14:41:00,1211.0,1211.0,1211.0,1211.0,0
2015-02-11 14:42:00,1212.85,1212.85,1212.85,1212.85,10
2015-02-11 14:43:00,1212.2,1212.2,1212.2,1212.2,3
2015-02-11 14:44:00,1212.2,1212.2,1210.4,1210.4,10
2015-02-11 14:45:00,1210.4,1210.4,1210.4,1210.4,0
2015-02-11 14:46:00,1210.4,1210.4,1210.4,1210.4,0
2015-02-11 14:47:00,1210.3,1210.3,1210.0,1210.0,46
2015-02-11 14:48:00,1210.0,1211.65,1210.0,1211.65,131
2015-02-11 14:49:00,1210.0,1210.0,1210.0,1210.0,242
2015-02-11 14:50:00,1210.0,1210.0,1210.0,1210.0,3
2015-02-11 14:51:00,1210.0,1210.3,1210.0,1210.3,2
2015-02-11 14:52:00,1210.0,1210.0,1210.0,1210.0,10
2015-02-11 14:53:00,1210.0,1210.0,1210.0,1210.0,13
2015-02-11 14:54:00,1210.0,1210.0,1210.0,1210.0,100
2015-02-11 14:55:00,1210.0,1210.0,1210.0,1210.0,50
2015-02-11 14:56:00,1209.5,1209.5,1209.5,1209.5,19
2015-02-11 14:57:00,1209.5,1210.9,1209.5,1210.9,1
2015-02-11 14:58:00,1210.9,1210.9,1210.9,1210.9,4
2015-02-11 14:59:00,1210.9,1210.9,1210.9,1210.9,0
2015-02-11 15:00:00,1210.9,1211.0,1208.2,1209.6,43
2015-02-11 15:01:00,1209.55,1209.55,1208.05,1208.05,100
2015-02-11 15:02:00,1208.0,1209.55,1208.0,1208.0,23
2015-02-11 15:03:00,1208.0,1208.0,1205.0,1205.0,148
2015-02-11 15:04:00,1205.0,1208.0,1205.0,1208.0,13
2015-02-11 15:05:00,1208.0,1208.0,1207.7,1207.7,18
2015-02-11 15:06:00,1207.95,1207.95,1207.95,1207.95,11
2015-02-11 15:07:00,1207.95,1208.0,1207.95,1208.0,2
2015-02-11 15:08:00,1208.0,1208.0,1208.0,1208.0,3
2015-02-11 15:09:00,1208.0,1208.0,1208.0,1208.0,3
2015-02-11 15:10:00,1205.25,1207.95,1205.25,1207.95,28
2015-02-11 15:11:00,1207.95,1207.95,1207.95,1207.95,30
2015-02-11 15:12:00,1207.95,1207.95,1205.35,1205.35,20
2015-02-11 15:13:00,1205.35,1208.0,1205.35,1207.65,15
2015-02-11 15:14:00,1207.65,1207.65,1205.0,1205.0,81
2015-02-11 15:15:00,1205.0,1208.0,1205.0,1208.0,3
2015-02-11 15:16:00,1207.05,1207.05,1204.95,1204.95,47
2015-02-11 15:17:00,1204.95,1204.95,1203.05,1203.05,72
2015-02-11 15:18:00,1203.05,1207.0,1203.05,1207.0,287
2015-02-11 15:19:00,1207.0,1207.0,1205.6,1207.0,13
2015-02-11 15:20:00,1207.0,1207.0,1205.55,1206.6,24
2015-02-11 15:21:00,1206.6,1206.6,1202.9,1204.85,127
2015-02-11 15:22:00,1204.85,1205.95,1204.5,1204.95,73
2015-02-11 15:23:00,1204.95,1210.8,1204.95,1210.8,23
2015-02-11 15:24:00,1210.8,1213.0,1210.3,1212.95,264
2015-02-11 15:25:00,1212.95,1213.0,1212.95,1213.0,161
2015-02-11 15:26:00,1213.0,1213.0,1211.85,1211.85,1
2015-02-11 15:27:00,1211.9,1211.9,1211.85,1211.85,3
2015-02-11 15:28:00,1208.6,1208.6,1205.0,1205.0,29
2015-02-11 15:29:00,1202.9,1205.0,1202.9,1205.0,102
2015-02-12 09:15:00,1212.0,1212.0,1208.0,1208.0,25
2015-02-12 09:16:00,1210.85,1210.85,1210.85,1210.85,47
2015-02-12 09:17:00,1210.85,1210.85,1210.85,1210.85,0
2015-02-12 09:18:00,1210.85,1210.85,1210.85,1210.85,25
2015-02-12 09:19:00,1204.05,1204.05,1204.05,1204.05,24
2015-02-12 09:20:00,1204.05,1204.05,1204.05,1204.05,0
2015-02-12 09:21:00,1204.05,1206.0,1204.05,1206.0,2
2015-02-12 09:22:00,1206.0,1206.0,1206.0,1206.0,0
2015-02-12 09:23:00,1206.0,1206.0,1206.0,1206.0,0
2015-02-12 09:24:00,1206.0,1206.0,1205.0,1205.0,16
2015-02-12 09:25:00,1205.0,1205.0,1205.0,1205.0,0
2015-02-12 09:26:00,1205.0,1215.05,1205.0,1215.05,182
2015-02-12 09:27:00,1215.05,1217.45,1215.05,1217.45,3
2015-02-12 09:28:00,1217.45,1218.0,1217.45,1218.0,67
2015-02-12 09:29:00,1218.0,1218.0,1217.95,1218.0,23
2015-02-12 09:30:00,1219.95,1220.0,1218.0,1218.0,79
2015-02-12 09:31:00,1218.0,1218.0,1218.0,1218.0,20
2015-02-12 09:32:00,1218.0,1218.0,1218.0,1218.0,0
2015-02-12 09:33:00,1218.0,1218.0,1218.0,1218.0,0
2015-02-12 09:34:00,1212.55,1212.55,1212.05,1212.05,35
2015-02-12 09:35:00,1212.05,1212.05,1212.05,1212.05,25
2015-02-12 09:36:00,1212.05,1212.1,1212.05,1212.1,39
2015-02-12 09:37:00,1212.1,1212.1,1212.1,1212.1,0
2015-02-12 09:38:00,1212.1,1217.0,1212.1,1212.1,26
2015-02-12 09:39:00,1212.1,1213.55,1212.1,1213.55,5
2015-02-12 09:40:00,1213.55,1213.55,1213.55,1213.55,0
2015-02-12 09:41:00,1213.55,1213.55,1213.55,1213.55,0
2015-02-12 09:42:00,1213.55,1213.55,1213.55,1213.55,0
2015-02-12 09:43:00,1213.55,1213.55,1213.55,1213.55,0
2015-02-12 09:44:00,1213.55,1213.55,1213.55,1213.55,0
2015-02-12 09:45:00,1213.55,1213.55,1213.55,1213.55,0
2015-02-12 09:46:00,1213.55,1213.55,1213.55,1213.55,0
2015-02-12 09:47:00,1213.55,1213.55,1213.55,1213.55,0
2015-02-12 09:48:00,1213.55,1213.55,1213.55,1213.55,0
2015-02-12 09:49:00,1213.55,1213.55,1213.55,1213.55,0
2015-02-12 09:50:00,1213.55,1213.55,1213.55,1213.55,0
2015-02-12 09:51:00,1213.55,1213.55,1213.55,1213.55,0
2015-02-12 09:52:00,1213.55,1213.55,1213.55,1213.55,0
2015-02-12 09:53:00,1213.55,1213.55,1213.55,1213.55,0
2015-02-12 09:54:00,1213.55,1213.55,1213.55,1213.55,0
2015-02-12 09:55:00,1213.55,1213.55,1213.55,1213.55,0
2015-02-12 09:56:00,1213.55,1213.55,1213.55,1213.55,0
2015-02-12 09:57:00,1213.55,1217.35,1213.55,1217.35,25
2015-02-12 09:58:00,1217.35,1217.35,1215.25,1215.25,2
2015-02-12 09:59:00,1215.25,1216.0,1215.25,1216.0,41
2015-02-12 10:00:00,1216.0,1216.0,1216.0,1216.0,0
2015-02-12 10:01:00,1216.0,1216.0,1216.0,1216.0,0
2015-02-12 10:02:00,1216.0,1216.0,1216.0,1216.0,0
2015-02-12 10:03:00,1215.0,1215.0,1215.0,1215.0,90
2015-02-12 10:04:00,1215.0,1215.0,1215.0,1215.0,0
2015-02-12 10:05:00,1215.0,1215.0,1215.0,1215.0,0
2015-02-12 10:06:00,1217.2,1217.2,1217.2,1217.2,10
2015-02-12 10:07:00,1217.2,1217.2,1217.2,1217.2,0
2015-02-12 10:08:00,1215.0,1215.0,1215.0,1215.0,0
2015-02-12 10:09:00,1217.2,1217.2,1217.2,1217.2,0
2015-02-12 10:10:00,1217.2,1217.2,1217.2,1217.2,0
2015-02-12 10:11:00,1217.2,1217.2,1217.2,1217.2,0
2015-02-12 10:12:00,1217.2,1217.2,1217.2,1217.2,0
2015-02-12 10:13:00,1217.2,1217.2,1217.2,1217.2,0
2015-02-12 10:14:00,1217.2,1217.2,1217.2,1217.2,0
2015-02-12 10:15:00,1217.2,1217.2,1217.2,1217.2,0
2015-02-12 10:16:00,1217.2,1217.2,1217.2,1217.2,0
2015-02-12 10:17:00,1217.2,1217.2,1216.0,1216.0,30
2015-02-12 10:18:00,1216.0,1216.0,1216.0,1216.0,0
2015-02-12 10:19:00,1216.0,1216.0,1216.0,1216.0,21
2015-02-12 10:20:00,1216.0,1216.0,1216.0,1216.0,0
2015-02-12 10:21:00,1216.0,1216.0,1216.0,1216.0,0
2015-02-12 10:22:00,1216.0,1216.0,1215.0,1215.0,82
2015-02-12 10:23:00,1215.0,1215.0,1213.0,1213.0,78
2015-02-12 10:24:00,1213.0,1213.0,1213.0,1213.0,94
2015-02-12 10:25:00,1213.0,1213.0,1213.0,1213.0,1
2015-02-12 10:26:00,1213.0,1213.0,1212.05,1212.05,55
2015-02-12 10:27:00,1212.05,1212.05,1212.05,1212.05,0
2015-02-12 10:28:00,1212.05,1212.05,1212.05,1212.05,0
2015-02-12 10:29:00,1212.05,1212.05,1212.05,1212.05,0
2015-02-12 10:30:00,1212.05,1212.05,1212.05,1212.05,0
2015-02-12 10:31:00,1212.05,1212.05,1212.05,1212.05,0
2015-02-12 10:32:00,1213.0,1213.0,1213.0,1213.0,1
2015-02-12 10:33:00,1213.0,1213.0,1213.0,1213.0,0
2015-02-12 10:34:00,1213.0,1213.0,1213.0,1213.0,0
2015-02-12 10:35:00,1213.0,1213.0,1213.0,1213.0,0
2015-02-12 10:36:00,1213.0,1213.0,1213.0,1213.0,0
2015-02-12 10:37:00,1213.0,1213.0,1213.0,1213.0,25
2015-02-12 10:38:00,1213.0,1213.0,1213.0,1213.0,0
2015-02-12 10:39:00,1213.0,1213.0,1213.0,1213.0,0
2015-02-12 10:40:00,1213.0,1213.0,1213.0,1213.0,0
2015-02-12 10:41:00,1213.0,1213.0,1213.0,1213.0,0
2015-02-12 10:42:00,1213.0,1213.0,1213.0,1213.0,0
2015-02-12 10:43:00,1213.0,1213.0,1213.0,1213.0,0
2015-02-12 10:44:00,1213.0,1213.0,1213.0,1213.0,0
2015-02-12 10:45:00,1213.0,1213.0,1212.9,1212.9,21
2015-02-12 10:46:00,1212.9,1212.9,1212.9,1212.9,0
2015-02-12 10:47:00,1212.9,1212.9,1212.9,1212.9,10
2015-02-12 10:48:00,1212.9,1212.9,1212.9,1212.9,0
2015-02-12 10:49:00,1212.9,1212.9,1212.9,1212.9,0
2015-02-12 10:50:00,1212.9,1212.9,1212.9,1212.9,0
2015-02-12 10:51:00,1212.9,1212.9,1212.9,1212.9,15
2015-02-12 10:52:00,1212.9,1212.9,1212.9,1212.9,0
2015-02-12 10:53:00,1212.9,1212.9,1212.9,1212.9,0
2015-02-12 10:54:00,1212.9,1212.9,1212.9,1212.9,1
2015-02-12 10:55:00,1212.9,1212.9,1212.9,1212.9,0
2015-02-12 10:56:00,1212.9,1212.9,1212.9,1212.9,0
2015-02-12 10:57:00,1212.9,1212.9,1212.9,1212.9,0
2015-02-12 10:58:00,1212.9,1212.9,1212.9,1212.9,0
2015-02-12 10:59:00,1212.9,1212.9,1212.9,1212.9,0
2015-02-12 11:00:00,1212.9,1212.9,1212.9,1212.9,0
2015-02-12 11:01:00,1212.9,1214.8,1212.9,1214.8,10
2015-02-12 11:02:00,1214.8,1214.95,1214.8,1214.95,15
2015-02-12 11:03:00,1214.95,1214.95,1214.95,1214.95,0
2015-02-12 11:04:00,1214.8,1214.8,1214.8,1214.8,0
2015-02-12 11:05:00,1214.95,1214.95,1214.95,1214.95,0
2015-02-12 11:06:00,1214.85,1215.0,1214.85,1215.0,104
2015-02-12 11:07:00,1215.0,1215.0,1215.0,1215.0,0
2015-02-12 11:08:00,1215.0,1215.0,1214.85,1214.85,2
2015-02-12 11:09:00,1214.85,1214.85,1214.85,1214.85,0
2015-02-12 11:10:00,1214.85,1214.85,1214.85,1214.85,17
2015-02-12 11:11:00,1214.85,1214.85,1214.85,1214.85,0
2015-02-12 11:12:00,1214.85,1214.85,1214.85,1214.85,0
2015-02-12 11:13:00,1214.85,1215.0,1214.85,1215.0,56
2015-02-12 11:14:00,1214.95,1214.95,1214.95,1214.95,11
2015-02-12 11:15:00,1214.95,1214.95,1214.95,1214.95,2
2015-02-12 11:16:00,1214.95,1214.95,1214.95,1214.95,4
2015-02-12 11:17:00,1214.95,1214.95,1214.95,1214.95,0
2015-02-12 11:18:00,1214.95,1214.95,1214.95,1214.95,0
2015-02-12 11:19:00,1214.95,1214.95,1214.95,1214.95,0
2015-02-12 11:20:00,1214.95,1214.95,1210.0,1210.0,139
2015-02-12 11:21:00,1206.65,1206.8,1206.65,1206.8,2
2015-02-12 11:22:00,1206.8,1206.8,1206.8,1206.8,0
2015-02-12 11:23:00,1206.8,1210.0,1206.8,1210.0,15
2015-02-12 11:24:00,1209.0,1212.0,1208.35,1210.1,69
2015-02-12 11:25:00,1210.1,1210.1,1208.4,1209.0,113
2015-02-12 11:26:00,1205.1,1205.75,1205.0,1205.75,251
2015-02-12 11:27:00,1205.75,1205.75,1205.75,1205.75,0
2015-02-12 11:28:00,1204.0,1205.45,1204.0,1205.45,51
2015-02-12 11:29:00,1205.45,1205.45,1205.45,1205.45,0
2015-02-12 11:30:00,1205.45,1205.45,1205.45,1205.45,0
2015-02-12 11:31:00,1205.45,1205.45,1205.0,1205.0,67
2015-02-12 11:32:00,1205.0,1205.0,1205.0,1205.0,0
2015-02-12 11:33:00,1205.0,1205.0,1205.0,1205.0,0
2015-02-12 11:34:00,1205.0,1208.95,1205.0,1208.95,10
2015-02-12 11:35:00,1208.95,1208.95,1208.95,1208.95,0
2015-02-12 11:36:00,1208.95,1208.95,1205.0,1205.0,124
2015-02-12 11:37:00,1205.0,1205.0,1205.0,1205.0,10
2015-02-12 11:38:00,1205.0,1205.0,1205.0,1205.0,5
2015-02-12 11:39:00,1205.0,1205.0,1205.0,1205.0,0
2015-02-12 11:40:00,1205.0,1205.0,1205.0,1205.0,0
2015-02-12 11:41:00,1205.0,1205.0,1204.5,1204.5,18
2015-02-12 11:42:00,1204.5,1204.5,1204.5,1204.5,0
2015-02-12 11:43:00,1204.5,1205.0,1204.5,1205.0,2
2015-02-12 11:44:00,1205.0,1205.0,1204.4,1204.4,79
2015-02-12 11:45:00,1204.05,1204.05,1200.55,1200.55,87
2015-02-12 11:46:00,1200.55,1200.55,1200.55,1200.55,0
2015-02-12 11:47:00,1200.55,1200.55,1200.55,1200.55,0
2015-02-12 11:48:00,1200.55,1200.55,1200.55,1200.55,0
2015-02-12 11:49:00,1200.55,1204.4,1200.55,1204.4,10
2015-02-12 11:50:00,1204.4,1204.4,1204.4,1204.4,0
2015-02-12 11:51:00,1204.4,1204.4,1204.4,1204.4,0
2015-02-12 11:52:00,1204.4,1204.4,1204.4,1204.4,0
2015-02-12 11:53:00,1204.4,1204.4,1204.4,1204.4,0
2015-02-12 11:54:00,1204.4,1204.4,1204.4,1204.4,0
2015-02-12 11:55:00,1204.4,1204.4,1204.4,1204.4,0
2015-02-12 11:56:00,1204.4,1204.4,1204.4,1204.4,0
2015-02-12 11:57:00,1204.4,1204.4,1201.0,1201.0,100
2015-02-12 11:58:00,1201.0,1201.0,1201.0,1201.0,0
2015-02-12 11:59:00,1201.0,1201.0,1201.0,1201.0,0
2015-02-12 12:00:00,1204.4,1204.4,1204.4,1204.4,45
2015-02-12 12:01:00,1205.0,1205.0,1205.0,1205.0,25
2015-02-12 12:02:00,1205.0,1205.0,1205.0,1205.0,0
2015-02-12 12:03:00,1205.0,1205.0,1205.0,1205.0,0
2015-02-12 12:04:00,1205.0,1205.0,1205.0,1205.0,250
2015-02-12 12:05:00,1205.0,1205.0,1205.0,1205.0,0
2015-02-12 12:06:00,1205.0,1205.0,1202.05,1202.05,73
2015-02-12 12:07:00,1202.05,1202.05,1202.05,1202.05,0
2015-02-12 12:08:00,1202.05,1202.05,1202.05,1202.05,0
2015-02-12 12:09:00,1203.75,1203.75,1203.75,1203.75,7
2015-02-12 12:10:00,1203.75,1203.75,1203.75,1203.75,0
2015-02-12 12:11:00,1202.05,1202.05,1202.05,1202.05,0
2015-02-12 12:12:00,1203.75,1203.75,1203.75,1203.75,0
2015-02-12 12:13:00,1203.75,1203.75,1203.75,1203.75,0
2015-02-12 12:14:00,1203.75,1203.75,1202.05,1202.05,2
2015-02-12 12:15:00,1202.05,1205.0,1202.05,1205.0,26
2015-02-12 12:16:00,1205.0,1205.0,1205.0,1205.0,0
2015-02-12 12:17:00,1205.0,1205.0,1205.0,1205.0,5
2015-02-12 12:18:00,1205.0,1205.0,1205.0,1205.0,10
2015-02-12 12:19:00,1205.0,1205.0,1205.0,1205.0,0
2015-02-12 12:20:00,1205.0,1205.0,1205.0,1205.0,0
2015-02-12 12:21:00,1205.0,1205.0,1205.0,1205.0,0
2015-02-12 12:22:00,1205.0,1205.0,1205.0,1205.0,0
2015-02-12 12:23:00,1205.0,1205.0,1205.0,1205.0,0
2015-02-12 12:24:00,1205.0,1205.0,1205.0,1205.0,0
2015-02-12 12:25:00,1205.0,1205.0,1205.0,1205.0,0
2015-02-12 12:26:00,1205.0,1205.0,1205.0,1205.0,0
2015-02-12 12:27:00,1202.05,1202.05,1202.05,1202.05,4
2015-02-12 12:28:00,1202.05,1202.05,1202.05,1202.05,0
2015-02-12 12:29:00,1202.05,1202.05,1202.05,1202.05,0
2015-02-12 12:30:00,1202.05,1202.05,1202.05,1202.05,0
2015-02-12 12:31:00,1202.05,1202.05,1202.05,1202.05,0
2015-02-12 12:32:00,1202.05,1202.05,1202.05,1202.05,0
2015-02-12 12:33:00,1202.05,1202.05,1202.05,1202.05,0
2015-02-12 12:34:00,1202.05,1202.05,1202.05,1202.05,0
2015-02-12 12:35:00,1202.05,1202.05,1202.05,1202.05,0
2015-02-12 12:36:00,1202.05,1202.05,1202.05,1202.05,0
2015-02-12 12:37:00,1202.05,1202.05,1202.05,1202.05,0
2015-02-12 12:38:00,1202.05,1202.05,1202.05,1202.05,0
2015-02-12 12:39:00,1202.2,1202.2,1202.2,1202.2,30
2015-02-12 12:40:00,1202.2,1203.0,1202.2,1203.0,2
2015-02-12 12:41:00,1203.0,1204.95,1203.0,1204.95,10
2015-02-12 12:42:00,1203.05,1203.05,1203.05,1203.05,1
2015-02-12 12:43:00,1203.05,1203.05,1203.05,1203.05,0
2015-02-12 12:44:00,1203.05,1203.05,1203.05,1203.05,0
2015-02-12 12:45:00,1203.05,1203.15,1203.05,1203.15,2
2015-02-12 12:46:00,1203.15,1204.95,1203.15,1204.95,2
2015-02-12 12:47:00,1204.95,1204.95,1204.95,1204.95,0
2015-02-12 12:48:00,1204.95,1204.95,1204.95,1204.95,0
2015-02-12 12:49:00,1204.95,1204.95,1204.95,1204.95,0
2015-02-12 12:50:00,1204.95,1204.95,1204.95,1204.95,0
2015-02-12 12:51:00,1204.95,1204.95,1204.95,1204.95,0
2015-02-12 12:52:00,1204.95,1204.95,1204.95,1204.95,0
2015-02-12 12:53:00,1204.95,1204.95,1204.95,1204.95,0
2015-02-12 12:54:00,1204.95,1205.0,1204.95,1205.0,33
2015-02-12 12:55:00,1205.0,1205.0,1205.0,1205.0,0
2015-02-12 12:56:00,1205.0,1205.0,1205.0,1205.0,0
2015-02-12 12:57:00,1205.0,1205.0,1205.0,1205.0,0
2015-02-12 12:58:00,1205.0,1205.0,1205.0,1205.0,0
2015-02-12 12:59:00,1204.95,1204.95,1204.95,1204.95,10
2015-02-12 13:00:00,1204.95,1204.95,1204.95,1204.95,255
2015-02-12 13:01:00,1204.95,1205.0,1204.95,1205.0,50
2015-02-12 13:02:00,1205.0,1205.0,1205.0,1205.0,0
2015-02-12 13:03:00,1205.0,1205.0,1205.0,1205.0,0
2015-02-12 13:04:00,1205.0,1205.0,1205.0,1205.0,0
2015-02-12 13:05:00,1205.0,1205.0,1205.0,1205.0,0
2015-02-12 13:06:00,1205.0,1205.0,1205.0,1205.0,6
2015-02-12 13:07:00,1205.0,1205.0,1205.0,1205.0,0
2015-02-12 13:08:00,1205.0,1205.0,1205.0,1205.0,322
2015-02-12 13:09:00,1205.0,1205.0,1205.0,1205.0,0
2015-02-12 13:10:00,1205.0,1205.0,1205.0,1205.0,0
2015-02-12 13:11:00,1205.0,1205.0,1205.0,1205.0,0
2015-02-12 13:12:00,1205.0,1205.0,1205.0,1205.0,0
2015-02-12 13:13:00,1205.0,1205.0,1205.0,1205.0,19
2015-02-12 13:14:00,1205.0,1205.0,1204.85,1204.85,244
2015-02-12 13:15:00,1204.85,1204.85,1204.85,1204.85,0
2015-02-12 13:16:00,1204.85,1204.85,1204.85,1204.85,0
2015-02-12 13:17:00,1204.85,1205.0,1204.85,1205.0,225
2015-02-12 13:18:00,1205.0,1205.0,1205.0,1205.0,0
2015-02-12 13:19:00,1205.0,1205.0,1205.0,1205.0,1
2015-02-12 13:20:00,1205.0,1205.0,1205.0,1205.0,0
2015-02-12 13:21:00,1205.0,1205.0,1205.0,1205.0,0
2015-02-12 13:22:00,1205.0,1205.0,1205.0,1205.0,0
2015-02-12 13:23:00,1205.0,1205.0,1205.0,1205.0,0
2015-02-12 13:24:00,1205.0,1205.0,1205.0,1205.0,0
2015-02-12 13:25:00,1205.0,1205.0,1205.0,1205.0,11
2015-02-12 13:26:00,1205.0,1205.0,1205.0,1205.0,1
2015-02-12 13:27:00,1205.0,1205.0,1205.0,1205.0,0
2015-02-12 13:28:00,1205.0,1205.0,1205.0,1205.0,56
2015-02-12 13:29:00,1205.5,1205.5,1204.8,1204.8,167
2015-02-12 13:30:00,1204.8,1204.8,1204.8,1204.8,0
2015-02-12 13:31:00,1204.8,1204.8,1204.8,1204.8,0
2015-02-12 13:32:00,1204.8,1204.8,1204.5,1204.5,25
2015-02-12 13:33:00,1204.5,1204.5,1204.5,1204.5,0
2015-02-12 13:34:00,1204.5,1204.5,1204.5,1204.5,0
2015-02-12 13:35:00,1204.5,1204.5,1204.5,1204.5,0
2015-02-12 13:36:00,1204.5,1204.5,1204.5,1204.5,0
2015-02-12 13:37:00,1204.5,1204.5,1204.5,1204.5,0
2015-02-12 13:38:00,1204.5,1204.5,1204.5,1204.5,0
2015-02-12 13:39:00,1204.5,1204.5,1204.5,1204.5,0
2015-02-12 13:40:00,1204.5,1205.0,1204.5,1205.0,25
2015-02-12 13:41:00,1205.0,1205.0,1205.0,1205.0,0
2015-02-12 13:42:00,1205.0,1205.0,1205.0,1205.0,25
2015-02-12 13:43:00,1205.0,1205.0,1205.0,1205.0,150
2015-02-12 13:44:00,1205.0,1205.0,1205.0,1205.0,0
2015-02-12 13:45:00,1205.0,1205.0,1205.0,1205.0,0
2015-02-12 13:46:00,1205.0,1205.0,1205.0,1205.0,30
2015-02-12 13:47:00,1205.0,1205.0,1205.0,1205.0,1
2015-02-12 13:48:00,1205.0,1205.0,1205.0,1205.0,0
2015-02-12 13:49:00,1205.0,1205.0,1205.0,1205.0,0
2015-02-12 13:50:00,1205.0,1205.0,1205.0,1205.0,0
2015-02-12 13:51:00,1205.0,1205.0,1205.0,1205.0,0
2015-02-12 13:52:00,1205.0,1205.0,1204.0,1204.0,313
2015-02-12 13:53:00,1204.95,1204.95,1204.95,1204.95,10
2015-02-12 13:54:00,1204.95,1204.95,1204.95,1204.95,0
2015-02-12 13:55:00,1204.95,1204.95,1204.95,1204.95,0
2015-02-12 13:56:00,1205.0,1205.0,1205.0,1205.0,10
2015-02-12 13:57:00,1205.0,1205.0,1205.0,1205.0,25
2015-02-12 13:58:00,1205.0,1205.0,1205.0,1205.0,10
2015-02-12 13:59:00,1205.0,1205.0,1205.0,1205.0,0
2015-02-12 14:00:00,1205.0,1205.0,1205.0,1205.0,0
2015-02-12 14:01:00,1205.0,1205.0,1205.0,1205.0,0
2015-02-12 14:02:00,1205.0,1205.0,1205.0,1205.0,0
2015-02-12 14:03:00,1205.0,1205.0,1205.0,1205.0,0
2015-02-12 14:04:00,1205.0,1205.0,1205.0,1205.0,0
2015-02-12 14:05:00,1205.0,1205.0,1205.0,1205.0,0
2015-02-12 14:06:00,1205.0,1205.0,1205.0,1205.0,10
2015-02-12 14:07:00,1205.0,1205.0,1205.0,1205.0,0
2015-02-12 14:08:00,1205.0,1205.0,1205.0,1205.0,0
2015-02-12 14:09:00,1205.0,1205.0,1205.0,1205.0,25
2015-02-12 14:10:00,1205.0,1205.0,1205.0,1205.0,0
2015-02-12 14:11:00,1204.95,1204.95,1204.95,1204.95,27
2015-02-12 14:12:00,1204.95,1204.95,1204.95,1204.95,0
2015-02-12 14:13:00,1204.95,1204.95,1204.95,1204.95,5
2015-02-12 14:14:00,1205.0,1205.0,1205.0,1205.0,15
2015-02-12 14:15:00,1205.0,1205.0,1205.0,1205.0,5
2015-02-12 14:16:00,1206.0,1206.0,1206.0,1206.0,25
2015-02-12 14:17:00,1206.0,1206.0,1206.0,1206.0,50
2015-02-12 14:18:00,1206.0,1206.0,1206.0,1206.0,0
2015-02-12 14:19:00,1206.0,1206.0,1206.0,1206.0,155
2015-02-12 14:20:00,1206.0,1206.0,1206.0,1206.0,0
2015-02-12 14:21:00,1206.0,1206.0,1204.95,1204.95,75
2015-02-12 14:22:00,1204.95,1204.95,1204.95,1204.95,20
2015-02-12 14:23:00,1204.95,1204.95,1204.95,1204.95,0
2015-02-12 14:24:00,1204.95,1204.95,1204.95,1204.95,0
2015-02-12 14:25:00,1204.95,1204.95,1204.95,1204.95,0
2015-02-12 14:26:00,1204.95,1204.95,1204.95,1204.95,0
2015-02-12 14:27:00,1204.95,1204.95,1204.95,1204.95,0
2015-02-12 14:28:00,1204.95,1204.95,1204.95,1204.95,0
2015-02-12 14:29:00,1204.95,1204.95,1204.95,1204.95,0
2015-02-12 14:30:00,1205.0,1205.0,1205.0,1205.0,100
2015-02-12 14:31:00,1205.0,1205.0,1205.0,1205.0,125
2015-02-12 14:32:00,1205.0,1205.0,1205.0,1205.0,100
2015-02-12 14:33:00,1205.0,1206.0,1205.0,1206.0,200
2015-02-12 14:34:00,1204.05,1204.05,1204.05,1204.05,5
2015-02-12 14:35:00,1204.05,1206.0,1204.05,1206.0,100
2015-02-12 14:36:00,1206.0,1206.0,1206.0,1206.0,5
2015-02-12 14:37:00,1205.0,1205.0,1205.0,1205.0,100
2015-02-12 14:38:00,1205.0,1205.0,1205.0,1205.0,100
2015-02-12 14:39:00,1205.0,1205.0,1205.0,1205.0,0
2015-02-12 14:40:00,1205.0,1205.0,1205.0,1205.0,100
2015-02-12 14:41:00,1205.0,1205.0,1205.0,1205.0,100
2015-02-12 14:42:00,1205.0,1205.0,1205.0,1205.0,0
2015-02-12 14:43:00,1205.0,1205.0,1205.0,1205.0,53
2015-02-12 14:44:00,1205.0,1205.0,1205.0,1205.0,0
2015-02-12 14:45:00,1205.0,1205.0,1205.0,1205.0,0
2015-02-12 14:46:00,1205.0,1205.0,1205.0,1205.0,0
2015-02-12 14:47:00,1208.35,1208.35,1204.2,1204.95,563
2015-02-12 14:48:00,1204.95,1212.0,1204.4,1212.0,235
2015-02-12 14:49:00,1212.0,1216.9,1212.0,1215.0,463
2015-02-12 14:50:00,1215.0,1215.0,1215.0,1215.0,55
2015-02-12 14:51:00,1215.0,1215.0,1215.0,1215.0,10
2015-02-12 14:52:00,1215.0,1217.0,1215.0,1217.0,55
2015-02-12 14:53:00,1217.0,1217.0,1217.0,1217.0,50
2015-02-12 14:54:00,1217.0,1217.0,1217.0,1217.0,105
2015-02-12 14:55:00,1216.0,1217.3,1216.0,1217.3,120
2015-02-12 14:56:00,1217.3,1217.35,1217.3,1217.35,125
2015-02-12 14:57:00,1217.35,1217.35,1217.35,1217.35,0
2015-02-12 14:58:00,1217.35,1218.55,1217.35,1218.55,100
2015-02-12 14:59:00,1218.55,1218.55,1218.0,1218.0,2
2015-02-12 15:00:00,1218.0,1218.0,1218.0,1218.0,249
2015-02-12 15:01:00,1218.0,1218.0,1218.0,1218.0,50
2015-02-12 15:02:00,1218.0,1218.0,1218.0,1218.0,100
2015-02-12 15:03:00,1218.0,1220.0,1216.0,1216.0,293
2015-02-12 15:04:00,1216.0,1222.0,1216.0,1220.0,170
2015-02-12 15:05:00,1220.0,1220.0,1220.0,1220.0,0
2015-02-12 15:06:00,1220.0,1220.0,1216.2,1216.2,14
2015-02-12 15:07:00,1216.2,1216.2,1216.2,1216.2,19
2015-02-12 15:08:00,1216.2,1220.0,1216.2,1220.0,112
2015-02-12 15:09:00,1220.0,1221.95,1220.0,1221.95,100
2015-02-12 15:10:00,1221.95,1221.95,1217.2,1217.2,6
2015-02-12 15:11:00,1217.2,1220.0,1217.2,1220.0,629
2015-02-12 15:12:00,1220.0,1220.0,1220.0,1220.0,0
2015-02-12 15:13:00,1219.4,1219.4,1217.45,1217.45,21
2015-02-12 15:14:00,1216.85,1222.0,1216.85,1220.0,1006
2015-02-12 15:15:00,1220.0,1221.0,1220.0,1220.0,69
2015-02-12 15:16:00,1220.0,1221.4,1220.0,1221.4,2
2015-02-12 15:17:00,1221.4,1221.4,1221.4,1221.4,0
2015-02-12 15:18:00,1221.4,1221.4,1217.3,1217.3,62
2015-02-12 15:19:00,1217.3,1217.3,1216.7,1216.7,48
2015-02-12 15:20:00,1216.7,1219.9,1216.7,1219.85,164
2015-02-12 15:21:00,1219.85,1219.85,1219.85,1219.85,0
2015-02-12 15:22:00,1219.85,1219.85,1216.85,1216.85,28
2015-02-12 15:23:00,1216.9,1216.9,1216.85,1216.85,86
2015-02-12 15:24:00,1217.15,1217.15,1216.15,1216.15,29
2015-02-12 15:25:00,1216.15,1216.15,1216.15,1216.15,104
2015-02-12 15:26:00,1216.15,1216.15,1216.15,1216.15,0
2015-02-12 15:27:00,1216.15,1216.15,1215.3,1216.0,73
2015-02-12 15:28:00,1216.65,1219.0,1216.65,1219.0,22
2015-02-12 15:29:00,1219.0,1219.0,1215.0,1215.0,30
2015-02-13 09:15:00,1225.95,1227.0,1225.95,1227.0,133
2015-02-13 09:16:00,1226.05,1226.05,1226.05,1226.05,103
2015-02-13 09:17:00,1226.05,1229.75,1226.05,1229.75,119
2015-02-13 09:18:00,1229.75,1229.75,1227.0,1227.0,72
2015-02-13 09:19:00,1227.0,1227.0,1227.0,1227.0,0
2015-02-13 09:20:00,1227.0,1227.0,1227.0,1227.0,6
2015-02-13 09:21:00,1227.0,1227.0,1227.0,1227.0,0
2015-02-13 09:22:00,1227.0,1227.0,1226.05,1226.05,52
2015-02-13 09:23:00,1226.05,1226.05,1226.05,1226.05,25
2015-02-13 09:24:00,1226.05,1226.05,1226.05,1226.05,0
2015-02-13 09:25:00,1226.05,1226.05,1226.05,1226.05,0
2015-02-13 09:26:00,1226.05,1226.05,1225.0,1225.0,161
2015-02-13 09:27:00,1225.0,1225.0,1225.0,1225.0,0
2015-02-13 09:28:00,1225.0,1225.0,1223.9,1223.9,15
2015-02-13 09:29:00,1223.9,1225.0,1223.9,1225.0,329
2015-02-13 09:30:00,1225.0,1225.0,1225.0,1225.0,32
2015-02-13 09:31:00,1223.95,1224.0,1223.95,1224.0,2
2015-02-13 09:32:00,1224.0,1225.0,1224.0,1225.0,39
2015-02-13 09:33:00,1225.0,1225.0,1225.0,1225.0,0
2015-02-13 09:34:00,1225.0,1225.0,1225.0,1225.0,0
2015-02-13 09:35:00,1225.0,1225.0,1223.9,1223.9,10
2015-02-13 09:36:00,1223.9,1224.0,1223.9,1223.9,74
2015-02-13 09:37:00,1223.9,1223.9,1220.0,1220.0,36
2015-02-13 09:38:00,1220.0,1220.05,1218.55,1220.05,26
2015-02-13 09:39:00,1220.05,1220.05,1220.05,1220.05,0
2015-02-13 09:40:00,1220.05,1220.05,1220.05,1220.05,0
2015-02-13 09:41:00,1223.0,1223.0,1222.95,1222.95,38
2015-02-13 09:42:00,1222.95,1223.0,1222.95,1223.0,2
2015-02-13 09:43:00,1223.0,1223.0,1223.0,1223.0,1
2015-02-13 09:44:00,1223.0,1223.0,1220.0,1220.0,241
2015-02-13 09:45:00,1220.0,1220.0,1220.0,1220.0,0
2015-02-13 09:46:00,1220.0,1220.0,1220.0,1220.0,0
2015-02-13 09:47:00,1219.9,1219.9,1219.0,1219.0,15
2015-02-13 09:48:00,1219.0,1220.0,1216.45,1220.0,106
2015-02-13 09:49:00,1220.0,1220.0,1220.0,1220.0,0
2015-02-13 09:50:00,1220.0,1220.0,1219.95,1219.95,5
2015-02-13 09:51:00,1219.95,1219.95,1218.75,1218.75,1
2015-02-13 09:52:00,1218.75,1220.0,1218.75,1220.0,20
2015-02-13 09:53:00,1218.75,1218.75,1218.75,1218.75,3
2015-02-13 09:54:00,1218.75,1218.75,1218.75,1218.75,0
2015-02-13 09:55:00,1218.75,1218.75,1218.75,1218.75,0
2015-02-13 09:56:00,1218.75,1218.75,1218.75,1218.75,0
2015-02-13 09:57:00,1220.0,1220.0,1220.0,1220.0,258
2015-02-13 09:58:00,1220.0,1220.75,1220.0,1220.75,10
2015-02-13 09:59:00,1220.0,1220.0,1219.95,1219.95,89
2015-02-13 10:00:00,1220.0,1220.0,1218.75,1218.75,195
2015-02-13 10:01:00,1218.75,1220.0,1218.75,1220.0,18
2015-02-13 10:02:00,1220.0,1220.0,1220.0,1220.0,0
2015-02-13 10:03:00,1220.0,1220.0,1216.85,1216.9,18
2015-02-13 10:04:00,1216.9,1216.9,1216.9,1216.9,0
2015-02-13 10:05:00,1216.9,1216.9,1215.45,1215.45,7
2015-02-13 10:06:00,1215.45,1216.8,1215.4,1216.8,2
2015-02-13 10:07:00,1216.8,1220.0,1216.8,1220.0,25
2015-02-13 10:08:00,1220.0,1220.0,1220.0,1220.0,0
2015-02-13 10:09:00,1220.0,1220.0,1220.0,1220.0,0
2015-02-13 10:10:00,1220.0,1220.0,1220.0,1220.0,0
2015-02-13 10:11:00,1220.0,1220.0,1220.0,1220.0,0
2015-02-13 10:12:00,1220.0,1220.0,1217.9,1217.9,1
2015-02-13 10:13:00,1216.85,1217.9,1216.85,1217.9,4
2015-02-13 10:14:00,1217.9,1217.9,1217.9,1217.9,0
2015-02-13 10:15:00,1217.9,1217.9,1217.9,1217.9,0
2015-02-13 10:16:00,1217.9,1217.9,1217.9,1217.9,0
2015-02-13 10:17:00,1218.75,1218.75,1218.75,1218.75,2
2015-02-13 10:18:00,1218.75,1219.95,1215.0,1215.0,31
2015-02-13 10:19:00,1215.0,1215.0,1215.0,1215.0,0
2015-02-13 10:20:00,1215.0,1215.0,1215.0,1215.0,0
2015-02-13 10:21:00,1220.0,1220.0,1215.35,1215.35,21
2015-02-13 10:22:00,1215.35,1215.35,1215.35,1215.35,0
2015-02-13 10:23:00,1220.0,1220.0,1220.0,1220.0,69
2015-02-13 10:24:00,1220.0,1220.0,1220.0,1220.0,0
2015-02-13 10:25:00,1220.0,1220.0,1220.0,1220.0,0
2015-02-13 10:26:00,1220.0,1220.0,1220.0,1220.0,0
2015-02-13 10:27:00,1219.95,1219.95,1219.95,1219.95,26
2015-02-13 10:28:00,1219.95,1219.95,1219.95,1219.95,0
2015-02-13 10:29:00,1219.95,1219.95,1219.95,1219.95,0
2015-02-13 10:30:00,1219.95,1219.95,1219.95,1219.95,0
2015-02-13 10:31:00,1219.95,1219.95,1219.95,1219.95,0
2015-02-13 10:32:00,1219.95,1219.95,1219.95,1219.95,5
2015-02-13 10:33:00,1219.95,1219.95,1219.95,1219.95,0
2015-02-13 10:34:00,1219.95,1219.95,1219.95,1219.95,0
2015-02-13 10:35:00,1219.95,1219.95,1219.95,1219.95,0
2015-02-13 10:36:00,1219.95,1219.95,1219.95,1219.95,0
2015-02-13 10:37:00,1219.95,1219.95,1219.95,1219.95,0
2015-02-13 10:38:00,1219.95,1219.95,1216.0,1216.0,100
2015-02-13 10:39:00,1216.0,1216.0,1216.0,1216.0,0
2015-02-13 10:40:00,1218.05,1218.05,1218.05,1218.05,5
2015-02-13 10:41:00,1219.9,1219.9,1219.9,1219.9,10
2015-02-13 10:42:00,1216.05,1216.05,1216.05,1216.05,2
2015-02-13 10:43:00,1216.05,1216.05,1216.05,1216.05,0
2015-02-13 10:44:00,1216.05,1216.05,1216.05,1216.05,0
2015-02-13 10:45:00,1219.35,1219.35,1219.35,1219.35,1
2015-02-13 10:46:00,1219.35,1219.35,1219.35,1219.35,0
2015-02-13 10:47:00,1216.05,1216.05,1216.05,1216.05,0
2015-02-13 10:48:00,1219.35,1219.35,1219.35,1219.35,0
2015-02-13 10:49:00,1219.35,1219.35,1219.35,1219.35,0
2015-02-13 10:50:00,1219.35,1219.35,1219.35,1219.35,0
2015-02-13 10:51:00,1219.35,1219.35,1219.35,1219.35,0
2015-02-13 10:52:00,1219.35,1219.35,1219.35,1219.35,0
2015-02-13 10:53:00,1219.35,1219.35,1216.0,1216.0,16
2015-02-13 10:54:00,1216.0,1216.0,1216.0,1216.0,0
2015-02-13 10:55:00,1218.05,1218.05,1218.05,1218.05,6
2015-02-13 10:56:00,1218.05,1218.05,1218.05,1218.05,0
2015-02-13 10:57:00,1218.05,1218.05,1218.05,1218.05,0
2015-02-13 10:58:00,1218.05,1218.05,1218.05,1218.05,0
2015-02-13 10:59:00,1218.05,1218.05,1216.0,1216.0,25
2015-02-13 11:00:00,1218.05,1218.05,1218.05,1218.05,3
2015-02-13 11:01:00,1218.05,1218.05,1218.05,1218.05,0
2015-02-13 11:02:00,1218.05,1218.95,1218.05,1218.95,10
2015-02-13 11:03:00,1218.95,1218.95,1218.95,1218.95,0
2015-02-13 11:04:00,1218.95,1218.95,1204.7,1206.1,197
2015-02-13 11:05:00,1205.6,1206.0,1205.6,1206.0,4
2015-02-13 11:06:00,1206.0,1206.0,1206.0,1206.0,0
2015-02-13 11:07:00,1206.0,1206.0,1206.0,1206.0,0
2015-02-13 11:08:00,1206.0,1212.5,1206.0,1212.5,3
2015-02-13 11:09:00,1212.5,1212.5,1212.5,1212.5,0
2015-02-13 11:10:00,1212.5,1212.5,1210.2,1210.2,39
2015-02-13 11:11:00,1210.2,1214.0,1210.2,1214.0,25
2015-02-13 11:12:00,1214.0,1214.0,1214.0,1214.0,0
2015-02-13 11:13:00,1214.0,1214.0,1214.0,1214.0,0
2015-02-13 11:14:00,1214.0,1214.0,1214.0,1214.0,0
2015-02-13 11:15:00,1210.1,1210.1,1210.1,1210.1,10
2015-02-13 11:16:00,1210.1,1212.85,1210.1,1212.85,10
2015-02-13 11:17:00,1212.85,1213.0,1212.85,1213.0,20
2015-02-13 11:18:00,1213.0,1213.0,1213.0,1213.0,0
2015-02-13 11:19:00,1213.0,1213.0,1213.0,1213.0,0
2015-02-13 11:20:00,1213.0,1213.0,1213.0,1213.0,0
2015-02-13 11:21:00,1211.1,1211.1,1208.4,1208.4,11
2015-02-13 11:22:00,1208.4,1208.4,1208.4,1208.4,0
2015-02-13 11:23:00,1208.4,1208.4,1208.4,1208.4,0
2015-02-13 11:24:00,1208.4,1208.4,1206.1,1206.1,44
2015-02-13 11:25:00,1206.1,1206.1,1206.1,1206.1,0
2015-02-13 11:26:00,1206.1,1208.0,1204.05,1204.05,147
2015-02-13 11:27:00,1206.95,1206.95,1206.95,1206.95,10
2015-02-13 11:28:00,1206.95,1206.95,1206.95,1206.95,0
2015-02-13 11:29:00,1206.95,1206.95,1206.95,1206.95,0
2015-02-13 11:30:00,1206.95,1206.95,1205.0,1205.0,189
2015-02-13 11:31:00,1204.95,1205.0,1204.95,1205.0,40
2015-02-13 11:32:00,1204.95,1204.95,1204.95,1204.95,285
2015-02-13 11:33:00,1204.95,1204.95,1204.95,1204.95,0
2015-02-13 11:34:00,1204.95,1204.95,1204.95,1204.95,0
2015-02-13 11:35:00,1204.95,1204.95,1204.95,1204.95,0
2015-02-13 11:36:00,1205.0,1205.0,1205.0,1205.0,10
2015-02-13 11:37:00,1205.0,1205.0,1204.95,1204.95,7
2015-02-13 11:38:00,1205.0,1205.0,1205.0,1205.0,124
2015-02-13 11:39:00,1205.0,1205.0,1205.0,1205.0,18
2015-02-13 11:40:00,1205.0,1205.0,1205.0,1205.0,2
2015-02-13 11:41:00,1205.0,1205.0,1205.0,1205.0,0
2015-02-13 11:42:00,1205.0,1205.0,1205.0,1205.0,0
2015-02-13 11:43:00,1205.0,1205.0,1205.0,1205.0,20
2015-02-13 11:44:00,1205.0,1205.0,1205.0,1205.0,100
2015-02-13 11:45:00,1205.0,1205.0,1204.0,1205.0,433
2015-02-13 11:46:00,1205.0,1205.0,1205.0,1205.0,76
2015-02-13 11:47:00,1205.0,1205.0,1205.0,1205.0,5
2015-02-13 11:48:00,1205.0,1205.0,1205.0,1205.0,100
2015-02-13 11:49:00,1205.0,1205.0,1205.0,1205.0,0
2015-02-13 11:50:00,1205.0,1205.0,1205.0,1205.0,51
2015-02-13 11:51:00,1205.0,1205.0,1205.0,1205.0,3
2015-02-13 11:52:00,1205.0,1205.0,1205.0,1205.0,0
2015-02-13 11:53:00,1205.0,1205.0,1205.0,1205.0,0
2015-02-13 11:54:00,1205.0,1205.0,1205.0,1205.0,0
2015-02-13 11:55:00,1205.0,1205.0,1205.0,1205.0,0
2015-02-13 11:56:00,1205.0,1205.0,1205.0,1205.0,0
2015-02-13 11:57:00,1205.0,1205.0,1205.0,1205.0,0
2015-02-13 11:58:00,1205.0,1205.0,1205.0,1205.0,0
2015-02-13 11:59:00,1205.0,1205.0,1205.0,1205.0,0
2015-02-13 12:00:00,1205.0,1205.0,1205.0,1205.0,500
2015-02-13 12:01:00,1205.0,1205.0,1205.0,1205.0,25
2015-02-13 12:02:00,1205.0,1205.0,1205.0,1205.0,0
2015-02-13 12:03:00,1205.0,1205.0,1205.0,1205.0,0
2015-02-13 12:04:00,1205.0,1205.0,1205.0,1205.0,125
2015-02-13 12:05:00,1205.0,1205.0,1205.0,1205.0,2
2015-02-13 12:06:00,1205.0,1205.0,1205.0,1205.0,50
2015-02-13 12:07:00,1205.0,1205.0,1205.0,1205.0,5
2015-02-13 12:08:00,1205.0,1205.0,1205.0,1205.0,50
2015-02-13 12:09:00,1205.0,1205.0,1205.0,1205.0,0
2015-02-13 12:10:00,1205.0,1205.0,1205.0,1205.0,0
2015-02-13 12:11:00,1205.0,1205.0,1205.0,1205.0,0
2015-02-13 12:12:00,1205.0,1205.0,1205.0,1205.0,100
2015-02-13 12:13:00,1205.0,1205.0,1205.0,1205.0,210
2015-02-13 12:14:00,1205.0,1205.0,1204.2,1204.2,10
2015-02-13 12:15:00,1205.0,1205.0,1205.0,1205.0,5
2015-02-13 12:16:00,1205.0,1205.0,1205.0,1205.0,0
2015-02-13 12:17:00,1205.0,1205.0,1205.0,1205.0,15
2015-02-13 12:18:00,1205.0,1205.0,1205.0,1205.0,0
2015-02-13 12:19:00,1204.95,1205.0,1204.95,1205.0,50
2015-02-13 12:20:00,1205.0,1205.0,1205.0,1205.0,0
2015-02-13 12:21:00,1205.0,1205.0,1205.0,1205.0,25
2015-02-13 12:22:00,1205.0,1205.0,1205.0,1205.0,100
2015-02-13 12:23:00,1205.0,1205.0,1205.0,1205.0,0
2015-02-13 12:24:00,1205.0,1205.0,1205.0,1205.0,0
2015-02-13 12:25:00,1205.0,1205.0,1205.0,1205.0,0
2015-02-13 12:26:00,1205.0,1205.0,1205.0,1205.0,0
2015-02-13 12:27:00,1205.0,1205.0,1205.0,1205.0,0
2015-02-13 12:28:00,1205.0,1205.0,1205.0,1205.0,0
2015-02-13 12:29:00,1205.0,1205.0,1205.0,1205.0,0
2015-02-13 12:30:00,1205.0,1205.0,1205.0,1205.0,0
2015-02-13 12:31:00,1205.0,1205.0,1205.0,1205.0,0
2015-02-13 12:32:00,1205.0,1205.0,1205.0,1205.0,0
2015-02-13 12:33:00,1205.0,1205.0,1205.0,1205.0,0
2015-02-13 12:34:00,1205.0,1205.0,1205.0,1205.0,0
2015-02-13 12:35:00,1205.0,1205.0,1205.0,1205.0,30
2015-02-13 12:36:00,1205.0,1205.0,1205.0,1205.0,310
2015-02-13 12:37:00,1205.0,1205.0,1205.0,1205.0,0
2015-02-13 12:38:00,1205.0,1205.0,1205.0,1205.0,0
2015-02-13 12:39:00,1205.0,1205.0,1205.0,1205.0,15
2015-02-13 12:40:00,1205.0,1205.0,1205.0,1205.0,0
2015-02-13 12:41:00,1205.0,1205.0,1205.0,1205.0,4
2015-02-13 12:42:00,1205.0,1205.0,1205.0,1205.0,0
2015-02-13 12:43:00,1205.0,1205.0,1205.0,1205.0,25
2015-02-13 12:44:00,1205.0,1205.0,1205.0,1205.0,0
2015-02-13 12:45:00,1205.0,1205.0,1205.0,1205.0,0
2015-02-13 12:46:00,1205.0,1205.0,1205.0,1205.0,160
2015-02-13 12:47:00,1205.0,1205.0,1205.0,1205.0,253
2015-02-13 12:48:00,1205.0,1205.0,1205.0,1205.0,25
2015-02-13 12:49:00,1205.0,1205.0,1205.0,1205.0,25
2015-02-13 12:50:00,1205.0,1205.0,1205.0,1205.0,0
2015-02-13 12:51:00,1204.05,1204.05,1204.05,1204.05,1
2015-02-13 12:52:00,1204.05,1204.05,1204.05,1204.05,0
2015-02-13 12:53:00,1204.05,1205.0,1204.05,1205.0,2
2015-02-13 12:54:00,1205.0,1205.0,1201.0,1201.0,188
2015-02-13 12:55:00,1201.0,1201.0,1201.0,1201.0,0
2015-02-13 12:56:00,1201.0,1201.0,1201.0,1201.0,0
2015-02-13 12:57:00,1201.0,1202.0,1201.0,1202.0,20
2015-02-13 12:58:00,1202.0,1202.0,1202.0,1202.0,0
2015-02-13 12:59:00,1202.0,1202.0,1201.95,1202.0,27
2015-02-13 13:00:00,1202.0,1202.0,1202.0,1202.0,83
2015-02-13 13:01:00,1201.6,1201.6,1201.6,1201.6,7
2015-02-13 13:02:00,1201.6,1204.4,1201.6,1204.4,10
2015-02-13 13:03:00,1204.4,1204.4,1204.4,1204.4,0
2015-02-13 13:04:00,1204.4,1204.95,1204.4,1204.95,7
2015-02-13 13:05:00,1205.0,1205.0,1205.0,1205.0,3
2015-02-13 13:06:00,1205.0,1205.0,1202.3,1202.35,11
2015-02-13 13:07:00,1202.35,1202.35,1202.35,1202.35,0
2015-02-13 13:08:00,1205.0,1205.0,1205.0,1205.0,0
2015-02-13 13:09:00,1202.35,1202.35,1202.35,1202.35,0
2015-02-13 13:10:00,1205.0,1205.0,1205.0,1205.0,0
2015-02-13 13:11:00,1202.35,1202.35,1202.35,1202.35,0
2015-02-13 13:12:00,1202.35,1202.35,1202.35,1202.35,0
2015-02-13 13:13:00,1202.35,1202.35,1202.35,1202.35,0
2015-02-13 13:14:00,1202.35,1202.35,1202.35,1202.35,0
2015-02-13 13:15:00,1202.35,1202.35,1202.35,1202.35,0
2015-02-13 13:16:00,1202.35,1202.35,1202.35,1202.35,0
2015-02-13 13:17:00,1202.35,1202.35,1202.35,1202.35,0
2015-02-13 13:18:00,1202.35,1202.35,1202.35,1202.35,0
2015-02-13 13:19:00,1204.95,1204.95,1204.95,1204.95,10
2015-02-13 13:20:00,1204.95,1204.95,1204.95,1204.95,1
2015-02-13 13:21:00,1204.95,1204.95,1204.95,1204.95,0
2015-02-13 13:22:00,1204.95,1204.95,1204.95,1204.95,0
2015-02-13 13:23:00,1204.95,1204.95,1204.95,1204.95,0
2015-02-13 13:24:00,1204.95,1204.95,1204.95,1204.95,0
2015-02-13 13:25:00,1204.95,1204.95,1204.95,1204.95,0
2015-02-13 13:26:00,1204.95,1204.95,1204.95,1204.95,0
2015-02-13 13:27:00,1204.95,1204.95,1204.95,1204.95,0
2015-02-13 13:28:00,1204.95,1204.95,1204.95,1204.95,0
2015-02-13 13:29:00,1203.15,1203.15,1203.15,1203.15,344
2015-02-13 13:30:00,1203.8,1204.4,1203.8,1204.4,6
2015-02-13 13:31:00,1204.4,1204.4,1204.4,1204.4,0
2015-02-13 13:32:00,1204.4,1204.4,1201.0,1201.0,265
2015-02-13 13:33:00,1200.0,1200.25,1200.0,1200.25,86
2015-02-13 13:34:00,1200.25,1200.25,1200.0,1200.0,77
2015-02-13 13:35:00,1199.9,1199.9,1199.9,1199.9,6
2015-02-13 13:36:00,1199.9,1199.9,1199.9,1199.9,0
2015-02-13 13:37:00,1199.95,1199.95,1199.95,1199.95,16
2015-02-13 13:38:00,1200.0,1200.0,1200.0,1200.0,20
2015-02-13 13:39:00,1200.0,1200.0,1200.0,1200.0,0
2015-02-13 13:40:00,1200.0,1200.0,1200.0,1200.0,25
2015-02-13 13:41:00,1200.0,1200.0,1200.0,1200.0,20
2015-02-13 13:42:00,1200.0,1200.05,1200.0,1200.05,240
2015-02-13 13:43:00,1200.0,1200.0,1198.0,1198.0,813
2015-02-13 13:44:00,1196.0,1196.0,1195.0,1195.0,91
2015-02-13 13:45:00,1195.0,1195.0,1195.0,1195.0,0
2015-02-13 13:46:00,1195.0,1196.0,1195.0,1196.0,3
2015-02-13 13:47:00,1195.0,1195.0,1195.0,1195.0,1
2015-02-13 13:48:00,1195.0,1196.0,1195.0,1196.0,17
2015-02-13 13:49:00,1196.0,1196.0,1196.0,1196.0,0
2015-02-13 13:50:00,1196.0,1198.5,1196.0,1198.5,44
2015-02-13 13:51:00,1198.5,1198.5,1198.5,1198.5,0
2015-02-13 13:52:00,1198.5,1198.5,1198.5,1198.5,0
2015-02-13 13:53:00,1198.5,1198.5,1198.5,1198.5,0
2015-02-13 13:54:00,1198.5,1198.5,1198.5,1198.5,0
2015-02-13 13:55:00,1199.85,1200.0,1199.85,1200.0,200
2015-02-13 13:56:00,1200.0,1200.0,1200.0,1200.0,1
2015-02-13 13:57:00,1200.0,1200.0,1200.0,1200.0,0
2015-02-13 13:58:00,1200.0,1200.0,1200.0,1200.0,0
2015-02-13 13:59:00,1200.0,1200.0,1200.0,1200.0,0
2015-02-13 14:00:00,1199.8,1199.8,1199.8,1199.8,4
2015-02-13 14:01:00,1199.8,1199.8,1197.0,1197.0,50
2015-02-13 14:02:00,1197.0,1197.0,1195.5,1195.5,200
2015-02-13 14:03:00,1195.5,1195.5,1195.5,1195.5,0
2015-02-13 14:04:00,1195.5,1196.15,1195.5,1196.15,1
2015-02-13 14:05:00,1196.15,1196.15,1196.15,1196.15,0
2015-02-13 14:06:00,1196.15,1199.7,1196.15,1199.7,2
2015-02-13 14:07:00,1199.7,1199.7,1199.7,1199.7,0
2015-02-13 14:08:00,1199.7,1199.7,1199.7,1199.7,0
2015-02-13 14:09:00,1199.7,1199.7,1199.2,1199.2,5
2015-02-13 14:10:00,1199.2,1199.2,1199.2,1199.2,0
2015-02-13 14:11:00,1199.2,1199.2,1199.2,1199.2,0
2015-02-13 14:12:00,1199.65,1199.65,1199.65,1199.65,2
2015-02-13 14:13:00,1199.65,1199.9,1199.0,1199.9,105
2015-02-13 14:14:00,1199.9,1199.9,1199.0,1199.0,15
2015-02-13 14:15:00,1199.0,1199.0,1199.0,1199.0,0
2015-02-13 14:16:00,1199.0,1199.0,1199.0,1199.0,0
2015-02-13 14:17:00,1199.0,1199.0,1199.0,1199.0,0
2015-02-13 14:18:00,1199.0,1199.0,1199.0,1199.0,30
2015-02-13 14:19:00,1199.0,1199.0,1199.0,1199.0,0
2015-02-13 14:20:00,1198.0,1198.0,1198.0,1198.0,12
2015-02-13 14:21:00,1199.0,1199.0,1199.0,1199.0,50
2015-02-13 14:22:00,1199.0,1199.0,1199.0,1199.0,10
2015-02-13 14:23:00,1199.0,1199.0,1199.0,1199.0,0
2015-02-13 14:24:00,1199.0,1199.95,1199.0,1199.0,175
2015-02-13 14:25:00,1199.0,1199.0,1199.0,1199.0,10
2015-02-13 14:26:00,1199.0,1199.0,1199.0,1199.0,0
2015-02-13 14:27:00,1199.0,1199.0,1199.0,1199.0,0
2015-02-13 14:28:00,1199.0,1199.0,1199.0,1199.0,0
2015-02-13 14:29:00,1199.0,1199.0,1199.0,1199.0,0
2015-02-13 14:30:00,1199.0,1199.0,1199.0,1199.0,0
2015-02-13 14:31:00,1199.0,1199.0,1199.0,1199.0,0
2015-02-13 14:32:00,1199.0,1199.0,1199.0,1199.0,11
2015-02-13 14:33:00,1199.0,1199.0,1199.0,1199.0,0
2015-02-13 14:34:00,1199.0,1199.0,1199.0,1199.0,0
2015-02-13 14:35:00,1199.0,1199.0,1199.0,1199.0,0
2015-02-13 14:36:00,1199.0,1199.0,1199.0,1199.0,0
2015-02-13 14:37:00,1199.0,1199.0,1199.0,1199.0,0
2015-02-13 14:38:00,1199.0,1199.0,1199.0,1199.0,0
2015-02-13 14:39:00,1199.0,1199.0,1199.0,1199.0,0
2015-02-13 14:40:00,1199.0,1199.0,1199.0,1199.0,0
2015-02-13 14:41:00,1199.0,1199.0,1199.0,1199.0,7
2015-02-13 14:42:00,1199.0,1199.0,1199.0,1199.0,0
2015-02-13 14:43:00,1199.0,1199.0,1199.0,1199.0,1
2015-02-13 14:44:00,1199.0,1199.0,1199.0,1199.0,0
2015-02-13 14:45:00,1199.0,1199.0,1199.0,1199.0,0
2015-02-13 14:46:00,1199.8,1199.8,1199.8,1199.8,13
2015-02-13 14:47:00,1199.8,1199.8,1198.2,1198.2,1
2015-02-13 14:48:00,1199.25,1199.25,1199.25,1199.25,2
2015-02-13 14:49:00,1199.8,1199.8,1199.8,1199.8,12
2015-02-13 14:50:00,1199.8,1199.8,1199.8,1199.8,0
2015-02-13 14:51:00,1199.8,1199.8,1199.8,1199.8,40
2015-02-13 14:52:00,1200.0,1200.0,1200.0,1200.0,400
2015-02-13 14:53:00,1200.0,1200.0,1200.0,1200.0,25
2015-02-13 14:54:00,1200.0,1200.0,1200.0,1200.0,120
2015-02-13 14:55:00,1200.0,1200.0,1200.0,1200.0,150
2015-02-13 14:56:00,1200.0,1200.0,1200.0,1200.0,100
2015-02-13 14:57:00,1199.0,1200.0,1199.0,1200.0,20
2015-02-13 14:58:00,1200.0,1200.0,1199.0,1200.0,270
2015-02-13 14:59:00,1200.0,1200.0,1200.0,1200.0,0
2015-02-13 15:00:00,1200.0,1200.0,1199.0,1199.0,9
2015-02-13 15:01:00,1196.2,1196.2,1196.2,1196.2,100
2015-02-13 15:02:00,1196.2,1198.55,1194.8,1194.8,156
2015-02-13 15:03:00,1194.65,1195.0,1194.65,1195.0,181
2015-02-13 15:04:00,1195.0,1195.0,1193.75,1194.45,8
2015-02-13 15:05:00,1194.45,1195.0,1194.25,1195.0,122
2015-02-13 15:06:00,1195.0,1195.0,1193.0,1193.0,131
2015-02-13 15:07:00,1194.6,1194.6,1194.6,1194.6,30
2015-02-13 15:08:00,1194.6,1194.6,1194.6,1194.6,20
2015-02-13 15:09:00,1194.6,1194.6,1190.0,1190.0,539
2015-02-13 15:10:00,1190.0,1191.0,1190.0,1191.0,2
2015-02-13 15:11:00,1191.0,1191.0,1191.0,1191.0,2
2015-02-13 15:12:00,1191.0,1191.0,1189.1,1189.1,329
2015-02-13 15:13:00,1189.1,1190.0,1188.0,1188.0,61
2015-02-13 15:14:00,1188.0,1192.05,1188.0,1192.0,112
2015-02-13 15:15:00,1194.0,1194.0,1194.0,1194.0,62
2015-02-13 15:16:00,1194.0,1194.3,1194.0,1194.15,6
2015-02-13 15:17:00,1194.15,1194.25,1194.15,1194.25,5
2015-02-13 15:18:00,1194.25,1194.25,1194.25,1194.25,8
2015-02-13 15:19:00,1194.25,1195.95,1194.25,1194.25,9
2015-02-13 15:20:00,1194.25,1194.25,1194.25,1194.25,14
2015-02-13 15:21:00,1194.25,1194.7,1194.25,1194.7,10
2015-02-13 15:22:00,1194.7,1195.15,1194.7,1195.15,2
2015-02-13 15:23:00,1195.15,1195.85,1195.0,1195.0,15
2015-02-13 15:24:00,1194.0,1195.75,1194.0,1195.0,63
2015-02-13 15:25:00,1195.0,1195.9,1195.0,1195.9,20
2015-02-13 15:26:00,1195.9,1195.9,1195.0,1195.0,14
2015-02-13 15:27:00,1195.0,1195.0,1194.25,1194.25,15
2015-02-13 15:28:00,1194.25,1195.0,1194.25,1194.65,118
2015-02-13 15:29:00,1194.65,1195.0,1194.0,1195.0,82
2015-02-16 09:15:00,1192.0,1192.0,1192.0,1192.0,0
2015-02-16 09:16:00,1192.0,1200.0,1192.0,1200.0,105
2015-02-16 09:17:00,1200.0,1204.95,1200.0,1204.95,25
2015-02-16 09:18:00,1204.95,1204.95,1204.95,1204.95,0
2015-02-16 09:19:00,1204.95,1205.0,1204.95,1205.0,50
2015-02-16 09:20:00,1205.0,1205.0,1201.25,1201.25,54
2015-02-16 09:21:00,1201.25,1201.25,1201.25,1201.25,0
2015-02-16 09:22:00,1201.25,1201.5,1201.25,1201.5,20
2015-02-16 09:23:00,1201.5,1206.0,1201.5,1206.0,70
2015-02-16 09:24:00,1205.05,1205.05,1202.3,1202.3,14
2015-02-16 09:25:00,1202.3,1202.4,1202.3,1202.4,5
2015-02-16 09:26:00,1202.4,1205.0,1202.4,1205.0,19
2015-02-16 09:27:00,1205.0,1205.0,1202.0,1202.0,133
2015-02-16 09:28:00,1202.0,1202.0,1202.0,1202.0,0
2015-02-16 09:29:00,1202.0,1202.0,1202.0,1202.0,0
2015-02-16 09:30:00,1202.0,1205.0,1202.0,1205.0,30
2015-02-16 09:31:00,1205.0,1205.0,1205.0,1205.0,17
2015-02-16 09:32:00,1206.0,1206.9,1206.0,1206.9,40
2015-02-16 09:33:00,1206.9,1206.9,1206.9,1206.9,10
2015-02-16 09:34:00,1206.9,1206.9,1206.9,1206.9,0
2015-02-16 09:35:00,1206.9,1206.9,1205.0,1205.0,3
2015-02-16 09:36:00,1205.0,1205.0,1205.0,1205.0,0
2015-02-16 09:37:00,1205.0,1205.0,1205.0,1205.0,0
2015-02-16 09:38:00,1205.0,1205.0,1205.0,1205.0,0
2015-02-16 09:39:00,1205.0,1205.0,1205.0,1205.0,0
2015-02-16 09:40:00,1201.9,1201.9,1201.9,1201.9,7
2015-02-16 09:41:00,1201.9,1204.95,1201.9,1204.95,6
2015-02-16 09:42:00,1204.95,1204.95,1204.95,1204.95,0
2015-02-16 09:43:00,1204.95,1204.95,1202.0,1202.0,5
2015-02-16 09:44:00,1205.0,1205.0,1205.0,1205.0,25
2015-02-16 09:45:00,1205.0,1205.0,1205.0,1205.0,0
2015-02-16 09:46:00,1205.0,1205.0,1205.0,1205.0,0
2015-02-16 09:47:00,1205.0,1205.0,1205.0,1205.0,0
2015-02-16 09:48:00,1205.0,1205.0,1205.0,1205.0,15
2015-02-16 09:49:00,1205.0,1205.0,1205.0,1205.0,0
2015-02-16 09:50:00,1205.0,1205.0,1205.0,1205.0,0
2015-02-16 09:51:00,1205.0,1205.0,1205.0,1205.0,0
2015-02-16 09:52:00,1205.0,1205.0,1205.0,1205.0,5
2015-02-16 09:53:00,1201.9,1201.9,1201.9,1201.9,5
2015-02-16 09:54:00,1201.9,1201.9,1201.9,1201.9,0
2015-02-16 09:55:00,1201.9,1204.95,1201.9,1204.95,10
2015-02-16 09:56:00,1204.95,1204.95,1204.95,1204.95,0
2015-02-16 09:57:00,1204.95,1204.95,1201.1,1201.1,50
2015-02-16 09:58:00,1201.1,1202.0,1201.0,1201.0,45
2015-02-16 09:59:00,1200.05,1200.05,1200.05,1200.05,5
2015-02-16 10:00:00,1200.05,1204.8,1200.05,1204.8,1
2015-02-16 10:01:00,1204.8,1204.8,1204.4,1204.4,12
2015-02-16 10:02:00,1204.4,1204.4,1204.4,1204.4,0
2015-02-16 10:03:00,1204.4,1204.4,1204.4,1204.4,0
2015-02-16 10:04:00,1204.4,1204.8,1204.4,1204.8,2
2015-02-16 10:05:00,1204.8,1204.8,1204.8,1204.8,0
2015-02-16 10:06:00,1204.8,1204.8,1204.8,1204.8,0
2015-02-16 10:07:00,1204.8,1204.8,1204.8,1204.8,0
2015-02-16 10:08:00,1204.8,1204.8,1201.2,1201.2,18
2015-02-16 10:09:00,1201.2,1201.2,1201.2,1201.2,0
2015-02-16 10:10:00,1201.2,1201.2,1200.55,1200.55,7
2015-02-16 10:11:00,1200.55,1200.55,1200.55,1200.55,0
2015-02-16 10:12:00,1200.55,1200.55,1200.55,1200.55,0
2015-02-16 10:13:00,1200.55,1200.55,1200.55,1200.55,0
2015-02-16 10:14:00,1204.4,1205.0,1204.4,1205.0,300
2015-02-16 10:15:00,1205.0,1205.0,1201.9,1205.0,40
2015-02-16 10:16:00,1205.0,1205.0,1205.0,1205.0,0
2015-02-16 10:17:00,1201.9,1201.9,1201.9,1201.9,10
2015-02-16 10:18:00,1201.9,1201.9,1201.9,1201.9,0
2015-02-16 10:19:00,1201.9,1201.9,1201.9,1201.9,0
2015-02-16 10:20:00,1201.9,1201.9,1201.9,1201.9,0
2015-02-16 10:21:00,1201.9,1201.9,1201.9,1201.9,0
2015-02-16 10:22:00,1205.0,1205.0,1205.0,1205.0,30
2015-02-16 10:23:00,1205.0,1205.0,1205.0,1205.0,0
2015-02-16 10:24:00,1205.0,1205.0,1205.0,1205.0,0
2015-02-16 10:25:00,1205.0,1205.0,1205.0,1205.0,0
2015-02-16 10:26:00,1205.0,1205.0,1205.0,1205.0,100
2015-02-16 10:27:00,1205.0,1205.0,1205.0,1205.0,0
2015-02-16 10:28:00,1205.0,1205.0,1205.0,1205.0,0
2015-02-16 10:29:00,1205.0,1205.0,1205.0,1205.0,0
2015-02-16 10:30:00,1205.0,1205.0,1205.0,1205.0,0
2015-02-16 10:31:00,1205.0,1205.0,1205.0,1205.0,99
2015-02-16 10:32:00,1205.0,1205.0,1205.0,1205.0,0
2015-02-16 10:33:00,1205.0,1205.0,1202.05,1202.05,60
2015-02-16 10:34:00,1202.05,1202.05,1202.05,1202.05,0
2015-02-16 10:35:00,1202.05,1202.05,1202.05,1202.05,0
2015-02-16 10:36:00,1202.05,1205.0,1200.0,1200.0,300
2015-02-16 10:37:00,1200.0,1200.0,1200.0,1200.0,0
2015-02-16 10:38:00,1200.0,1200.0,1200.0,1200.0,0
2015-02-16 10:39:00,1200.0,1203.95,1200.0,1203.95,5
2015-02-16 10:40:00,1203.95,1203.95,1203.95,1203.95,0
2015-02-16 10:41:00,1204.0,1204.0,1201.0,1204.0,120
2015-02-16 10:42:00,1204.0,1204.9,1201.25,1204.9,103
2015-02-16 10:43:00,1204.9,1204.9,1204.9,1204.9,0
2015-02-16 10:44:00,1204.9,1205.0,1204.9,1205.0,100
2015-02-16 10:45:00,1205.0,1205.0,1205.0,1205.0,0
2015-02-16 10:46:00,1205.0,1205.0,1205.0,1205.0,0
2015-02-16 10:47:00,1205.0,1205.0,1205.0,1205.0,100
2015-02-16 10:48:00,1205.0,1205.0,1205.0,1205.0,0
2015-02-16 10:49:00,1205.0,1205.0,1205.0,1205.0,0
2015-02-16 10:50:00,1205.0,1205.0,1205.0,1205.0,0
2015-02-16 10:51:00,1205.0,1205.0,1205.0,1205.0,0
2015-02-16 10:52:00,1205.0,1205.0,1205.0,1205.0,0
2015-02-16 10:53:00,1205.0,1205.0,1205.0,1205.0,0
2015-02-16 10:54:00,1205.0,1205.0,1205.0,1205.0,0
2015-02-16 10:55:00,1205.0,1205.0,1205.0,1205.0,0
2015-02-16 10:56:00,1205.0,1205.0,1201.3,1201.3,1
2015-02-16 10:57:00,1205.0,1205.0,1205.0,1205.0,50
2015-02-16 10:58:00,1205.0,1205.0,1205.0,1205.0,0
2015-02-16 10:59:00,1205.0,1205.0,1205.0,1205.0,0
2015-02-16 11:00:00,1205.0,1205.0,1205.0,1205.0,0
2015-02-16 11:01:00,1205.0,1205.0,1205.0,1205.0,20
2015-02-16 11:02:00,1205.0,1205.0,1205.0,1205.0,0
2015-02-16 11:03:00,1205.0,1205.0,1205.0,1205.0,15
2015-02-16 11:04:00,1205.0,1205.0,1205.0,1205.0,101
2015-02-16 11:05:00,1205.0,1205.0,1205.0,1205.0,0
2015-02-16 11:06:00,1205.0,1205.0,1205.0,1205.0,0
2015-02-16 11:07:00,1205.0,1205.0,1205.0,1205.0,0
2015-02-16 11:08:00,1205.0,1205.0,1205.0,1205.0,0
2015-02-16 11:09:00,1205.0,1205.0,1205.0,1205.0,0
2015-02-16 11:10:00,1205.0,1205.0,1202.75,1202.75,11
2015-02-16 11:11:00,1203.2,1203.2,1203.2,1203.2,4
2015-02-16 11:12:00,1203.2,1203.2,1203.2,1203.2,0
2015-02-16 11:13:00,1203.2,1203.2,1203.2,1203.2,0
2015-02-16 11:14:00,1203.2,1203.2,1203.2,1203.2,0
2015-02-16 11:15:00,1203.75,1203.75,1203.75,1203.75,2
2015-02-16 11:16:00,1203.75,1203.75,1203.75,1203.75,0
2015-02-16 11:17:00,1203.75,1203.75,1203.75,1203.75,0
2015-02-16 11:18:00,1203.75,1203.75,1203.75,1203.75,0
2015-02-16 11:19:00,1203.75,1203.75,1203.75,1203.75,0
2015-02-16 11:20:00,1203.75,1203.75,1203.75,1203.75,0
2015-02-16 11:21:00,1203.75,1203.75,1203.75,1203.75,2
2015-02-16 11:22:00,1203.75,1203.75,1203.75,1203.75,0
2015-02-16 11:23:00,1203.75,1203.75,1203.75,1203.75,0
2015-02-16 11:24:00,1203.75,1203.75,1203.75,1203.75,0
2015-02-16 11:25:00,1203.75,1203.75,1203.75,1203.75,0
2015-02-16 11:26:00,1203.75,1203.75,1202.75,1202.75,2
2015-02-16 11:27:00,1202.75,1202.75,1202.75,1202.75,0
2015-02-16 11:28:00,1202.75,1202.75,1202.75,1202.75,0
2015-02-16 11:29:00,1202.75,1202.75,1202.75,1202.75,0
2015-02-16 11:30:00,1202.75,1205.0,1202.75,1205.0,49
2015-02-16 11:31:00,1205.0,1205.0,1205.0,1205.0,0
2015-02-16 11:32:00,1205.0,1205.0,1205.0,1205.0,0
2015-02-16 11:33:00,1205.0,1205.0,1205.0,1205.0,25
2015-02-16 11:34:00,1205.0,1205.0,1205.0,1205.0,0
2015-02-16 11:35:00,1205.0,1205.0,1205.0,1205.0,0
2015-02-16 11:36:00,1205.0,1205.0,1203.8,1203.8,2
2015-02-16 11:37:00,1203.8,1203.8,1203.8,1203.8,0
2015-02-16 11:38:00,1205.0,1205.0,1205.0,1205.0,25
2015-02-16 11:39:00,1205.0,1205.0,1205.0,1205.0,0
2015-02-16 11:40:00,1202.2,1202.2,1202.2,1202.2,11
2015-02-16 11:41:00,1202.2,1202.2,1202.2,1202.2,0
2015-02-16 11:42:00,1203.8,1203.8,1203.8,1203.8,0
2015-02-16 11:43:00,1202.2,1202.2,1202.2,1202.2,0
2015-02-16 11:44:00,1202.2,1202.2,1202.2,1202.2,0
2015-02-16 11:45:00,1202.2,1202.85,1202.2,1202.2,6
2015-02-16 11:46:00,1202.2,1202.2,1202.2,1202.2,15
2015-02-16 11:47:00,1202.2,1202.2,1202.2,1202.2,0
2015-02-16 11:48:00,1202.2,1202.2,1202.2,1202.2,0
2015-02-16 11:49:00,1202.2,1202.2,1202.2,1202.2,3
2015-02-16 11:50:00,1202.2,1202.2,1202.2,1202.2,0
2015-02-16 11:51:00,1202.2,1202.2,1201.95,1201.95,5
2015-02-16 11:52:00,1201.95,1202.0,1201.95,1202.0,7
2015-02-16 11:53:00,1202.0,1202.0,1202.0,1202.0,0
2015-02-16 11:54:00,1202.0,1202.0,1202.0,1202.0,0
2015-02-16 11:55:00,1202.0,1202.0,1202.0,1202.0,5
2015-02-16 11:56:00,1201.65,1201.65,1201.65,1201.65,4
2015-02-16 11:57:00,1201.65,1201.65,1201.65,1201.65,0
2015-02-16 11:58:00,1201.65,1201.65,1201.65,1201.65,0
2015-02-16 11:59:00,1202.0,1202.0,1202.0,1202.0,5
2015-02-16 12:00:00,1202.0,1202.0,1202.0,1202.0,0
2015-02-16 12:01:00,1202.0,1202.0,1202.0,1202.0,0
2015-02-16 12:02:00,1202.0,1202.0,1202.0,1202.0,0
2015-02-16 12:03:00,1202.0,1202.0,1202.0,1202.0,0
2015-02-16 12:04:00,1202.0,1202.0,1202.0,1202.0,0
2015-02-16 12:05:00,1202.0,1202.0,1202.0,1202.0,0
2015-02-16 12:06:00,1202.0,1202.0,1202.0,1202.0,0
2015-02-16 12:07:00,1202.0,1202.0,1202.0,1202.0,0
2015-02-16 12:08:00,1202.0,1202.0,1202.0,1202.0,0
2015-02-16 12:09:00,1202.0,1202.0,1201.65,1201.65,1
2015-02-16 12:10:00,1201.65,1202.0,1201.65,1202.0,5
2015-02-16 12:11:00,1202.0,1202.0,1202.0,1202.0,0
2015-02-16 12:12:00,1202.0,1202.0,1202.0,1202.0,0
2015-02-16 12:13:00,1202.0,1202.0,1202.0,1202.0,0
2015-02-16 12:14:00,1202.0,1202.0,1201.65,1201.65,10
2015-02-16 12:15:00,1202.0,1202.0,1202.0,1202.0,8
2015-02-16 12:16:00,1202.0,1203.75,1202.0,1203.75,12
2015-02-16 12:17:00,1204.0,1205.0,1204.0,1205.0,102
2015-02-16 12:18:00,1205.0,1205.0,1205.0,1205.0,0
2015-02-16 12:19:00,1205.0,1205.0,1205.0,1205.0,0
2015-02-16 12:20:00,1205.0,1205.0,1205.0,1205.0,0
2015-02-16 12:21:00,1205.0,1205.0,1205.0,1205.0,0
2015-02-16 12:22:00,1205.0,1205.0,1205.0,1205.0,0
2015-02-16 12:23:00,1205.0,1205.0,1205.0,1205.0,0
2015-02-16 12:24:00,1205.0,1205.0,1205.0,1205.0,0
2015-02-16 12:25:00,1205.0,1205.0,1205.0,1205.0,0
2015-02-16 12:26:00,1205.0,1205.0,1205.0,1205.0,0
2015-02-16 12:27:00,1205.0,1205.0,1205.0,1205.0,0
2015-02-16 12:28:00,1205.0,1205.0,1205.0,1205.0,0
2015-02-16 12:29:00,1205.0,1205.0,1205.0,1205.0,0
2015-02-16 12:30:00,1205.0,1205.95,1205.0,1205.95,67
2015-02-16 12:31:00,1205.95,1205.95,1202.55,1202.55,10
2015-02-16 12:32:00,1202.55,1202.55,1202.55,1202.55,0
2015-02-16 12:33:00,1202.55,1202.55,1202.55,1202.55,10
2015-02-16 12:34:00,1202.5,1202.5,1202.5,1202.5,10
2015-02-16 12:35:00,1202.5,1202.5,1202.5,1202.5,0
2015-02-16 12:36:00,1202.5,1202.55,1202.5,1202.55,1
2015-02-16 12:37:00,1202.55,1202.55,1202.55,1202.55,0
2015-02-16 12:38:00,1202.55,1202.55,1202.55,1202.55,0
2015-02-16 12:39:00,1202.55,1202.55,1202.55,1202.55,0
2015-02-16 12:40:00,1202.55,1202.55,1202.55,1202.55,0
2015-02-16 12:41:00,1202.55,1202.55,1202.55,1202.55,0
2015-02-16 12:42:00,1202.55,1202.55,1202.55,1202.55,0
2015-02-16 12:43:00,1202.55,1202.55,1202.55,1202.55,0
2015-02-16 12:44:00,1202.55,1202.55,1202.55,1202.55,0
2015-02-16 12:45:00,1202.55,1202.55,1202.55,1202.55,0
2015-02-16 12:46:00,1202.55,1202.55,1202.55,1202.55,0
2015-02-16 12:47:00,1202.55,1202.55,1202.55,1202.55,0
2015-02-16 12:48:00,1202.55,1202.55,1202.55,1202.55,0
2015-02-16 12:49:00,1202.55,1202.55,1202.55,1202.55,0
2015-02-16 12:50:00,1202.55,1202.55,1202.55,1202.55,0
2015-02-16 12:51:00,1202.55,1202.55,1202.55,1202.55,0
2015-02-16 12:52:00,1202.55,1202.55,1202.55,1202.55,0
2015-02-16 12:53:00,1202.55,1202.55,1202.55,1202.55,0
2015-02-16 12:54:00,1202.55,1202.55,1202.55,1202.55,0
2015-02-16 12:55:00,1202.55,1202.55,1202.55,1202.55,0
2015-02-16 12:56:00,1202.55,1202.55,1202.55,1202.55,0
2015-02-16 12:57:00,1202.55,1202.55,1202.55,1202.55,0
2015-02-16 12:58:00,1204.4,1204.4,1204.4,1204.4,10
2015-02-16 12:59:00,1204.4,1204.4,1204.4,1204.4,0
2015-02-16 13:00:00,1204.4,1204.4,1204.4,1204.4,0
2015-02-16 13:01:00,1204.4,1204.4,1204.4,1204.4,0
2015-02-16 13:02:00,1204.45,1204.45,1204.4,1204.4,100
2015-02-16 13:03:00,1204.4,1204.4,1204.4,1204.4,50
2015-02-16 13:04:00,1204.4,1204.4,1204.4,1204.4,0
2015-02-16 13:05:00,1204.4,1204.4,1204.4,1204.4,0
2015-02-16 13:06:00,1204.4,1204.4,1204.4,1204.4,0
2015-02-16 13:07:00,1204.4,1204.4,1204.4,1204.4,0
2015-02-16 13:08:00,1204.4,1204.4,1204.4,1204.4,50
2015-02-16 13:09:00,1204.4,1204.4,1202.0,1202.0,50
2015-02-16 13:10:00,1202.0,1202.0,1202.0,1202.0,0
2015-02-16 13:11:00,1202.0,1202.0,1202.0,1202.0,0
2015-02-16 13:12:00,1202.0,1202.0,1202.0,1202.0,0
2015-02-16 13:13:00,1204.6,1204.6,1204.6,1204.6,15
2015-02-16 13:14:00,1204.6,1204.6,1204.6,1204.6,0
2015-02-16 13:15:00,1204.6,1204.6,1204.6,1204.6,0
2015-02-16 13:16:00,1204.6,1204.6,1204.6,1204.6,0
2015-02-16 13:17:00,1204.6,1204.6,1204.6,1204.6,0
2015-02-16 13:18:00,1204.6,1204.6,1204.6,1204.6,0
2015-02-16 13:19:00,1204.6,1204.6,1202.55,1202.55,10
2015-02-16 13:20:00,1202.55,1202.55,1202.55,1202.55,0
2015-02-16 13:21:00,1202.55,1202.55,1202.55,1202.55,0
2015-02-16 13:22:00,1202.55,1202.55,1202.55,1202.55,0
2015-02-16 13:23:00,1202.55,1212.0,1202.55,1212.0,625
2015-02-16 13:24:00,1215.0,1218.0,1208.6,1212.2,209
2015-02-16 13:25:00,1212.2,1212.2,1212.2,1212.2,0
2015-02-16 13:26:00,1212.2,1212.2,1208.15,1208.15,10
2015-02-16 13:27:00,1212.2,1212.2,1212.2,1212.2,1
2015-02-16 13:28:00,1212.2,1212.2,1212.2,1212.2,0
2015-02-16 13:29:00,1212.2,1212.2,1212.2,1212.2,0
2015-02-16 13:30:00,1212.2,1212.2,1212.2,1212.2,0
2015-02-16 13:31:00,1212.2,1212.2,1212.2,1212.2,0
2015-02-16 13:32:00,1212.2,1212.2,1207.0,1207.0,74
2015-02-16 13:33:00,1207.0,1207.0,1207.0,1207.0,35
2015-02-16 13:34:00,1207.0,1207.0,1207.0,1207.0,0
2015-02-16 13:35:00,1207.0,1207.0,1207.0,1207.0,0
2015-02-16 13:36:00,1207.0,1207.0,1207.0,1207.0,0
2015-02-16 13:37:00,1207.0,1207.0,1201.6,1203.95,61
2015-02-16 13:38:00,1203.95,1203.95,1202.5,1202.55,14
2015-02-16 13:39:00,1202.55,1202.55,1202.55,1202.55,0
2015-02-16 13:40:00,1205.95,1205.95,1205.95,1205.95,2
2015-02-16 13:41:00,1205.95,1205.95,1205.95,1205.95,0
2015-02-16 13:42:00,1205.95,1205.95,1205.0,1205.0,1
2015-02-16 13:43:00,1205.0,1205.0,1203.25,1203.25,81
2015-02-16 13:44:00,1203.15,1203.15,1200.55,1200.55,22
2015-02-16 13:45:00,1200.55,1200.55,1200.55,1200.55,0
2015-02-16 13:46:00,1200.55,1200.55,1200.55,1200.55,0
2015-02-16 13:47:00,1200.55,1204.95,1200.55,1204.95,10
2015-02-16 13:48:00,1204.95,1204.95,1201.25,1201.25,1
2015-02-16 13:49:00,1201.25,1201.25,1201.25,1201.25,0
2015-02-16 13:50:00,1201.25,1201.25,1201.25,1201.25,0
2015-02-16 13:51:00,1201.25,1201.25,1201.25,1201.25,0
2015-02-16 13:52:00,1201.25,1201.25,1201.25,1201.25,0
2015-02-16 13:53:00,1201.25,1201.25,1201.25,1201.25,0
2015-02-16 13:54:00,1205.0,1205.0,1205.0,1205.0,30
2015-02-16 13:55:00,1201.9,1205.0,1201.9,1202.55,62
2015-02-16 13:56:00,1205.0,1205.0,1205.0,1205.0,74
2015-02-16 13:57:00,1205.0,1205.0,1205.0,1205.0,0
2015-02-16 13:58:00,1205.6,1205.6,1205.6,1205.6,1
2015-02-16 13:59:00,1205.6,1205.6,1205.6,1205.6,0
2015-02-16 14:00:00,1205.6,1205.6,1205.6,1205.6,0
2015-02-16 14:01:00,1205.6,1205.6,1205.6,1205.6,0
2015-02-16 14:02:00,1205.6,1205.6,1205.0,1205.0,61
2015-02-16 14:03:00,1205.0,1205.0,1205.0,1205.0,0
2015-02-16 14:04:00,1205.0,1205.0,1205.0,1205.0,0
2015-02-16 14:05:00,1205.0,1205.0,1205.0,1205.0,0
2015-02-16 14:06:00,1205.0,1205.0,1205.0,1205.0,0
2015-02-16 14:07:00,1205.0,1205.0,1205.0,1205.0,0
2015-02-16 14:08:00,1205.0,1205.0,1205.0,1205.0,0
2015-02-16 14:09:00,1205.0,1205.0,1205.0,1205.0,0
2015-02-16 14:10:00,1205.0,1205.0,1205.0,1205.0,0
2015-02-16 14:11:00,1205.0,1205.0,1205.0,1205.0,0
2015-02-16 14:12:00,1205.0,1205.0,1205.0,1205.0,0
2015-02-16 14:13:00,1202.55,1202.55,1202.55,1202.55,10
2015-02-16 14:14:00,1205.0,1205.0,1205.0,1205.0,100
2015-02-16 14:15:00,1205.0,1205.0,1205.0,1205.0,0
2015-02-16 14:16:00,1205.0,1205.0,1205.0,1205.0,0
2015-02-16 14:17:00,1205.0,1205.0,1205.0,1205.0,0
2015-02-16 14:18:00,1205.0,1205.0,1205.0,1205.0,0
2015-02-16 14:19:00,1204.95,1204.95,1204.95,1204.95,10
2015-02-16 14:20:00,1205.0,1205.0,1205.0,1205.0,16
2015-02-16 14:21:00,1205.0,1205.0,1205.0,1205.0,0
2015-02-16 14:22:00,1204.95,1204.95,1204.95,1204.95,0
2015-02-16 14:23:00,1205.0,1205.0,1205.0,1205.0,0
2015-02-16 14:24:00,1205.0,1205.0,1205.0,1205.0,0
2015-02-16 14:25:00,1205.0,1205.0,1205.0,1205.0,0
2015-02-16 14:26:00,1205.0,1205.0,1205.0,1205.0,0
2015-02-16 14:27:00,1205.0,1205.0,1205.0,1205.0,0
2015-02-16 14:28:00,1205.0,1205.0,1205.0,1205.0,22
2015-02-16 14:29:00,1205.0,1205.0,1205.0,1205.0,0
2015-02-16 14:30:00,1205.0,1205.0,1205.0,1205.0,0
2015-02-16 14:31:00,1205.0,1205.0,1205.0,1205.0,0
2015-02-16 14:32:00,1205.0,1205.0,1205.0,1205.0,0
2015-02-16 14:33:00,1205.0,1205.0,1205.0,1205.0,0
2015-02-16 14:34:00,1204.9,1204.9,1201.2,1201.2,90
2015-02-16 14:35:00,1201.2,1204.5,1201.2,1204.5,91
2015-02-16 14:36:00,1204.5,1204.5,1204.5,1204.5,0
2015-02-16 14:37:00,1204.5,1204.5,1204.5,1204.5,0
2015-02-16 14:38:00,1201.3,1201.35,1200.0,1201.35,179
2015-02-16 14:39:00,1201.35,1201.35,1201.35,1201.35,3
2015-02-16 14:40:00,1201.35,1202.95,1200.0,1202.95,132
2015-02-16 14:41:00,1202.95,1203.0,1202.95,1203.0,38
2015-02-16 14:42:00,1204.0,1204.0,1204.0,1204.0,62
2015-02-16 14:43:00,1204.0,1204.0,1204.0,1204.0,0
2015-02-16 14:44:00,1204.0,1204.0,1203.8,1203.8,2
2015-02-16 14:45:00,1203.8,1203.8,1203.8,1203.8,0
2015-02-16 14:46:00,1203.8,1203.8,1203.8,1203.8,0
2015-02-16 14:47:00,1203.8,1203.8,1203.8,1203.8,0
2015-02-16 14:48:00,1203.8,1203.95,1203.8,1203.95,2
2015-02-16 14:49:00,1203.95,1203.95,1203.0,1203.0,4
2015-02-16 14:50:00,1203.0,1203.0,1203.0,1203.0,0
2015-02-16 14:51:00,1203.0,1203.0,1203.0,1203.0,0
2015-02-16 14:52:00,1203.0,1203.0,1203.0,1203.0,0
2015-02-16 14:53:00,1203.0,1203.0,1203.0,1203.0,0
2015-02-16 14:54:00,1203.0,1203.0,1202.95,1202.95,5
2015-02-16 14:55:00,1202.95,1202.95,1202.95,1202.95,0
2015-02-16 14:56:00,1202.95,1202.95,1200.0,1200.0,234
2015-02-16 14:57:00,1200.0,1202.8,1200.0,1202.8,633
2015-02-16 14:58:00,1202.5,1202.8,1202.5,1202.8,50
2015-02-16 14:59:00,1202.8,1202.8,1200.0,1200.0,33
2015-02-16 15:00:00,1200.0,1200.2,1200.0,1200.2,1
2015-02-16 15:01:00,1203.9,1203.9,1203.9,1203.9,10
2015-02-16 15:02:00,1203.9,1203.9,1203.9,1203.9,0
2015-02-16 15:03:00,1203.9,1203.9,1203.9,1203.9,0
2015-02-16 15:04:00,1203.9,1203.9,1203.9,1203.9,0
2015-02-16 15:05:00,1203.9,1203.9,1203.9,1203.9,0
2015-02-16 15:06:00,1200.35,1200.35,1200.35,1200.35,1
2015-02-16 15:07:00,1200.35,1200.35,1200.35,1200.35,0
2015-02-16 15:08:00,1200.35,1203.0,1200.35,1203.0,36
2015-02-16 15:09:00,1203.0,1203.0,1203.0,1203.0,0
2015-02-16 15:10:00,1205.0,1205.0,1205.0,1205.0,192
2015-02-16 15:11:00,1205.0,1205.0,1205.0,1205.0,0
2015-02-16 15:12:00,1205.0,1206.4,1205.0,1205.05,3
2015-02-16 15:13:00,1207.0,1210.05,1205.3,1205.3,67
2015-02-16 15:14:00,1205.3,1210.0,1205.3,1209.0,299
2015-02-16 15:15:00,1209.0,1210.05,1209.0,1210.0,243
2015-02-16 15:16:00,1210.0,1210.0,1210.0,1210.0,18
2015-02-16 15:17:00,1210.0,1210.0,1210.0,1210.0,79
2015-02-16 15:18:00,1210.0,1210.0,1210.0,1210.0,87
2015-02-16 15:19:00,1210.0,1210.0,1210.0,1210.0,5
2015-02-16 15:20:00,1210.0,1210.85,1209.95,1209.95,126
2015-02-16 15:21:00,1209.95,1210.0,1209.95,1210.0,20
2015-02-16 15:22:00,1210.0,1210.0,1207.0,1207.0,3
2015-02-16 15:23:00,1207.0,1207.0,1204.55,1204.55,5
2015-02-16 15:24:00,1204.55,1204.55,1204.2,1204.2,244
2015-02-16 15:25:00,1204.2,1204.2,1200.0,1200.0,528
2015-02-16 15:26:00,1200.0,1200.0,1198.0,1198.0,138
2015-02-16 15:27:00,1198.0,1206.8,1195.0,1206.8,211
2015-02-16 15:28:00,1209.5,1209.5,1209.5,1209.5,9
2015-02-16 15:29:00,1209.5,1209.85,1200.6,1200.6,18
2015-02-18 09:15:00,1209.0,1209.0,1209.0,1209.0,0
2015-02-18 09:16:00,1209.0,1209.0,1209.0,1209.0,0
2015-02-18 09:17:00,1209.0,1209.0,1209.0,1209.0,0
2015-02-18 09:18:00,1209.0,1209.0,1209.0,1209.0,0
2015-02-18 09:19:00,1201.05,1201.05,1201.05,1201.05,24
2015-02-18 09:20:00,1201.05,1201.05,1201.05,1201.05,0
2015-02-18 09:21:00,1206.15,1206.15,1206.15,1206.15,1
2015-02-18 09:22:00,1206.15,1206.15,1206.15,1206.15,0
2015-02-18 09:23:00,1206.15,1206.15,1206.15,1206.15,0
2015-02-18 09:24:00,1207.0,1207.0,1207.0,1207.0,10
2015-02-18 09:25:00,1207.0,1207.0,1207.0,1207.0,0
2015-02-18 09:26:00,1207.0,1207.0,1207.0,1207.0,0
2015-02-18 09:27:00,1207.0,1209.0,1207.0,1209.0,62
2015-02-18 09:28:00,1209.0,1209.0,1209.0,1209.0,0
2015-02-18 09:29:00,1209.0,1209.1,1209.0,1209.1,10
2015-02-18 09:30:00,1209.0,1209.0,1209.0,1209.0,15
2015-02-18 09:31:00,1209.0,1209.0,1209.0,1209.0,0
2015-02-18 09:32:00,1209.1,1210.0,1209.1,1210.0,9
2015-02-18 09:33:00,1210.0,1210.0,1209.0,1209.0,271
2015-02-18 09:34:00,1209.0,1209.0,1209.0,1209.0,300
2015-02-18 09:35:00,1209.0,1210.0,1209.0,1210.0,622
2015-02-18 09:36:00,1210.0,1210.0,1205.0,1205.0,222
2015-02-18 09:37:00,1205.0,1205.0,1201.0,1201.85,94
2015-02-18 09:38:00,1201.85,1201.85,1195.05,1195.05,262
2015-02-18 09:39:00,1195.05,1195.05,1191.85,1191.9,36
2015-02-18 09:40:00,1191.9,1191.9,1188.9,1188.9,276
2015-02-18 09:41:00,1188.9,1188.95,1188.9,1188.95,13
2015-02-18 09:42:00,1186.95,1187.0,1186.9,1187.0,43
2015-02-18 09:43:00,1187.0,1187.0,1186.2,1186.2,501
2015-02-18 09:44:00,1186.2,1186.2,1183.0,1183.0,73
2015-02-18 09:45:00,1183.0,1188.8,1183.0,1188.0,23
2015-02-18 09:46:00,1188.0,1188.0,1188.0,1188.0,0
2015-02-18 09:47:00,1188.0,1188.0,1183.0,1184.0,268
2015-02-18 09:48:00,1184.0,1185.95,1184.0,1185.95,1
2015-02-18 09:49:00,1185.95,1185.95,1183.05,1183.05,10
2015-02-18 09:50:00,1183.05,1183.05,1183.05,1183.05,0
2015-02-18 09:51:00,1183.05,1183.05,1183.05,1183.05,0
2015-02-18 09:52:00,1185.9,1186.0,1185.9,1186.0,74
2015-02-18 09:53:00,1186.0,1186.1,1186.0,1186.1,5
2015-02-18 09:54:00,1188.85,1188.85,1188.85,1188.85,20
2015-02-18 09:55:00,1187.2,1189.0,1187.2,1189.0,140
2015-02-18 09:56:00,1189.0,1189.0,1189.0,1189.0,30
2015-02-18 09:57:00,1189.0,1189.0,1183.55,1183.55,100
2015-02-18 09:58:00,1183.55,1187.5,1183.55,1187.5,10
2015-02-18 09:59:00,1187.5,1187.5,1187.5,1187.5,20
2015-02-18 10:00:00,1187.5,1188.05,1187.5,1188.05,10
2015-02-18 10:01:00,1188.05,1188.05,1188.05,1188.05,0
2015-02-18 10:02:00,1188.05,1188.1,1188.05,1188.1,5
2015-02-18 10:03:00,1188.1,1188.1,1185.0,1188.0,170
2015-02-18 10:04:00,1188.0,1189.0,1188.0,1189.0,26
2015-02-18 10:05:00,1189.0,1189.0,1188.0,1188.0,160
2015-02-18 10:06:00,1188.0,1188.0,1188.0,1188.0,0
2015-02-18 10:07:00,1189.95,1189.95,1189.95,1189.95,134
2015-02-18 10:08:00,1184.1,1185.0,1184.0,1185.0,268
2015-02-18 10:09:00,1185.0,1185.0,1183.0,1185.0,105
2015-02-18 10:10:00,1185.0,1188.75,1185.0,1188.15,109
2015-02-18 10:11:00,1188.15,1189.0,1188.15,1189.0,73
2015-02-18 10:12:00,1189.0,1189.0,1189.0,1189.0,0
2015-02-18 10:13:00,1189.0,1189.0,1189.0,1189.0,0
2015-02-18 10:14:00,1189.0,1189.0,1189.0,1189.0,0
2015-02-18 10:15:00,1189.0,1189.0,1189.0,1189.0,0
2015-02-18 10:16:00,1189.0,1189.0,1189.0,1189.0,0
2015-02-18 10:17:00,1189.0,1189.0,1189.0,1189.0,0
2015-02-18 10:18:00,1189.0,1189.0,1185.0,1185.0,100
2015-02-18 10:19:00,1190.0,1190.0,1188.9,1188.9,502
2015-02-18 10:20:00,1188.9,1188.9,1187.6,1187.6,10
2015-02-18 10:21:00,1187.6,1187.6,1187.6,1187.6,0
2015-02-18 10:22:00,1187.0,1187.0,1187.0,1187.0,51
2015-02-18 10:23:00,1187.0,1187.0,1187.0,1187.0,0
2015-02-18 10:24:00,1187.0,1187.0,1186.95,1186.95,5
2015-02-18 10:25:00,1186.95,1186.95,1185.0,1185.0,49
2015-02-18 10:26:00,1185.0,1185.0,1185.0,1185.0,0
2015-02-18 10:27:00,1185.0,1187.95,1185.0,1187.95,5
2015-02-18 10:28:00,1189.0,1189.0,1189.0,1189.0,50
2015-02-18 10:29:00,1185.35,1185.35,1185.35,1185.35,20
2015-02-18 10:30:00,1185.35,1188.9,1185.35,1188.9,25
2015-02-18 10:31:00,1188.9,1188.9,1188.9,1188.9,10
2015-02-18 10:32:00,1188.9,1188.9,1188.9,1188.9,0
2015-02-18 10:33:00,1188.9,1188.9,1188.9,1188.9,0
2015-02-18 10:34:00,1188.9,1188.9,1188.9,1188.9,0
2015-02-18 10:35:00,1188.9,1189.0,1188.9,1189.0,25
2015-02-18 10:36:00,1189.0,1189.0,1189.0,1189.0,0
2015-02-18 10:37:00,1189.0,1189.0,1189.0,1189.0,0
2015-02-18 10:38:00,1185.25,1189.0,1185.25,1188.95,85
2015-02-18 10:39:00,1188.95,1188.95,1188.95,1188.95,1
2015-02-18 10:40:00,1188.95,1188.95,1188.95,1188.95,3
2015-02-18 10:41:00,1188.95,1188.95,1188.95,1188.95,0
2015-02-18 10:42:00,1188.95,1188.95,1188.95,1188.95,4
2015-02-18 10:43:00,1188.95,1189.0,1188.95,1189.0,100
2015-02-18 10:44:00,1189.0,1189.0,1189.0,1189.0,0
2015-02-18 10:45:00,1189.0,1189.0,1189.0,1189.0,0
2015-02-18 10:46:00,1189.0,1189.0,1189.0,1189.0,0
2015-02-18 10:47:00,1189.0,1189.0,1189.0,1189.0,0
2015-02-18 10:48:00,1189.0,1189.0,1187.9,1187.9,52
2015-02-18 10:49:00,1187.9,1187.9,1187.9,1187.9,0
2015-02-18 10:50:00,1187.9,1187.9,1187.85,1187.85,12
2015-02-18 10:51:00,1187.85,1187.85,1187.85,1187.85,0
2015-02-18 10:52:00,1187.85,1187.85,1187.85,1187.85,0
2015-02-18 10:53:00,1189.0,1189.0,1188.95,1189.0,135
2015-02-18 10:54:00,1189.0,1189.0,1189.0,1189.0,5
2015-02-18 10:55:00,1189.0,1189.0,1189.0,1189.0,60
2015-02-18 10:56:00,1189.0,1189.0,1189.0,1189.0,0
2015-02-18 10:57:00,1189.0,1189.0,1189.0,1189.0,10
2015-02-18 10:58:00,1189.0,1189.0,1189.0,1189.0,70
2015-02-18 10:59:00,1189.0,1189.0,1189.0,1189.0,9
2015-02-18 11:00:00,1189.0,1189.0,1189.0,1189.0,100
2015-02-18 11:01:00,1189.0,1189.0,1189.0,1189.0,100
2015-02-18 11:02:00,1189.0,1189.0,1189.0,1189.0,8
2015-02-18 11:03:00,1189.0,1189.0,1189.0,1189.0,0
2015-02-18 11:04:00,1189.0,1189.0,1189.0,1189.0,30
2015-02-18 11:05:00,1189.0,1189.0,1189.0,1189.0,0
2015-02-18 11:06:00,1189.0,1189.0,1189.0,1189.0,6
2015-02-18 11:07:00,1189.0,1189.0,1189.0,1189.0,0
2015-02-18 11:08:00,1189.0,1189.0,1189.0,1189.0,0
2015-02-18 11:09:00,1189.0,1189.0,1188.85,1188.85,3
2015-02-18 11:10:00,1188.85,1188.85,1188.0,1188.0,4
2015-02-18 11:11:00,1188.0,1188.0,1188.0,1188.0,0
2015-02-18 11:12:00,1188.0,1188.0,1188.0,1188.0,0
2015-02-18 11:13:00,1188.0,1189.0,1188.0,1189.0,20
2015-02-18 11:14:00,1189.0,1189.0,1189.0,1189.0,0
2015-02-18 11:15:00,1189.0,1189.0,1189.0,1189.0,0
2015-02-18 11:16:00,1189.0,1189.0,1189.0,1189.0,0
2015-02-18 11:17:00,1189.0,1189.0,1189.0,1189.0,0
2015-02-18 11:18:00,1188.0,1188.0,1188.0,1188.0,14
2015-02-18 11:19:00,1185.0,1185.0,1185.0,1185.0,225
2015-02-18 11:20:00,1185.0,1185.0,1185.0,1185.0,0
2015-02-18 11:21:00,1185.0,1185.0,1185.0,1185.0,0
2015-02-18 11:22:00,1185.0,1185.0,1185.0,1185.0,0
2015-02-18 11:23:00,1185.0,1185.0,1185.0,1185.0,0
2015-02-18 11:24:00,1185.0,1185.0,1185.0,1185.0,0
2015-02-18 11:25:00,1185.1,1186.6,1185.1,1186.6,37
2015-02-18 11:26:00,1186.6,1186.6,1186.6,1186.6,0
2015-02-18 11:27:00,1186.95,1186.95,1185.1,1185.1,11
2015-02-18 11:28:00,1185.1,1187.0,1185.1,1187.0,5
2015-02-18 11:29:00,1187.0,1187.0,1187.0,1187.0,8
2015-02-18 11:30:00,1187.9,1187.9,1187.9,1187.9,2
2015-02-18 11:31:00,1187.9,1187.9,1187.9,1187.9,0
2015-02-18 11:32:00,1189.0,1189.0,1189.0,1189.0,50
2015-02-18 11:33:00,1189.0,1189.0,1189.0,1189.0,0
2015-02-18 11:34:00,1189.0,1189.0,1189.0,1189.0,0
2015-02-18 11:35:00,1189.0,1189.0,1186.55,1186.55,5
2015-02-18 11:36:00,1186.55,1186.55,1186.55,1186.55,0
2015-02-18 11:37:00,1186.55,1186.55,1186.55,1186.55,0
2015-02-18 11:38:00,1186.55,1189.85,1186.55,1189.85,50
2015-02-18 11:39:00,1189.85,1189.85,1189.85,1189.85,0
2015-02-18 11:40:00,1189.85,1189.85,1189.75,1189.75,8
2015-02-18 11:41:00,1189.75,1189.75,1189.75,1189.75,0
2015-02-18 11:42:00,1189.75,1189.75,1188.0,1188.0,50
2015-02-18 11:43:00,1188.0,1189.75,1188.0,1189.75,25
2015-02-18 11:44:00,1189.75,1189.75,1188.0,1188.0,5
2015-02-18 11:45:00,1188.0,1188.0,1188.0,1188.0,0
2015-02-18 11:46:00,1189.8,1189.8,1189.8,1189.8,25
2015-02-18 11:47:00,1189.8,1189.8,1189.8,1189.8,0
2015-02-18 11:48:00,1189.8,1189.8,1189.0,1189.8,75
2015-02-18 11:49:00,1189.8,1189.8,1189.8,1189.8,0
2015-02-18 11:50:00,1189.8,1189.8,1189.8,1189.8,0
2015-02-18 11:51:00,1189.8,1189.8,1186.1,1186.1,150
2015-02-18 11:52:00,1186.1,1186.1,1185.0,1185.0,250
2015-02-18 11:53:00,1185.0,1187.75,1185.0,1187.75,2
2015-02-18 11:54:00,1187.75,1187.75,1187.75,1187.75,0
2015-02-18 11:55:00,1187.75,1187.75,1187.75,1187.75,0
2015-02-18 11:56:00,1187.75,1187.75,1185.65,1185.65,2
2015-02-18 11:57:00,1185.65,1187.85,1185.65,1187.85,51
2015-02-18 11:58:00,1187.8,1187.8,1187.8,1187.8,1
2015-02-18 11:59:00,1187.8,1187.8,1187.0,1187.0,10
2015-02-18 12:00:00,1187.0,1187.0,1187.0,1187.0,0
2015-02-18 12:01:00,1187.0,1187.0,1187.0,1187.0,0
2015-02-18 12:02:00,1187.0,1187.0,1187.0,1187.0,0
2015-02-18 12:03:00,1187.0,1187.0,1187.0,1187.0,0
2015-02-18 12:04:00,1187.0,1187.0,1187.0,1187.0,0
2015-02-18 12:05:00,1187.0,1187.0,1187.0,1187.0,0
2015-02-18 12:06:00,1187.0,1187.0,1187.0,1187.0,0
2015-02-18 12:07:00,1187.0,1187.0,1187.0,1187.0,0
2015-02-18 12:08:00,1187.0,1187.85,1187.0,1187.85,26
2015-02-18 12:09:00,1187.9,1188.0,1187.05,1187.9,57
2015-02-18 12:10:00,1187.9,1188.9,1187.9,1188.9,2
2015-02-18 12:11:00,1188.9,1188.9,1188.9,1188.9,0
2015-02-18 12:12:00,1188.9,1188.9,1188.9,1188.9,0
2015-02-18 12:13:00,1188.9,1189.4,1188.9,1189.4,20
2015-02-18 12:14:00,1189.4,1189.4,1189.4,1189.4,0
2015-02-18 12:15:00,1189.4,1189.4,1189.4,1189.4,0
2015-02-18 12:16:00,1189.4,1189.4,1189.15,1189.15,15
2015-02-18 12:17:00,1189.15,1189.15,1189.0,1189.0,3
2015-02-18 12:18:00,1189.0,1189.0,1187.6,1187.6,39
2015-02-18 12:19:00,1187.6,1187.6,1186.35,1186.35,4
2015-02-18 12:20:00,1186.35,1187.5,1185.1,1187.5,227
2015-02-18 12:21:00,1187.5,1187.5,1187.5,1187.5,0
2015-02-18 12:22:00,1187.5,1187.5,1187.5,1187.5,0
2015-02-18 12:23:00,1187.5,1187.5,1187.5,1187.5,0
2015-02-18 12:24:00,1187.5,1187.5,1187.5,1187.5,0
2015-02-18 12:25:00,1187.5,1187.55,1187.5,1187.55,10
2015-02-18 12:26:00,1187.55,1187.55,1187.55,1187.55,0
2015-02-18 12:27:00,1187.55,1187.55,1187.55,1187.55,0
2015-02-18 12:28:00,1187.55,1187.55,1187.55,1187.55,0
2015-02-18 12:29:00,1187.55,1187.55,1187.55,1187.55,0
2015-02-18 12:30:00,1187.55,1187.55,1187.55,1187.55,0
2015-02-18 12:31:00,1187.55,1187.55,1187.55,1187.55,0
2015-02-18 12:32:00,1187.55,1187.55,1187.55,1187.55,0
2015-02-18 12:33:00,1187.55,1187.55,1187.55,1187.55,0
2015-02-18 12:34:00,1187.55,1187.55,1187.55,1187.55,28
2015-02-18 12:35:00,1187.55,1187.55,1187.55,1187.55,0
2015-02-18 12:36:00,1187.55,1187.55,1187.55,1187.55,0
2015-02-18 12:37:00,1187.55,1187.55,1187.5,1187.5,1
2015-02-18 12:38:00,1187.5,1187.5,1187.5,1187.5,10
2015-02-18 12:39:00,1187.5,1187.5,1187.5,1187.5,0
2015-02-18 12:40:00,1187.5,1187.5,1187.5,1187.5,0
2015-02-18 12:41:00,1186.25,1186.25,1185.0,1185.0,440
2015-02-18 12:42:00,1185.0,1185.0,1185.0,1185.0,35
2015-02-18 12:43:00,1185.0,1185.0,1185.0,1185.0,0
2015-02-18 12:44:00,1185.0,1185.0,1185.0,1185.0,50
2015-02-18 12:45:00,1185.0,1185.0,1185.0,1185.0,0
2015-02-18 12:46:00,1186.8,1186.8,1186.8,1186.8,10
2015-02-18 12:47:00,1186.8,1186.8,1186.7,1186.7,2
2015-02-18 12:48:00,1184.6,1184.6,1184.6,1184.6,90
2015-02-18 12:49:00,1187.0,1187.0,1187.0,1187.0,64
2015-02-18 12:50:00,1187.0,1188.8,1187.0,1188.8,84
2015-02-18 12:51:00,1188.8,1188.8,1188.8,1188.8,0
2015-02-18 12:52:00,1188.8,1188.8,1188.8,1188.8,0
2015-02-18 12:53:00,1188.8,1188.8,1188.8,1188.8,0
2015-02-18 12:54:00,1188.8,1188.85,1187.05,1187.05,22
2015-02-18 12:55:00,1187.05,1188.8,1185.2,1185.2,152
2015-02-18 12:56:00,1185.2,1186.0,1185.2,1186.0,50
2015-02-18 12:57:00,1186.0,1186.0,1186.0,1186.0,0
2015-02-18 12:58:00,1186.0,1186.0,1186.0,1186.0,0
2015-02-18 12:59:00,1186.0,1186.0,1186.0,1186.0,0
2015-02-18 13:00:00,1186.0,1186.0,1186.0,1186.0,0
2015-02-18 13:01:00,1186.0,1186.0,1186.0,1186.0,0
2015-02-18 13:02:00,1186.0,1186.0,1186.0,1186.0,4
2015-02-18 13:03:00,1186.0,1186.0,1186.0,1186.0,0
2015-02-18 13:04:00,1186.0,1186.0,1186.0,1186.0,0
2015-02-18 13:05:00,1186.0,1186.0,1186.0,1186.0,0
2015-02-18 13:06:00,1186.0,1186.0,1186.0,1186.0,0
2015-02-18 13:07:00,1186.0,1186.0,1186.0,1186.0,0
2015-02-18 13:08:00,1186.0,1186.0,1186.0,1186.0,0
2015-02-18 13:09:00,1186.0,1186.0,1186.0,1186.0,0
2015-02-18 13:10:00,1186.0,1186.0,1186.0,1186.0,0
2015-02-18 13:11:00,1186.0,1186.0,1186.0,1186.0,0
2015-02-18 13:12:00,1186.0,1186.0,1186.0,1186.0,0
2015-02-18 13:13:00,1186.0,1186.0,1185.0,1185.0,547
2015-02-18 13:14:00,1185.0,1185.0,1185.0,1185.0,0
2015-02-18 13:15:00,1185.0,1185.0,1185.0,1185.0,0
2015-02-18 13:16:00,1185.0,1185.95,1185.0,1185.0,622
2015-02-18 13:17:00,1185.0,1185.0,1184.0,1185.0,76
2015-02-18 13:18:00,1185.0,1185.0,1185.0,1185.0,100
2015-02-18 13:19:00,1185.0,1185.0,1185.0,1185.0,0
2015-02-18 13:20:00,1185.0,1185.0,1185.0,1185.0,0
2015-02-18 13:21:00,1185.0,1185.0,1185.0,1185.0,100
2015-02-18 13:22:00,1185.0,1185.0,1185.0,1185.0,0
2015-02-18 13:23:00,1185.0,1185.0,1185.0,1185.0,0
2015-02-18 13:24:00,1185.0,1185.0,1185.0,1185.0,0
2015-02-18 13:25:00,1185.0,1185.0,1185.0,1185.0,0
2015-02-18 13:26:00,1185.0,1185.0,1184.2,1184.85,50
2015-02-18 13:27:00,1184.8,1184.95,1184.8,1184.95,30
2015-02-18 13:28:00,1184.95,1184.95,1184.95,1184.95,0
2015-02-18 13:29:00,1184.95,1184.95,1184.0,1184.0,4
2015-02-18 13:30:00,1184.0,1184.0,1184.0,1184.0,0
2015-02-18 13:31:00,1184.0,1184.0,1184.0,1184.0,0
2015-02-18 13:32:00,1184.0,1184.0,1184.0,1184.0,0
2015-02-18 13:33:00,1184.0,1184.0,1184.0,1184.0,0
2015-02-18 13:34:00,1184.0,1184.0,1183.5,1183.5,36
2015-02-18 13:35:00,1183.5,1184.9,1183.5,1184.9,7
2015-02-18 13:36:00,1184.9,1184.9,1184.3,1184.3,2
2015-02-18 13:37:00,1184.3,1184.3,1184.3,1184.3,0
2015-02-18 13:38:00,1184.3,1184.3,1184.3,1184.3,0
2015-02-18 13:39:00,1184.3,1184.3,1184.3,1184.3,0
2015-02-18 13:40:00,1184.3,1184.3,1184.3,1184.3,0
2015-02-18 13:41:00,1184.3,1184.9,1184.3,1184.3,10
2015-02-18 13:42:00,1184.3,1184.3,1184.3,1184.3,0
2015-02-18 13:43:00,1184.3,1184.9,1184.3,1184.9,25
2015-02-18 13:44:00,1184.9,1184.9,1184.9,1184.9,0
2015-02-18 13:45:00,1184.9,1184.9,1184.9,1184.9,0
2015-02-18 13:46:00,1184.9,1184.9,1184.9,1184.9,0
2015-02-18 13:47:00,1184.9,1184.9,1184.9,1184.9,0
2015-02-18 13:48:00,1184.9,1184.9,1184.9,1184.9,0
2015-02-18 13:49:00,1184.9,1184.95,1184.9,1184.95,1
2015-02-18 13:50:00,1184.95,1184.95,1184.95,1184.95,0
2015-02-18 13:51:00,1184.95,1184.95,1184.95,1184.95,0
2015-02-18 13:52:00,1184.95,1184.95,1183.55,1183.55,4
2015-02-18 13:53:00,1183.55,1183.55,1183.55,1183.55,0
2015-02-18 13:54:00,1184.95,1184.95,1184.95,1184.95,1
2015-02-18 13:55:00,1184.95,1184.95,1184.95,1184.95,3
2015-02-18 13:56:00,1184.95,1184.95,1184.95,1184.95,0
2015-02-18 13:57:00,1184.95,1184.95,1184.95,1184.95,0
2015-02-18 13:58:00,1184.95,1184.95,1184.95,1184.95,104
2015-02-18 13:59:00,1184.95,1184.95,1184.95,1184.95,0
2015-02-18 14:00:00,1184.2,1184.2,1184.2,1184.2,9
2015-02-18 14:01:00,1184.2,1184.2,1184.2,1184.2,0
2015-02-18 14:02:00,1184.2,1184.25,1184.2,1184.2,37
2015-02-18 14:03:00,1184.0,1184.0,1180.15,1180.15,373
2015-02-18 14:04:00,1180.15,1184.0,1180.1,1184.0,21
2015-02-18 14:05:00,1184.0,1184.0,1184.0,1184.0,0
2015-02-18 14:06:00,1184.0,1184.0,1184.0,1184.0,0
2015-02-18 14:07:00,1184.0,1184.0,1182.95,1182.95,10
2015-02-18 14:08:00,1182.95,1182.95,1181.1,1181.1,30
2015-02-18 14:09:00,1181.1,1182.65,1181.1,1182.65,10
2015-02-18 14:10:00,1182.65,1182.65,1180.0,1180.0,377
2015-02-18 14:11:00,1180.0,1180.0,1180.0,1180.0,75
2015-02-18 14:12:00,1180.0,1180.0,1180.0,1180.0,2
2015-02-18 14:13:00,1180.0,1180.0,1180.0,1180.0,15
2015-02-18 14:14:00,1179.95,1180.0,1178.85,1178.85,28
2015-02-18 14:15:00,1178.85,1178.85,1178.85,1178.85,0
2015-02-18 14:16:00,1178.85,1181.55,1178.85,1181.55,119
2015-02-18 14:17:00,1179.05,1179.05,1179.05,1179.05,1
2015-02-18 14:18:00,1179.05,1181.45,1179.05,1181.45,1
2015-02-18 14:19:00,1181.45,1181.45,1181.45,1181.45,0
2015-02-18 14:20:00,1181.45,1181.45,1179.95,1179.95,54
2015-02-18 14:21:00,1179.95,1180.0,1179.95,1180.0,47
2015-02-18 14:22:00,1180.0,1181.35,1180.0,1181.35,5
2015-02-18 14:23:00,1181.35,1182.7,1181.35,1182.7,50
2015-02-18 14:24:00,1182.7,1182.7,1182.7,1182.7,0
2015-02-18 14:25:00,1182.7,1182.7,1182.7,1182.7,2
2015-02-18 14:26:00,1182.0,1182.0,1182.0,1182.0,28
2015-02-18 14:27:00,1182.0,1182.0,1182.0,1182.0,18
2015-02-18 14:28:00,1182.7,1182.7,1182.7,1182.7,20
2015-02-18 14:29:00,1182.7,1182.7,1182.0,1182.0,2
2015-02-18 14:30:00,1182.0,1182.0,1182.0,1182.0,0
2015-02-18 14:31:00,1182.0,1182.0,1182.0,1182.0,1
2015-02-18 14:32:00,1182.0,1182.0,1182.0,1182.0,9
2015-02-18 14:33:00,1182.0,1182.0,1182.0,1182.0,0
2015-02-18 14:34:00,1182.0,1182.7,1182.0,1182.7,10
2015-02-18 14:35:00,1182.7,1182.7,1182.7,1182.7,0
2015-02-18 14:36:00,1182.7,1182.7,1182.7,1182.7,90
2015-02-18 14:37:00,1182.7,1184.0,1182.7,1184.0,118
2015-02-18 14:38:00,1184.0,1184.0,1184.0,1184.0,0
2015-02-18 14:39:00,1184.0,1184.0,1184.0,1184.0,50
2015-02-18 14:40:00,1184.0,1184.0,1184.0,1184.0,0
2015-02-18 14:41:00,1184.0,1184.0,1184.0,1184.0,20
2015-02-18 14:42:00,1184.0,1184.0,1184.0,1184.0,0
2015-02-18 14:43:00,1184.0,1184.0,1179.95,1179.95,314
2015-02-18 14:44:00,1179.95,1180.0,1179.95,1180.0,157
2015-02-18 14:45:00,1180.0,1180.0,1180.0,1180.0,39
2015-02-18 14:46:00,1180.0,1183.0,1180.0,1183.0,50
2015-02-18 14:47:00,1183.0,1183.65,1183.0,1183.65,1
2015-02-18 14:48:00,1183.65,1183.65,1183.65,1183.65,0
2015-02-18 14:49:00,1183.65,1183.65,1180.45,1180.45,1
2015-02-18 14:50:00,1180.45,1180.45,1180.45,1180.45,0
2015-02-18 14:51:00,1180.45,1180.5,1180.45,1180.5,10
2015-02-18 14:52:00,1180.5,1180.5,1180.0,1180.0,45
2015-02-18 14:53:00,1180.0,1180.0,1180.0,1180.0,0
2015-02-18 14:54:00,1180.0,1180.0,1180.0,1180.0,0
2015-02-18 14:55:00,1182.3,1182.75,1182.3,1182.75,25
2015-02-18 14:56:00,1182.3,1183.65,1182.3,1183.65,22
2015-02-18 14:57:00,1183.65,1183.9,1183.65,1183.9,1
2015-02-18 14:58:00,1183.9,1183.9,1182.35,1183.9,26
2015-02-18 14:59:00,1183.95,1184.0,1183.95,1184.0,58
2015-02-18 15:00:00,1184.0,1184.2,1184.0,1184.05,1104
2015-02-18 15:01:00,1184.05,1184.15,1184.05,1184.15,5
2015-02-18 15:02:00,1184.15,1184.15,1184.15,1184.15,5
2015-02-18 15:03:00,1184.15,1186.85,1184.15,1186.85,6
2015-02-18 15:04:00,1186.85,1186.85,1186.85,1186.85,0
2015-02-18 15:05:00,1186.85,1186.85,1186.85,1186.85,0
2015-02-18 15:06:00,1186.85,1186.85,1184.15,1184.15,31
2015-02-18 15:07:00,1184.15,1184.15,1184.0,1184.0,80
2015-02-18 15:08:00,1184.0,1184.0,1184.0,1184.0,0
2015-02-18 15:09:00,1184.0,1186.0,1184.0,1186.0,105
2015-02-18 15:10:00,1184.05,1184.05,1184.05,1184.05,59
2015-02-18 15:11:00,1184.05,1184.05,1184.05,1184.05,0
2015-02-18 15:12:00,1184.05,1184.05,1184.0,1184.0,75
2015-02-18 15:13:00,1184.0,1184.0,1184.0,1184.0,6
2015-02-18 15:14:00,1184.0,1184.0,1184.0,1184.0,0
2015-02-18 15:15:00,1184.0,1184.5,1184.0,1184.5,5
2015-02-18 15:16:00,1184.5,1185.5,1184.5,1185.5,17
2015-02-18 15:17:00,1185.5,1185.5,1185.5,1185.5,0
2015-02-18 15:18:00,1186.0,1186.0,1185.5,1186.0,14
2015-02-18 15:19:00,1186.0,1186.0,1186.0,1186.0,0
2015-02-18 15:20:00,1186.0,1186.0,1184.5,1186.0,158
2015-02-18 15:21:00,1186.0,1186.0,1184.1,1184.1,20
2015-02-18 15:22:00,1184.1,1184.1,1184.1,1184.1,0
2015-02-18 15:23:00,1184.1,1186.0,1184.1,1186.0,105
2015-02-18 15:24:00,1186.0,1186.0,1186.0,1186.0,21
2015-02-18 15:25:00,1185.0,1185.0,1184.0,1184.9,129
2015-02-18 15:26:00,1184.95,1185.0,1184.0,1185.0,286
2015-02-18 15:27:00,1185.0,1190.0,1185.0,1190.0,154
2015-02-18 15:28:00,1190.0,1190.0,1185.05,1188.9,35
2015-02-18 15:29:00,1188.9,1192.0,1185.05,1185.05,1121
2015-02-19 09:15:00,1185.0,1190.0,1185.0,1190.0,30
2015-02-19 09:16:00,1190.0,1190.0,1190.0,1190.0,30
2015-02-19 09:17:00,1190.0,1191.0,1190.0,1191.0,2
2015-02-19 09:18:00,1190.0,1198.0,1190.0,1198.0,99
2015-02-19 09:19:00,1198.0,1198.0,1197.55,1197.55,12
2015-02-19 09:20:00,1197.55,1197.55,1196.35,1196.35,5
2015-02-19 09:21:00,1196.35,1196.35,1196.35,1196.35,0
2015-02-19 09:22:00,1196.35,1196.35,1196.35,1196.35,0
2015-02-19 09:23:00,1196.35,1197.6,1196.2,1196.2,10
2015-02-19 09:24:00,1196.2,1196.2,1196.2,1196.2,0
2015-02-19 09:25:00,1196.2,1200.0,1196.2,1200.0,138
2015-02-19 09:26:00,1200.0,1205.95,1200.0,1205.95,199
2015-02-19 09:27:00,1205.95,1206.0,1205.95,1206.0,105
2015-02-19 09:28:00,1206.0,1206.0,1202.4,1202.4,61
2015-02-19 09:29:00,1202.4,1202.4,1197.0,1197.0,37
2015-02-19 09:30:00,1197.0,1197.0,1194.0,1194.0,34
2015-02-19 09:31:00,1194.0,1194.0,1194.0,1194.0,0
2015-02-19 09:32:00,1194.0,1197.6,1194.0,1197.6,11
2015-02-19 09:33:00,1197.6,1198.3,1164.95,1188.65,1084
2015-02-19 09:34:00,1188.65,1188.65,1180.2,1186.95,60
2015-02-19 09:35:00,1186.95,1186.95,1182.75,1182.75,34
2015-02-19 09:36:00,1182.75,1182.75,1179.8,1182.0,203
2015-02-19 09:37:00,1182.0,1182.0,1179.8,1179.8,124
2015-02-19 09:38:00,1179.8,1179.8,1178.0,1178.0,8
2015-02-19 09:39:00,1179.0,1179.95,1179.0,1179.95,23
2015-02-19 09:40:00,1179.95,1179.95,1179.0,1179.0,11
2015-02-19 09:41:00,1179.0,1179.0,1179.0,1179.0,0
2015-02-19 09:42:00,1179.95,1179.95,1179.95,1179.95,10
2015-02-19 09:43:00,1179.95,1179.95,1179.95,1179.95,2
2015-02-19 09:44:00,1179.95,1179.95,1179.95,1179.95,0
2015-02-19 09:45:00,1179.95,1179.95,1179.95,1179.95,0
2015-02-19 09:46:00,1176.0,1176.0,1174.8,1174.8,184
2015-02-19 09:47:00,1174.8,1175.0,1170.0,1170.0,375
2015-02-19 09:48:00,1170.0,1173.65,1170.0,1173.65,174
2015-02-19 09:49:00,1173.65,1183.75,1173.65,1183.75,74
2015-02-19 09:50:00,1183.75,1183.75,1182.0,1182.0,92
2015-02-19 09:51:00,1182.0,1186.8,1182.0,1185.0,270
2015-02-19 09:52:00,1185.0,1185.0,1183.1,1183.1,13
2015-02-19 09:53:00,1183.1,1183.1,1183.1,1183.1,0
2015-02-19 09:54:00,1183.1,1186.8,1183.1,1186.8,12
2015-02-19 09:55:00,1186.8,1186.8,1184.4,1184.4,100
2015-02-19 09:56:00,1184.4,1184.4,1184.4,1184.4,0
2015-02-19 09:57:00,1184.4,1184.4,1184.4,1184.4,0
2015-02-19 09:58:00,1184.4,1184.4,1184.05,1184.05,10
2015-02-19 09:59:00,1184.0,1186.1,1183.0,1186.1,122
2015-02-19 10:00:00,1186.1,1186.1,1183.0,1183.0,43
2015-02-19 10:01:00,1183.0,1185.45,1183.0,1185.45,11
2015-02-19 10:02:00,1186.8,1187.0,1185.4,1185.4,284
2015-02-19 10:03:00,1185.4,1185.4,1185.4,1185.4,0
2015-02-19 10:04:00,1185.4,1189.0,1185.35,1185.35,105
2015-02-19 10:05:00,1185.35,1185.35,1183.85,1183.85,10
2015-02-19 10:06:00,1183.85,1183.85,1182.0,1182.0,83
2015-02-19 10:07:00,1182.0,1183.0,1182.0,1183.0,2
2015-02-19 10:08:00,1183.0,1183.0,1183.0,1183.0,0
2015-02-19 10:09:00,1183.0,1183.0,1182.95,1182.95,3
2015-02-19 10:10:00,1182.95,1183.0,1182.95,1183.0,5
2015-02-19 10:11:00,1183.0,1183.0,1182.0,1182.0,20
2015-02-19 10:12:00,1182.0,1182.0,1182.0,1182.0,0
2015-02-19 10:13:00,1182.0,1183.0,1182.0,1183.0,5
2015-02-19 10:14:00,1182.0,1182.0,1182.0,1182.0,3
2015-02-19 10:15:00,1182.0,1182.0,1182.0,1182.0,25
2015-02-19 10:16:00,1182.0,1182.0,1182.0,1182.0,110
2015-02-19 10:17:00,1183.0,1183.05,1183.0,1183.05,23
2015-02-19 10:18:00,1183.05,1183.8,1183.05,1183.8,2
2015-02-19 10:19:00,1183.8,1183.8,1183.8,1183.8,0
2015-02-19 10:20:00,1183.8,1184.95,1183.0,1184.95,18
2015-02-19 10:21:00,1185.65,1186.75,1185.65,1186.75,12
2015-02-19 10:22:00,1186.75,1186.75,1186.75,1186.75,0
2015-02-19 10:23:00,1186.75,1186.75,1186.75,1186.75,0
2015-02-19 10:24:00,1183.1,1185.0,1183.1,1185.0,23
2015-02-19 10:25:00,1185.0,1185.0,1185.0,1185.0,0
2015-02-19 10:26:00,1185.0,1185.0,1185.0,1185.0,0
2015-02-19 10:27:00,1184.75,1185.45,1184.75,1185.45,5
2015-02-19 10:28:00,1185.45,1185.45,1185.45,1185.45,0
2015-02-19 10:29:00,1183.15,1183.15,1183.15,1183.15,2
2015-02-19 10:30:00,1183.15,1183.15,1183.15,1183.15,0
2015-02-19 10:31:00,1183.15,1183.15,1183.15,1183.15,0
2015-02-19 10:32:00,1183.15,1183.15,1183.15,1183.15,0
2015-02-19 10:33:00,1183.15,1183.15,1183.15,1183.15,0
2015-02-19 10:34:00,1183.15,1183.15,1183.15,1183.15,2
2015-02-19 10:35:00,1183.15,1183.15,1183.15,1183.15,0
2015-02-19 10:36:00,1183.15,1183.15,1183.15,1183.15,0
2015-02-19 10:37:00,1183.15,1183.15,1182.0,1182.0,188
2015-02-19 10:38:00,1180.0,1180.0,1180.0,1180.0,93
2015-02-19 10:39:00,1180.0,1180.0,1180.0,1180.0,86
2015-02-19 10:40:00,1180.0,1180.0,1180.0,1180.0,0
2015-02-19 10:41:00,1180.0,1180.0,1180.0,1180.0,0
2015-02-19 10:42:00,1180.0,1180.0,1180.0,1180.0,0
2015-02-19 10:43:00,1180.0,1180.0,1180.0,1180.0,0
2015-02-19 10:44:00,1180.0,1180.0,1180.0,1180.0,50
2015-02-19 10:45:00,1180.0,1180.8,1180.0,1180.8,8
2015-02-19 10:46:00,1180.8,1180.8,1180.0,1180.05,126
2015-02-19 10:47:00,1180.05,1180.05,1180.0,1180.0,61
2015-02-19 10:48:00,1180.85,1180.85,1180.85,1180.85,6
2015-02-19 10:49:00,1185.05,1185.05,1180.0,1180.0,118
2015-02-19 10:50:00,1180.0,1180.15,1180.0,1180.15,14
2015-02-19 10:51:00,1180.15,1180.15,1180.15,1180.15,0
2015-02-19 10:52:00,1180.15,1180.15,1180.15,1180.15,0
2015-02-19 10:53:00,1180.15,1180.15,1180.15,1180.15,0
2015-02-19 10:54:00,1180.15,1180.15,1180.15,1180.15,0
2015-02-19 10:55:00,1180.15,1180.15,1180.15,1180.15,0
2015-02-19 10:56:00,1180.15,1180.15,1180.15,1180.15,0
2015-02-19 10:57:00,1180.15,1180.15,1180.15,1180.15,0
2015-02-19 10:58:00,1180.15,1180.15,1180.15,1180.15,0
2015-02-19 10:59:00,1180.05,1180.05,1180.05,1180.05,11
2015-02-19 11:00:00,1180.05,1180.1,1180.0,1180.05,278
2015-02-19 11:01:00,1180.05,1180.05,1180.05,1180.05,0
2015-02-19 11:02:00,1180.05,1180.05,1180.0,1180.0,118
2015-02-19 11:03:00,1180.0,1180.05,1180.0,1180.05,4
2015-02-19 11:04:00,1180.0,1180.05,1180.0,1180.0,102
2015-02-19 11:05:00,1180.0,1180.0,1180.0,1180.0,0
2015-02-19 11:06:00,1180.0,1180.0,1180.0,1180.0,0
2015-02-19 11:07:00,1180.0,1180.0,1180.0,1180.0,0
2015-02-19 11:08:00,1180.0,1180.0,1180.0,1180.0,0
2015-02-19 11:09:00,1180.0,1180.0,1180.0,1180.0,80
2015-02-19 11:10:00,1180.0,1180.25,1180.0,1180.25,80
2015-02-19 11:11:00,1180.5,1180.8,1180.0,1180.8,31
2015-02-19 11:12:00,1180.0,1180.0,1180.0,1180.0,6
2015-02-19 11:13:00,1180.0,1180.0,1178.15,1178.15,25
2015-02-19 11:14:00,1178.15,1178.15,1178.15,1178.15,0
2015-02-19 11:15:00,1178.15,1178.15,1178.15,1178.15,0
2015-02-19 11:16:00,1178.1,1179.0,1178.1,1179.0,29
2015-02-19 11:17:00,1179.0,1179.0,1179.0,1179.0,0
2015-02-19 11:18:00,1179.0,1179.0,1179.0,1179.0,3
2015-02-19 11:19:00,1179.0,1179.0,1179.0,1179.0,0
2015-02-19 11:20:00,1179.0,1179.0,1178.1,1178.1,17
2015-02-19 11:21:00,1178.1,1178.1,1178.1,1178.1,25
2015-02-19 11:22:00,1178.1,1178.1,1177.35,1177.35,5
2015-02-19 11:23:00,1177.35,1177.35,1176.8,1176.8,10
2015-02-19 11:24:00,1176.8,1176.8,1176.8,1176.8,0
2015-02-19 11:25:00,1176.8,1176.8,1176.8,1176.8,0
2015-02-19 11:26:00,1176.8,1180.0,1176.8,1180.0,30
2015-02-19 11:27:00,1180.2,1180.2,1180.2,1180.2,2
2015-02-19 11:28:00,1180.2,1180.2,1180.2,1180.2,0
2015-02-19 11:29:00,1180.2,1180.6,1180.2,1180.6,62
2015-02-19 11:30:00,1180.6,1180.6,1180.6,1180.6,0
2015-02-19 11:31:00,1180.6,1180.6,1180.6,1180.6,0
2015-02-19 11:32:00,1182.0,1182.0,1182.0,1182.0,100
2015-02-19 11:33:00,1182.0,1182.05,1182.0,1182.0,23
2015-02-19 11:34:00,1182.05,1182.15,1182.05,1182.15,16
2015-02-19 11:35:00,1182.0,1182.0,1182.0,1182.0,50
2015-02-19 11:36:00,1182.0,1182.0,1182.0,1182.0,0
2015-02-19 11:37:00,1182.15,1182.15,1182.15,1182.15,0
2015-02-19 11:38:00,1182.0,1182.0,1182.0,1182.0,0
2015-02-19 11:39:00,1182.0,1182.0,1182.0,1182.0,10
2015-02-19 11:40:00,1182.0,1182.0,1182.0,1182.0,0
2015-02-19 11:41:00,1182.0,1182.0,1182.0,1182.0,0
2015-02-19 11:42:00,1182.2,1182.2,1182.2,1182.2,13
2015-02-19 11:43:00,1182.2,1182.2,1182.2,1182.2,0
2015-02-19 11:44:00,1182.2,1182.2,1182.2,1182.2,0
2015-02-19 11:45:00,1182.2,1182.2,1182.15,1182.15,28
2015-02-19 11:46:00,1182.15,1182.95,1182.15,1182.95,18
2015-02-19 11:47:00,1182.95,1182.95,1182.2,1182.2,25
2015-02-19 11:48:00,1182.2,1182.2,1182.2,1182.2,0
2015-02-19 11:49:00,1182.2,1182.2,1182.2,1182.2,0
2015-02-19 11:50:00,1182.2,1182.2,1182.2,1182.2,0
2015-02-19 11:51:00,1182.2,1182.2,1182.2,1182.2,0
2015-02-19 11:52:00,1182.2,1182.2,1182.2,1182.2,0
2015-02-19 11:53:00,1182.2,1182.2,1182.2,1182.2,0
2015-02-19 11:54:00,1182.2,1182.2,1182.2,1182.2,0
2015-02-19 11:55:00,1182.2,1182.2,1182.2,1182.2,0
2015-02-19 11:56:00,1182.2,1182.2,1182.2,1182.2,0
2015-02-19 11:57:00,1182.2,1182.2,1182.2,1182.2,0
2015-02-19 11:58:00,1182.2,1182.2,1182.2,1182.2,0
2015-02-19 11:59:00,1182.2,1182.6,1182.2,1182.6,55
2015-02-19 12:00:00,1182.6,1182.6,1182.15,1182.15,13
2015-02-19 12:01:00,1182.15,1182.15,1182.15,1182.15,0
2015-02-19 12:02:00,1182.6,1182.6,1182.6,1182.6,0
2015-02-19 12:03:00,1182.15,1182.15,1182.15,1182.15,0
2015-02-19 12:04:00,1182.2,1182.2,1182.2,1182.2,1
2015-02-19 12:05:00,1182.35,1184.55,1182.35,1184.55,18
2015-02-19 12:06:00,1184.55,1184.6,1184.55,1184.55,53
2015-02-19 12:07:00,1184.55,1189.6,1183.95,1186.8,220
2015-02-19 12:08:00,1186.8,1188.0,1185.05,1185.05,115
2015-02-19 12:09:00,1185.05,1187.5,1185.05,1186.2,16
2015-02-19 12:10:00,1185.65,1185.65,1185.65,1185.65,2
2015-02-19 12:11:00,1183.0,1183.0,1180.0,1180.0,200
2015-02-19 12:12:00,1180.0,1180.0,1180.0,1180.0,0
2015-02-19 12:13:00,1180.0,1180.0,1180.0,1180.0,0
2015-02-19 12:14:00,1180.0,1180.0,1180.0,1180.0,0
2015-02-19 12:15:00,1178.95,1178.95,1175.0,1175.0,67
2015-02-19 12:16:00,1175.0,1175.0,1175.0,1175.0,0
2015-02-19 12:17:00,1175.0,1177.8,1175.0,1177.8,1
2015-02-19 12:18:00,1177.8,1177.8,1177.8,1177.8,0
2015-02-19 12:19:00,1177.8,1177.8,1177.8,1177.8,0
2015-02-19 12:20:00,1177.8,1177.8,1177.8,1177.8,0
2015-02-19 12:21:00,1177.8,1177.8,1177.8,1177.8,0
2015-02-19 12:22:00,1177.8,1177.8,1177.8,1177.8,0
2015-02-19 12:23:00,1177.8,1177.8,1177.8,1177.8,0
2015-02-19 12:24:00,1177.8,1177.8,1177.8,1177.8,0
2015-02-19 12:25:00,1177.8,1177.8,1177.8,1177.8,0
2015-02-19 12:26:00,1177.8,1178.75,1177.8,1178.75,5
2015-02-19 12:27:00,1178.75,1178.75,1177.65,1177.65,3
2015-02-19 12:28:00,1177.65,1179.2,1177.65,1178.35,4
2015-02-19 12:29:00,1176.75,1176.75,1176.75,1176.75,1
2015-02-19 12:30:00,1176.75,1176.75,1176.75,1176.75,0
2015-02-19 12:31:00,1176.75,1176.75,1176.75,1176.75,0
2015-02-19 12:32:00,1176.75,1176.75,1176.75,1176.75,0
2015-02-19 12:33:00,1176.75,1176.75,1176.75,1176.75,0
2015-02-19 12:34:00,1176.75,1176.75,1176.75,1176.75,0
2015-02-19 12:35:00,1176.75,1176.75,1176.75,1176.75,0
2015-02-19 12:36:00,1176.75,1176.75,1176.75,1176.75,0
2015-02-19 12:37:00,1176.75,1176.75,1176.75,1176.75,0
2015-02-19 12:38:00,1176.75,1176.75,1176.75,1176.75,0
2015-02-19 12:39:00,1176.75,1176.75,1176.75,1176.75,0
2015-02-19 12:40:00,1176.75,1176.75,1176.75,1176.75,0
2015-02-19 12:41:00,1176.75,1179.0,1176.75,1178.0,32
2015-02-19 12:42:00,1178.0,1178.0,1178.0,1178.0,0
2015-02-19 12:43:00,1178.0,1179.55,1178.0,1179.55,1
2015-02-19 12:44:00,1179.55,1179.9,1179.55,1179.9,1
2015-02-19 12:45:00,1179.9,1179.9,1179.0,1179.0,7
2015-02-19 12:46:00,1179.0,1179.0,1179.0,1179.0,0
2015-02-19 12:47:00,1179.0,1179.0,1179.0,1179.0,0
2015-02-19 12:48:00,1179.0,1179.0,1179.0,1179.0,0
2015-02-19 12:49:00,1179.0,1179.0,1179.0,1179.0,0
2015-02-19 12:50:00,1179.0,1179.0,1178.95,1178.95,10
2015-02-19 12:51:00,1178.95,1178.95,1178.95,1178.95,0
2015-02-19 12:52:00,1175.0,1175.0,1175.0,1175.0,504
2015-02-19 12:53:00,1175.0,1175.0,1175.0,1175.0,0
2015-02-19 12:54:00,1175.0,1175.0,1175.0,1175.0,0
2015-02-19 12:55:00,1174.65,1174.65,1174.65,1174.65,5
2015-02-19 12:56:00,1174.65,1174.65,1174.65,1174.65,0
2015-02-19 12:57:00,1174.65,1174.65,1174.65,1174.65,0
2015-02-19 12:58:00,1174.65,1174.65,1174.45,1174.45,7
2015-02-19 12:59:00,1174.45,1174.45,1174.45,1174.45,0
2015-02-19 13:00:00,1174.45,1175.0,1174.45,1175.0,50
2015-02-19 13:01:00,1175.0,1175.0,1175.0,1175.0,0
2015-02-19 13:02:00,1175.0,1175.0,1174.95,1174.95,1
2015-02-19 13:03:00,1174.95,1174.95,1174.95,1174.95,1
2015-02-19 13:04:00,1174.95,1174.95,1174.95,1174.95,0
2015-02-19 13:05:00,1174.75,1174.75,1174.45,1174.45,4
2015-02-19 13:06:00,1174.45,1174.45,1174.45,1174.45,0
2015-02-19 13:07:00,1174.95,1174.95,1174.95,1174.95,2
2015-02-19 13:08:00,1174.95,1174.95,1174.95,1174.95,0
2015-02-19 13:09:00,1174.95,1174.95,1174.95,1174.95,0
2015-02-19 13:10:00,1174.95,1174.95,1174.95,1174.95,0
2015-02-19 13:11:00,1174.45,1174.45,1174.45,1174.45,0
2015-02-19 13:12:00,1175.0,1175.0,1175.0,1175.0,4
2015-02-19 13:13:00,1175.0,1175.0,1175.0,1175.0,0
2015-02-19 13:14:00,1175.0,1175.0,1175.0,1175.0,0
2015-02-19 13:15:00,1175.0,1175.0,1175.0,1175.0,10
2015-02-19 13:16:00,1175.0,1175.0,1175.0,1175.0,0
2015-02-19 13:17:00,1175.0,1175.0,1175.0,1175.0,10
2015-02-19 13:18:00,1175.0,1175.0,1175.0,1175.0,0
2015-02-19 13:19:00,1175.0,1175.0,1175.0,1175.0,650
2015-02-19 13:20:00,1175.0,1175.0,1175.0,1175.0,110
2015-02-19 13:21:00,1175.0,1175.0,1175.0,1175.0,92
2015-02-19 13:22:00,1174.9,1174.9,1173.0,1173.0,50
2015-02-19 13:23:00,1173.0,1173.0,1173.0,1173.0,0
2015-02-19 13:24:00,1175.0,1175.0,1175.0,1175.0,0
2015-02-19 13:25:00,1173.0,1175.0,1173.0,1175.0,50
2015-02-19 13:26:00,1175.0,1175.0,1175.0,1175.0,0
2015-02-19 13:27:00,1175.0,1175.0,1175.0,1175.0,0
2015-02-19 13:28:00,1175.0,1175.0,1175.0,1175.0,0
2015-02-19 13:29:00,1175.0,1175.0,1175.0,1175.0,0
2015-02-19 13:30:00,1173.15,1173.15,1173.15,1173.15,10
2015-02-19 13:31:00,1173.15,1173.15,1173.15,1173.15,0
2015-02-19 13:32:00,1175.0,1175.0,1175.0,1175.0,0
2015-02-19 13:33:00,1173.15,1173.55,1173.15,1173.55,5
2015-02-19 13:34:00,1173.55,1173.55,1173.55,1173.55,0
2015-02-19 13:35:00,1173.15,1173.15,1173.15,1173.15,0
2015-02-19 13:36:00,1173.55,1173.55,1173.55,1173.55,0
2015-02-19 13:37:00,1173.55,1173.55,1173.55,1173.55,0
2015-02-19 13:38:00,1173.55,1173.55,1173.55,1173.55,0
2015-02-19 13:39:00,1174.75,1174.75,1174.75,1174.75,2
2015-02-19 13:40:00,1174.75,1174.75,1174.75,1174.75,0
2015-02-19 13:41:00,1174.75,1174.75,1174.75,1174.75,0
2015-02-19 13:42:00,1174.75,1174.75,1174.75,1174.75,0
2015-02-19 13:43:00,1174.75,1174.75,1174.75,1174.75,0
2015-02-19 13:44:00,1174.75,1174.75,1173.15,1173.15,10
2015-02-19 13:45:00,1173.15,1173.15,1173.15,1173.15,0
2015-02-19 13:46:00,1173.15,1173.15,1173.15,1173.15,0
2015-02-19 13:47:00,1173.15,1173.15,1173.15,1173.15,0
2015-02-19 13:48:00,1173.15,1174.65,1173.15,1174.65,50
2015-02-19 13:49:00,1173.15,1173.15,1173.15,1173.15,11
2015-02-19 13:50:00,1173.15,1173.15,1173.15,1173.15,0
2015-02-19 13:51:00,1174.65,1174.65,1174.65,1174.65,0
2015-02-19 13:52:00,1173.15,1173.15,1172.0,1172.0,333
2015-02-19 13:53:00,1172.0,1172.0,1172.0,1172.0,0
2015-02-19 13:54:00,1172.0,1172.0,1172.0,1172.0,0
2015-02-19 13:55:00,1172.0,1173.0,1172.0,1173.0,1
2015-02-19 13:56:00,1174.6,1174.6,1173.0,1173.0,33
2015-02-19 13:57:00,1173.0,1173.0,1173.0,1173.0,0
2015-02-19 13:58:00,1173.0,1173.0,1173.0,1173.0,0
2015-02-19 13:59:00,1173.0,1174.15,1173.0,1174.15,3
2015-02-19 14:00:00,1174.15,1174.15,1174.15,1174.15,0
2015-02-19 14:01:00,1174.15,1174.15,1174.15,1174.15,0
2015-02-19 14:02:00,1174.15,1174.15,1174.15,1174.15,0
2015-02-19 14:03:00,1174.15,1174.15,1174.15,1174.15,0
2015-02-19 14:04:00,1174.15,1174.15,1174.15,1174.15,0
2015-02-19 14:05:00,1174.15,1174.6,1174.15,1174.6,2
2015-02-19 14:06:00,1174.6,1174.6,1174.6,1174.6,0
2015-02-19 14:07:00,1174.6,1174.6,1173.0,1173.0,116
2015-02-19 14:08:00,1173.0,1173.0,1173.0,1173.0,0
2015-02-19 14:09:00,1173.0,1173.0,1173.0,1173.0,0
2015-02-19 14:10:00,1173.0,1173.0,1173.0,1173.0,0
2015-02-19 14:11:00,1173.0,1173.0,1173.0,1173.0,0
2015-02-19 14:12:00,1177.8,1177.8,1175.95,1175.95,60
2015-02-19 14:13:00,1175.95,1175.95,1173.0,1173.0,68
2015-02-19 14:14:00,1173.0,1173.0,1172.05,1173.0,10
2015-02-19 14:15:00,1169.9,1169.9,1169.9,1169.9,602
2015-02-19 14:16:00,1169.9,1169.9,1169.0,1169.0,4
2015-02-19 14:17:00,1169.0,1170.0,1169.0,1170.0,100
2015-02-19 14:18:00,1170.0,1170.0,1170.0,1170.0,0
2015-02-19 14:19:00,1170.0,1170.0,1170.0,1170.0,100
2015-02-19 14:20:00,1170.0,1170.0,1170.0,1170.0,0
2015-02-19 14:21:00,1170.0,1170.0,1168.5,1169.1,46
2015-02-19 14:22:00,1169.1,1169.1,1169.1,1169.1,0
2015-02-19 14:23:00,1169.85,1169.85,1169.85,1169.85,10
2015-02-19 14:24:00,1169.85,1169.85,1169.1,1169.1,2
2015-02-19 14:25:00,1169.1,1169.1,1168.55,1168.55,13
2015-02-19 14:26:00,1169.85,1170.0,1169.8,1170.0,50
2015-02-19 14:27:00,1170.0,1170.0,1170.0,1170.0,1
2015-02-19 14:28:00,1170.0,1170.0,1168.55,1168.55,4
2015-02-19 14:29:00,1168.55,1168.55,1168.55,1168.55,1
2015-02-19 14:30:00,1168.55,1168.55,1168.55,1168.55,1
2015-02-19 14:31:00,1169.85,1170.0,1169.85,1170.0,8
2015-02-19 14:32:00,1168.5,1168.5,1168.4,1168.4,25
2015-02-19 14:33:00,1168.4,1168.4,1168.4,1168.4,0
2015-02-19 14:34:00,1168.4,1168.4,1168.4,1168.4,0
2015-02-19 14:35:00,1168.25,1168.25,1168.25,1168.25,6
2015-02-19 14:36:00,1168.25,1168.4,1168.25,1168.4,40
2015-02-19 14:37:00,1169.9,1169.9,1168.4,1168.4,5
2015-02-19 14:38:00,1168.4,1168.4,1168.4,1168.4,0
2015-02-19 14:39:00,1168.4,1168.4,1168.4,1168.4,0
2015-02-19 14:40:00,1170.0,1170.0,1168.45,1168.45,109
2015-02-19 14:41:00,1169.9,1169.9,1169.9,1169.9,3
2015-02-19 14:42:00,1169.9,1169.9,1169.9,1169.9,0
2015-02-19 14:43:00,1168.45,1168.45,1167.5,1168.0,352
2015-02-19 14:44:00,1168.0,1168.0,1168.0,1168.0,249
2015-02-19 14:45:00,1170.05,1170.05,1170.0,1170.0,32
2015-02-19 14:46:00,1170.0,1170.0,1170.0,1170.0,0
2015-02-19 14:47:00,1170.0,1171.6,1168.4,1169.8,81
2015-02-19 14:48:00,1169.8,1169.8,1169.8,1169.8,0
2015-02-19 14:49:00,1169.8,1170.0,1169.8,1170.0,106
2015-02-19 14:50:00,1170.0,1170.0,1170.0,1170.0,0
2015-02-19 14:51:00,1170.0,1170.0,1169.95,1170.0,11
2015-02-19 14:52:00,1170.0,1170.0,1170.0,1170.0,120
2015-02-19 14:53:00,1170.0,1170.0,1170.0,1170.0,0
2015-02-19 14:54:00,1170.0,1170.0,1170.0,1170.0,0
2015-02-19 14:55:00,1170.0,1170.0,1170.0,1170.0,2
2015-02-19 14:56:00,1170.0,1171.25,1169.45,1169.45,3
2015-02-19 14:57:00,1169.45,1172.3,1169.45,1172.3,120
2015-02-19 14:58:00,1172.3,1175.0,1169.4,1171.45,250
2015-02-19 14:59:00,1171.45,1171.45,1171.45,1171.45,0
2015-02-19 15:00:00,1171.45,1171.45,1169.1,1169.1,22
2015-02-19 15:01:00,1169.1,1169.1,1169.1,1169.1,0
2015-02-19 15:02:00,1171.5,1175.05,1169.25,1169.45,573
2015-02-19 15:03:00,1169.45,1172.05,1169.0,1169.0,279
2015-02-19 15:04:00,1169.0,1174.0,1169.0,1170.0,87
2015-02-19 15:05:00,1170.0,1171.0,1169.4,1171.0,5
2015-02-19 15:06:00,1170.0,1170.7,1169.3,1169.35,52
2015-02-19 15:07:00,1169.35,1170.0,1169.3,1169.3,69
2015-02-19 15:08:00,1169.3,1169.95,1169.3,1169.95,11
2015-02-19 15:09:00,1169.95,1170.35,1169.95,1170.35,34
2015-02-19 15:10:00,1170.35,1170.35,1169.3,1169.3,32
2015-02-19 15:11:00,1170.35,1170.35,1170.35,1170.35,55
2015-02-19 15:12:00,1171.35,1172.0,1169.0,1169.0,233
2015-02-19 15:13:00,1169.0,1171.0,1169.0,1171.0,1
2015-02-19 15:14:00,1171.25,1171.25,1169.9,1169.95,131
2015-02-19 15:15:00,1169.95,1169.95,1168.0,1168.0,22
2015-02-19 15:16:00,1168.0,1168.0,1167.0,1167.0,121
2015-02-19 15:17:00,1167.0,1167.0,1166.15,1166.2,69
2015-02-19 15:18:00,1166.2,1169.0,1166.2,1168.5,102
2015-02-19 15:19:00,1167.0,1167.05,1167.0,1167.0,44
2015-02-19 15:20:00,1167.0,1167.0,1166.15,1166.2,98
2015-02-19 15:21:00,1166.2,1167.0,1166.2,1167.0,35
2015-02-19 15:22:00,1167.0,1168.5,1167.0,1168.5,34
2015-02-19 15:23:00,1168.5,1168.5,1166.0,1166.0,123
2015-02-19 15:24:00,1166.0,1166.0,1165.1,1165.1,54
2015-02-19 15:25:00,1165.1,1166.0,1165.1,1166.0,104
2015-02-19 15:26:00,1166.0,1167.5,1166.0,1166.0,64
2015-02-19 15:27:00,1166.0,1166.0,1165.0,1166.0,553
2015-02-19 15:28:00,1165.2,1165.95,1162.0,1165.95,371
2015-02-19 15:29:00,1165.95,1168.5,1164.0,1168.5,225
2015-02-20 09:15:00,1168.5,1168.5,1168.5,1168.5,0
2015-02-20 09:16:00,1168.5,1168.5,1168.5,1168.5,0
2015-02-20 09:17:00,1173.0,1173.0,1173.0,1173.0,25
2015-02-20 09:18:00,1173.0,1173.0,1173.0,1173.0,0
2015-02-20 09:19:00,1171.0,1171.0,1171.0,1171.0,42
2015-02-20 09:20:00,1171.0,1172.85,1171.0,1172.85,20
2015-02-20 09:21:00,1172.85,1172.85,1172.85,1172.85,0
2015-02-20 09:22:00,1172.85,1172.85,1172.85,1172.85,0
2015-02-20 09:23:00,1172.85,1172.85,1172.85,1172.85,0
2015-02-20 09:24:00,1172.85,1172.85,1172.85,1172.85,0
2015-02-20 09:25:00,1172.85,1172.85,1172.85,1172.85,0
2015-02-20 09:26:00,1172.85,1172.85,1172.85,1172.85,0
2015-02-20 09:27:00,1173.0,1173.0,1173.0,1173.0,51
2015-02-20 09:28:00,1173.0,1185.0,1173.0,1183.2,73
2015-02-20 09:29:00,1183.2,1186.0,1183.2,1184.0,103
2015-02-20 09:30:00,1183.95,1184.0,1183.7,1184.0,10
2015-02-20 09:31:00,1184.0,1186.0,1184.0,1186.0,92
2015-02-20 09:32:00,1186.0,1186.0,1184.25,1186.0,179
2015-02-20 09:33:00,1186.0,1186.0,1184.25,1184.25,16
2015-02-20 09:34:00,1184.25,1184.25,1182.0,1182.0,27
2015-02-20 09:35:00,1182.0,1184.0,1182.0,1184.0,30
2015-02-20 09:36:00,1182.75,1182.75,1182.75,1182.75,1
2015-02-20 09:37:00,1182.75,1182.75,1182.75,1182.75,0
2015-02-20 09:38:00,1182.75,1183.95,1182.75,1183.95,12
2015-02-20 09:39:00,1183.95,1183.95,1183.0,1183.0,23
2015-02-20 09:40:00,1183.0,1183.0,1180.7,1182.75,7
2015-02-20 09:41:00,1182.75,1182.75,1182.5,1182.5,10
2015-02-20 09:42:00,1182.5,1182.8,1182.5,1182.8,16
2015-02-20 09:43:00,1182.8,1182.8,1182.0,1182.0,60
2015-02-20 09:44:00,1182.0,1182.0,1181.0,1181.0,43
2015-02-20 09:45:00,1181.0,1181.0,1176.7,1176.7,13
2015-02-20 09:46:00,1177.2,1179.0,1177.2,1179.0,20
2015-02-20 09:47:00,1179.0,1179.0,1179.0,1179.0,0
2015-02-20 09:48:00,1179.0,1179.0,1178.95,1178.95,1
2015-02-20 09:49:00,1170.05,1174.8,1170.05,1174.8,80
2015-02-20 09:50:00,1174.8,1174.8,1174.8,1174.8,0
2015-02-20 09:51:00,1174.8,1174.8,1174.8,1174.8,3
2015-02-20 09:52:00,1174.8,1174.8,1174.8,1174.8,0
2015-02-20 09:53:00,1174.8,1176.0,1174.8,1176.0,12
2015-02-20 09:54:00,1176.0,1178.6,1176.0,1178.6,11
2015-02-20 09:55:00,1178.6,1179.0,1178.6,1179.0,2
2015-02-20 09:56:00,1179.0,1179.0,1179.0,1179.0,0
2015-02-20 09:57:00,1179.0,1179.0,1179.0,1179.0,0
2015-02-20 09:58:00,1179.0,1179.0,1179.0,1179.0,0
2015-02-20 09:59:00,1179.0,1179.0,1179.0,1179.0,0
2015-02-20 10:00:00,1178.95,1178.95,1178.95,1178.95,3
2015-02-20 10:01:00,1178.95,1178.95,1178.95,1178.95,0
2015-02-20 10:02:00,1178.95,1178.95,1178.0,1178.0,9
2015-02-20 10:03:00,1178.0,1186.95,1178.0,1179.6,498
2015-02-20 10:04:00,1179.6,1179.6,1179.0,1179.0,11
2015-02-20 10:05:00,1167.0,1167.0,1167.0,1167.0,57
2015-02-20 10:06:00,1167.0,1170.05,1167.0,1170.05,5
2015-02-20 10:07:00,1170.05,1170.05,1170.05,1170.05,0
2015-02-20 10:08:00,1172.55,1174.65,1170.6,1174.65,30
2015-02-20 10:09:00,1174.65,1174.65,1174.65,1174.65,0
2015-02-20 10:10:00,1174.65,1175.05,1174.65,1175.05,6
2015-02-20 10:11:00,1175.05,1176.6,1175.05,1176.6,15
2015-02-20 10:12:00,1176.6,1177.2,1171.85,1171.85,64
2015-02-20 10:13:00,1171.85,1175.1,1171.85,1175.05,21
2015-02-20 10:14:00,1175.05,1176.0,1175.05,1176.0,40
2015-02-20 10:15:00,1176.0,1179.45,1176.0,1179.45,100
2015-02-20 10:16:00,1179.45,1179.45,1179.45,1179.45,0
2015-02-20 10:17:00,1179.45,1179.45,1179.45,1179.45,0
2015-02-20 10:18:00,1179.45,1179.45,1177.2,1177.2,3
2015-02-20 10:19:00,1177.2,1177.25,1177.2,1177.25,9
2015-02-20 10:20:00,1177.25,1177.25,1177.25,1177.25,0
2015-02-20 10:21:00,1177.25,1177.25,1177.25,1177.25,0
2015-02-20 10:22:00,1177.25,1177.25,1177.25,1177.25,0
2015-02-20 10:23:00,1178.7,1178.7,1177.2,1177.2,5
2015-02-20 10:24:00,1177.2,1177.2,1177.2,1177.2,0
2015-02-20 10:25:00,1177.2,1177.2,1177.2,1177.2,0
2015-02-20 10:26:00,1178.15,1178.15,1178.15,1178.15,13
2015-02-20 10:27:00,1178.15,1178.15,1175.65,1175.65,13
2015-02-20 10:28:00,1175.65,1179.0,1175.05,1179.0,81
2015-02-20 10:29:00,1178.2,1178.2,1178.2,1178.2,4
2015-02-20 10:30:00,1178.2,1178.2,1178.2,1178.2,0
2015-02-20 10:31:00,1178.2,1178.2,1178.2,1178.2,2
2015-02-20 10:32:00,1178.2,1178.2,1178.2,1178.2,6
2015-02-20 10:33:00,1178.2,1178.2,1175.25,1175.25,5
2015-02-20 10:34:00,1175.25,1175.25,1175.25,1175.25,0
2015-02-20 10:35:00,1175.25,1175.25,1175.25,1175.25,0
2015-02-20 10:36:00,1175.25,1175.25,1175.25,1175.25,0
2015-02-20 10:37:00,1175.25,1175.25,1171.85,1171.85,85
2015-02-20 10:38:00,1171.85,1171.85,1171.85,1171.85,0
2015-02-20 10:39:00,1171.85,1171.85,1171.85,1171.85,0
2015-02-20 10:40:00,1171.85,1171.85,1171.85,1171.85,0
2015-02-20 10:41:00,1171.85,1172.0,1171.85,1172.0,5
2015-02-20 10:42:00,1173.1,1173.1,1173.1,1173.1,5
2015-02-20 10:43:00,1173.1,1173.1,1173.1,1173.1,0
2015-02-20 10:44:00,1173.1,1173.1,1172.8,1172.8,20
2015-02-20 10:45:00,1172.8,1172.8,1170.95,1170.95,60
2015-02-20 10:46:00,1170.95,1170.95,1170.95,1170.95,0
2015-02-20 10:47:00,1170.95,1170.95,1170.95,1170.95,0
2015-02-20 10:48:00,1170.95,1170.95,1170.95,1170.95,0
2015-02-20 10:49:00,1170.95,1170.95,1170.95,1170.95,0
2015-02-20 10:50:00,1170.95,1170.95,1170.95,1170.95,40
2015-02-20 10:51:00,1170.95,1170.95,1170.95,1170.95,0
2015-02-20 10:52:00,1170.95,1170.95,1170.95,1170.95,0
2015-02-20 10:53:00,1170.95,1170.95,1170.95,1170.95,0
2015-02-20 10:54:00,1170.95,1170.95,1170.95,1170.95,0
2015-02-20 10:55:00,1170.95,1170.95,1170.95,1170.95,0
2015-02-20 10:56:00,1170.95,1170.95,1170.95,1170.95,0
2015-02-20 10:57:00,1170.95,1170.95,1170.95,1170.95,0
2015-02-20 10:58:00,1170.95,1171.8,1170.95,1171.8,2
2015-02-20 10:59:00,1171.8,1171.8,1171.8,1171.8,0
2015-02-20 11:00:00,1175.35,1175.35,1175.35,1175.35,8
2015-02-20 11:01:00,1175.35,1179.9,1175.35,1179.9,21
2015-02-20 11:02:00,1179.9,1179.9,1177.15,1177.15,52
2015-02-20 11:03:00,1177.15,1177.15,1177.15,1177.15,5
2015-02-20 11:04:00,1177.15,1177.15,1173.85,1173.85,2
2015-02-20 11:05:00,1173.85,1173.85,1173.85,1173.85,0
2015-02-20 11:06:00,1173.85,1173.85,1173.85,1173.85,0
2015-02-20 11:07:00,1173.85,1173.85,1173.85,1173.85,0
2015-02-20 11:08:00,1173.85,1173.85,1173.85,1173.85,0
2015-02-20 11:09:00,1173.85,1173.85,1173.85,1173.85,0
2015-02-20 11:10:00,1173.85,1173.85,1173.85,1173.85,0
2015-02-20 11:11:00,1176.2,1176.35,1176.2,1176.35,4
2015-02-20 11:12:00,1176.35,1176.35,1176.35,1176.35,0
2015-02-20 11:13:00,1176.35,1179.0,1176.35,1179.0,20
2015-02-20 11:14:00,1179.0,1179.0,1178.25,1178.25,14
2015-02-20 11:15:00,1178.65,1178.65,1178.65,1178.65,14
2015-02-20 11:16:00,1178.65,1178.65,1178.65,1178.65,11
2015-02-20 11:17:00,1178.65,1178.65,1178.65,1178.65,0
2015-02-20 11:18:00,1176.25,1176.25,1176.25,1176.25,1
2015-02-20 11:19:00,1176.25,1176.25,1176.25,1176.25,0
2015-02-20 11:20:00,1176.25,1176.25,1176.25,1176.25,0
2015-02-20 11:21:00,1176.25,1178.35,1176.25,1178.35,5
2015-02-20 11:22:00,1178.35,1179.15,1178.35,1179.15,2
2015-02-20 11:23:00,1179.15,1179.15,1179.15,1179.15,0
2015-02-20 11:24:00,1179.15,1179.15,1179.15,1179.15,0
2015-02-20 11:25:00,1179.15,1179.15,1179.15,1179.15,0
2015-02-20 11:26:00,1179.15,1179.15,1179.15,1179.15,0
2015-02-20 11:27:00,1179.15,1179.15,1179.15,1179.15,0
2015-02-20 11:28:00,1179.15,1179.15,1179.15,1179.15,0
2015-02-20 11:29:00,1179.15,1179.15,1179.15,1179.15,0
2015-02-20 11:30:00,1179.15,1179.15,1179.15,1179.15,0
2015-02-20 11:31:00,1179.15,1179.15,1179.15,1179.15,0
2015-02-20 11:32:00,1179.15,1179.15,1176.95,1176.95,10
2015-02-20 11:33:00,1176.95,1177.1,1176.95,1177.1,12
2015-02-20 11:34:00,1177.1,1177.1,1177.1,1177.1,2
2015-02-20 11:35:00,1177.1,1177.1,1177.1,1177.1,0
2015-02-20 11:36:00,1177.1,1177.1,1177.1,1177.1,0
2015-02-20 11:37:00,1177.1,1177.5,1177.1,1177.5,5
2015-02-20 11:38:00,1177.75,1179.3,1177.5,1177.5,35
2015-02-20 11:39:00,1177.5,1177.5,1177.5,1177.5,0
2015-02-20 11:40:00,1177.5,1177.5,1177.5,1177.5,0
2015-02-20 11:41:00,1177.5,1177.5,1177.5,1177.5,0
2015-02-20 11:42:00,1177.5,1177.5,1177.5,1177.5,0
2015-02-20 11:43:00,1177.5,1177.5,1177.5,1177.5,0
2015-02-20 11:44:00,1177.5,1177.5,1177.5,1177.5,0
2015-02-20 11:45:00,1177.5,1177.5,1177.5,1177.5,0
2015-02-20 11:46:00,1177.5,1177.5,1177.5,1177.5,0
2015-02-20 11:47:00,1177.5,1177.5,1177.5,1177.5,0
2015-02-20 11:48:00,1177.5,1177.5,1177.5,1177.5,3
2015-02-20 11:49:00,1177.5,1177.5,1177.5,1177.5,0
2015-02-20 11:50:00,1177.5,1177.5,1177.5,1177.5,7
2015-02-20 11:51:00,1177.5,1177.5,1177.5,1177.5,0
2015-02-20 11:52:00,1177.0,1177.0,1177.0,1177.0,2
2015-02-20 11:53:00,1177.0,1177.0,1177.0,1177.0,0
2015-02-20 11:54:00,1177.0,1177.6,1177.0,1177.6,4
2015-02-20 11:55:00,1177.6,1177.6,1177.6,1177.6,0
2015-02-20 11:56:00,1177.0,1177.0,1177.0,1177.0,0
2015-02-20 11:57:00,1179.05,1179.05,1175.0,1175.0,252
2015-02-20 11:58:00,1175.0,1175.0,1175.0,1175.0,43
2015-02-20 11:59:00,1175.0,1175.0,1175.0,1175.0,0
2015-02-20 12:00:00,1175.0,1175.0,1175.0,1175.0,0
2015-02-20 12:01:00,1175.0,1175.0,1175.0,1175.0,0
2015-02-20 12:02:00,1175.0,1175.0,1175.0,1175.0,0
2015-02-20 12:03:00,1175.0,1175.0,1175.0,1175.0,0
2015-02-20 12:04:00,1174.4,1174.4,1174.4,1174.4,18
2015-02-20 12:05:00,1174.4,1174.4,1174.4,1174.4,0
2015-02-20 12:06:00,1174.4,1174.4,1174.4,1174.4,0
2015-02-20 12:07:00,1177.0,1180.0,1175.55,1175.55,356
2015-02-20 12:08:00,1175.55,1175.55,1175.55,1175.55,0
2015-02-20 12:09:00,1174.4,1174.4,1174.4,1174.4,0
2015-02-20 12:10:00,1175.55,1175.55,1175.55,1175.55,2
2015-02-20 12:11:00,1175.55,1176.0,1175.5,1176.0,46
2015-02-20 12:12:00,1176.0,1176.6,1176.0,1176.6,20
2015-02-20 12:13:00,1176.6,1176.6,1176.6,1176.6,0
2015-02-20 12:14:00,1176.0,1176.0,1176.0,1176.0,24
2015-02-20 12:15:00,1176.0,1176.5,1176.0,1176.5,10
2015-02-20 12:16:00,1176.5,1176.5,1176.5,1176.5,0
2015-02-20 12:17:00,1176.5,1176.5,1176.5,1176.5,0
2015-02-20 12:18:00,1176.5,1176.5,1176.5,1176.5,0
2015-02-20 12:19:00,1176.05,1176.05,1176.05,1176.05,15
2015-02-20 12:20:00,1176.05,1176.05,1176.05,1176.05,0
2015-02-20 12:21:00,1176.05,1177.0,1176.05,1177.0,6
2015-02-20 12:22:00,1180.8,1180.8,1180.0,1180.0,51
2015-02-20 12:23:00,1180.0,1180.0,1180.0,1180.0,0
2015-02-20 12:24:00,1178.95,1178.95,1178.95,1178.95,1
2015-02-20 12:25:00,1180.7,1180.7,1180.7,1180.7,5
2015-02-20 12:26:00,1180.7,1180.7,1178.0,1178.0,38
2015-02-20 12:27:00,1178.0,1179.0,1177.2,1177.2,37
2015-02-20 12:28:00,1177.2,1177.2,1177.2,1177.2,0
2015-02-20 12:29:00,1177.2,1177.2,1177.2,1177.2,6
2015-02-20 12:30:00,1177.2,1177.2,1175.5,1175.5,19
2015-02-20 12:31:00,1175.5,1175.5,1175.5,1175.5,0
2015-02-20 12:32:00,1175.5,1175.5,1175.5,1175.5,0
2015-02-20 12:33:00,1175.5,1175.5,1175.5,1175.5,0
2015-02-20 12:34:00,1177.2,1177.2,1177.2,1177.2,1
2015-02-20 12:35:00,1177.2,1177.2,1177.2,1177.2,0
2015-02-20 12:36:00,1177.2,1177.2,1177.2,1177.2,0
2015-02-20 12:37:00,1177.2,1177.2,1175.5,1175.5,14
2015-02-20 12:38:00,1175.5,1175.5,1170.4,1170.6,78
2015-02-20 12:39:00,1170.6,1170.6,1170.6,1170.6,0
2015-02-20 12:40:00,1170.6,1170.6,1170.6,1170.6,0
2015-02-20 12:41:00,1170.35,1170.35,1170.35,1170.35,34
2015-02-20 12:42:00,1170.35,1170.35,1170.35,1170.35,0
2015-02-20 12:43:00,1170.35,1170.35,1170.35,1170.35,0
2015-02-20 12:44:00,1170.35,1170.35,1170.35,1170.35,0
2015-02-20 12:45:00,1171.6,1171.6,1171.6,1171.6,6
2015-02-20 12:46:00,1171.6,1171.6,1171.6,1171.6,0
2015-02-20 12:47:00,1171.6,1172.0,1171.6,1172.0,5
2015-02-20 12:48:00,1172.7,1172.7,1172.7,1172.7,2
2015-02-20 12:49:00,1172.7,1172.7,1170.6,1170.6,1
2015-02-20 12:50:00,1172.7,1172.7,1172.7,1172.7,1
2015-02-20 12:51:00,1172.7,1172.7,1172.7,1172.7,0
2015-02-20 12:52:00,1170.6,1170.6,1170.6,1170.6,6
2015-02-20 12:53:00,1170.6,1172.55,1170.6,1172.55,20
2015-02-20 12:54:00,1172.55,1172.55,1171.1,1171.1,33
2015-02-20 12:55:00,1171.1,1171.95,1171.1,1171.95,19
2015-02-20 12:56:00,1172.05,1172.15,1172.05,1172.15,10
2015-02-20 12:57:00,1172.15,1174.35,1172.15,1174.35,2
2015-02-20 12:58:00,1174.35,1174.35,1174.35,1174.35,0
2015-02-20 12:59:00,1174.35,1174.35,1174.35,1174.35,0
2015-02-20 13:00:00,1174.35,1174.35,1174.35,1174.35,0
2015-02-20 13:01:00,1174.35,1178.0,1174.35,1178.0,92
2015-02-20 13:02:00,1180.05,1180.05,1172.05,1172.5,579
2015-02-20 13:03:00,1172.5,1172.5,1172.5,1172.5,0
2015-02-20 13:04:00,1172.5,1172.5,1172.5,1172.5,0
2015-02-20 13:05:00,1172.5,1172.5,1172.5,1172.5,0
2015-02-20 13:06:00,1172.5,1172.5,1172.5,1172.5,0
2015-02-20 13:07:00,1172.5,1172.9,1172.5,1172.9,7
2015-02-20 13:08:00,1172.9,1172.9,1172.9,1172.9,0
2015-02-20 13:09:00,1172.9,1172.9,1172.9,1172.9,9
2015-02-20 13:10:00,1172.5,1174.0,1172.5,1174.0,7
2015-02-20 13:11:00,1176.0,1176.0,1176.0,1176.0,3
2015-02-20 13:12:00,1176.0,1176.0,1176.0,1176.0,0
2015-02-20 13:13:00,1176.0,1176.0,1176.0,1176.0,0
2015-02-20 13:14:00,1176.0,1176.0,1176.0,1176.0,16
2015-02-20 13:15:00,1176.0,1176.0,1176.0,1176.0,0
2015-02-20 13:16:00,1176.0,1176.0,1176.0,1176.0,0
2015-02-20 13:17:00,1176.0,1176.0,1172.85,1172.85,1
2015-02-20 13:18:00,1172.85,1172.85,1172.85,1172.85,0
2015-02-20 13:19:00,1172.85,1172.85,1172.85,1172.85,0
2015-02-20 13:20:00,1172.85,1172.85,1172.85,1172.85,0
2015-02-20 13:21:00,1172.85,1172.85,1172.85,1172.85,0
2015-02-20 13:22:00,1172.85,1172.85,1172.85,1172.85,0
2015-02-20 13:23:00,1172.85,1172.85,1172.85,1172.85,0
2015-02-20 13:24:00,1172.85,1172.85,1172.85,1172.85,0
2015-02-20 13:25:00,1172.85,1172.85,1172.85,1172.85,0
2015-02-20 13:26:00,1172.85,1172.85,1172.85,1172.85,0
2015-02-20 13:27:00,1172.85,1172.85,1172.85,1172.85,0
2015-02-20 13:28:00,1172.85,1172.85,1172.85,1172.85,0
2015-02-20 13:29:00,1172.85,1172.85,1172.85,1172.85,0
2015-02-20 13:30:00,1172.85,1172.85,1172.85,1172.85,0
2015-02-20 13:31:00,1172.85,1172.85,1172.85,1172.85,0
2015-02-20 13:32:00,1172.85,1172.85,1172.85,1172.85,0
2015-02-20 13:33:00,1172.85,1172.85,1172.85,1172.85,0
2015-02-20 13:34:00,1172.85,1172.85,1172.85,1172.85,0
2015-02-20 13:35:00,1172.85,1172.85,1172.85,1172.85,1
2015-02-20 13:36:00,1172.55,1174.75,1172.55,1174.75,13
2015-02-20 13:37:00,1172.7,1172.7,1172.7,1172.7,1
2015-02-20 13:38:00,1172.7,1172.7,1172.7,1172.7,0
2015-02-20 13:39:00,1172.7,1172.7,1172.7,1172.7,0
2015-02-20 13:40:00,1172.7,1174.7,1172.7,1174.7,10
2015-02-20 13:41:00,1174.7,1174.7,1174.7,1174.7,0
2015-02-20 13:42:00,1173.2,1173.2,1173.2,1173.2,2
2015-02-20 13:43:00,1173.2,1173.2,1173.2,1173.2,0
2015-02-20 13:44:00,1172.7,1172.7,1172.7,1172.7,0
2015-02-20 13:45:00,1173.2,1173.2,1173.2,1173.2,0
2015-02-20 13:46:00,1173.2,1175.15,1173.2,1175.15,9
2015-02-20 13:47:00,1175.15,1175.4,1175.15,1175.4,2
2015-02-20 13:48:00,1175.4,1175.4,1175.4,1175.4,0
2015-02-20 13:49:00,1175.15,1175.15,1175.15,1175.15,0
2015-02-20 13:50:00,1175.4,1175.4,1175.4,1175.4,0
2015-02-20 13:51:00,1175.4,1175.4,1175.4,1175.4,0
2015-02-20 13:52:00,1175.1,1175.1,1175.1,1175.1,20
2015-02-20 13:53:00,1175.1,1175.1,1175.1,1175.1,0
2015-02-20 13:54:00,1175.1,1175.1,1173.05,1173.05,17
2015-02-20 13:55:00,1173.05,1177.25,1172.5,1177.25,100
2015-02-20 13:56:00,1177.25,1177.25,1177.25,1177.25,0
2015-02-20 13:57:00,1177.25,1177.25,1177.25,1177.25,0
2015-02-20 13:58:00,1177.25,1177.25,1177.25,1177.25,0
2015-02-20 13:59:00,1177.25,1177.3,1176.95,1177.25,34
2015-02-20 14:00:00,1177.25,1177.25,1176.9,1176.9,14
2015-02-20 14:01:00,1176.9,1176.9,1175.1,1175.1,33
2015-02-20 14:02:00,1175.1,1175.1,1175.1,1175.1,0
2015-02-20 14:03:00,1175.1,1175.1,1175.1,1175.1,0
2015-02-20 14:04:00,1175.1,1175.1,1175.1,1175.1,0
2015-02-20 14:05:00,1175.1,1175.1,1175.1,1175.1,0
2015-02-20 14:06:00,1175.1,1175.1,1175.1,1175.1,0
2015-02-20 14:07:00,1175.1,1175.1,1175.1,1175.1,0
2015-02-20 14:08:00,1175.2,1175.2,1175.0,1175.0,149
2015-02-20 14:09:00,1175.0,1175.15,1175.0,1175.15,14
2015-02-20 14:10:00,1175.15,1175.15,1175.15,1175.15,5
2015-02-20 14:11:00,1175.15,1175.15,1173.05,1173.05,33
2015-02-20 14:12:00,1173.05,1177.1,1172.45,1177.1,69
2015-02-20 14:13:00,1177.1,1178.0,1177.1,1178.0,50
2015-02-20 14:14:00,1178.0,1178.0,1178.0,1178.0,0
2015-02-20 14:15:00,1176.5,1176.5,1176.5,1176.5,10
2015-02-20 14:16:00,1176.5,1176.5,1176.5,1176.5,0
2015-02-20 14:17:00,1176.5,1176.5,1176.5,1176.5,0
2015-02-20 14:18:00,1176.5,1176.5,1176.5,1176.5,0
2015-02-20 14:19:00,1176.5,1176.5,1176.5,1176.5,0
2015-02-20 14:20:00,1176.5,1176.5,1176.5,1176.5,0
2015-02-20 14:21:00,1176.5,1176.5,1176.5,1176.5,0
2015-02-20 14:22:00,1176.5,1176.5,1176.5,1176.5,0
2015-02-20 14:23:00,1176.5,1176.5,1176.5,1176.5,0
2015-02-20 14:24:00,1176.5,1176.5,1176.5,1176.5,0
2015-02-20 14:25:00,1176.5,1176.5,1176.5,1176.5,0
2015-02-20 14:26:00,1176.5,1176.5,1176.5,1176.5,0
2015-02-20 14:27:00,1175.75,1178.0,1175.75,1176.65,25
2015-02-20 14:28:00,1176.65,1183.0,1176.65,1180.0,840
2015-02-20 14:29:00,1180.0,1180.0,1180.0,1180.0,0
2015-02-20 14:30:00,1180.0,1180.0,1177.4,1177.4,15
2015-02-20 14:31:00,1177.4,1177.9,1177.4,1177.9,6
2015-02-20 14:32:00,1177.9,1178.9,1175.5,1176.05,159
2015-02-20 14:33:00,1176.0,1176.0,1175.1,1175.1,24
2015-02-20 14:34:00,1175.1,1175.1,1175.1,1175.1,0
2015-02-20 14:35:00,1175.1,1175.1,1175.1,1175.1,4
2015-02-20 14:36:00,1175.15,1175.15,1175.15,1175.15,7
2015-02-20 14:37:00,1175.15,1175.15,1175.15,1175.15,0
2015-02-20 14:38:00,1175.15,1175.15,1175.15,1175.15,0
2015-02-20 14:39:00,1175.15,1175.15,1175.15,1175.15,0
2015-02-20 14:40:00,1175.15,1175.15,1175.15,1175.15,0
2015-02-20 14:41:00,1175.15,1175.15,1175.15,1175.15,4
2015-02-20 14:42:00,1175.15,1175.15,1175.15,1175.15,13
2015-02-20 14:43:00,1177.8,1177.8,1177.8,1177.8,25
2015-02-20 14:44:00,1177.8,1177.8,1176.75,1176.75,21
2015-02-20 14:45:00,1177.1,1178.4,1175.45,1175.45,47
2015-02-20 14:46:00,1175.45,1175.45,1175.45,1175.45,0
2015-02-20 14:47:00,1175.45,1175.5,1175.45,1175.5,44
2015-02-20 14:48:00,1175.0,1175.0,1175.0,1175.0,7
2015-02-20 14:49:00,1174.95,1174.95,1174.95,1174.95,55
2015-02-20 14:50:00,1174.95,1174.95,1174.1,1174.1,2
2015-02-20 14:51:00,1174.1,1174.1,1174.1,1174.1,0
2015-02-20 14:52:00,1174.1,1174.1,1172.4,1172.4,1
2015-02-20 14:53:00,1172.4,1172.55,1172.4,1172.55,1
2015-02-20 14:54:00,1172.55,1172.55,1172.25,1172.25,13
2015-02-20 14:55:00,1172.0,1172.0,1170.0,1170.0,1317
2015-02-20 14:56:00,1169.6,1169.6,1169.6,1169.6,63
2015-02-20 14:57:00,1169.6,1169.6,1159.2,1159.2,529
2015-02-20 14:58:00,1160.4,1164.0,1160.4,1164.0,10
2015-02-20 14:59:00,1160.0,1160.0,1159.95,1159.95,165
2015-02-20 15:00:00,1159.95,1160.0,1159.95,1160.0,117
2015-02-20 15:01:00,1160.0,1160.0,1155.05,1158.5,387
2015-02-20 15:02:00,1158.5,1160.0,1158.5,1160.0,116
2015-02-20 15:03:00,1160.0,1160.0,1159.0,1159.0,3
2015-02-20 15:04:00,1160.0,1160.0,1159.9,1159.9,36
2015-02-20 15:05:00,1159.9,1160.0,1159.9,1160.0,168
2015-02-20 15:06:00,1160.0,1160.0,1158.55,1160.0,252
2015-02-20 15:07:00,1158.6,1160.0,1158.6,1159.8,47
2015-02-20 15:08:00,1159.8,1160.0,1159.8,1160.0,223
2015-02-20 15:09:00,1160.0,1165.0,1160.0,1160.2,92
2015-02-20 15:10:00,1160.2,1160.2,1159.0,1159.0,97
2015-02-20 15:11:00,1159.0,1159.0,1159.0,1159.0,0
2015-02-20 15:12:00,1159.0,1159.0,1159.0,1159.0,0
2015-02-20 15:13:00,1159.0,1159.0,1159.0,1159.0,5
2015-02-20 15:14:00,1159.0,1160.0,1158.45,1159.95,414
2015-02-20 15:15:00,1159.95,1160.0,1158.25,1158.25,38
2015-02-20 15:16:00,1158.25,1158.6,1158.25,1158.6,1
2015-02-20 15:17:00,1158.6,1160.0,1158.6,1160.0,122
2015-02-20 15:18:00,1160.0,1162.0,1158.5,1159.65,178
2015-02-20 15:19:00,1159.65,1160.0,1159.65,1160.0,102
2015-02-20 15:20:00,1160.0,1160.25,1158.55,1160.0,345
2015-02-20 15:21:00,1160.0,1160.0,1160.0,1160.0,131
2015-02-20 15:22:00,1160.0,1160.0,1158.5,1160.0,127
2015-02-20 15:23:00,1160.0,1160.0,1158.55,1158.55,33
2015-02-20 15:24:00,1158.55,1159.85,1155.0,1159.85,312
2015-02-20 15:25:00,1159.9,1159.9,1158.0,1158.0,38
2015-02-20 15:26:00,1158.0,1165.75,1158.0,1165.0,470
2015-02-20 15:27:00,1165.0,1165.0,1155.0,1155.0,760
2015-02-20 15:28:00,1155.0,1155.0,1155.0,1155.0,264
2015-02-20 15:29:00,1160.0,1160.0,1159.9,1159.95,124
2015-02-23 09:15:00,1163.0,1169.95,1163.0,1169.95,10
2015-02-23 09:16:00,1169.95,1170.0,1169.95,1170.0,42
2015-02-23 09:17:00,1170.05,1170.05,1169.8,1169.8,378
2015-02-23 09:18:00,1169.8,1169.8,1169.8,1169.8,0
2015-02-23 09:19:00,1169.8,1169.8,1169.8,1169.8,0
2015-02-23 09:20:00,1169.8,1170.0,1169.8,1170.0,250
2015-02-23 09:21:00,1163.0,1163.0,1163.0,1163.0,25
2015-02-23 09:22:00,1163.0,1166.4,1163.0,1166.4,16
2015-02-23 09:23:00,1166.4,1167.6,1166.4,1167.6,1
2015-02-23 09:24:00,1167.6,1167.6,1167.6,1167.6,0
2015-02-23 09:25:00,1167.6,1170.0,1167.0,1170.0,120
2015-02-23 09:26:00,1170.0,1170.0,1170.0,1170.0,0
2015-02-23 09:27:00,1170.0,1170.0,1170.0,1170.0,0
2015-02-23 09:28:00,1170.0,1170.0,1168.75,1170.0,50
2015-02-23 09:29:00,1170.0,1170.0,1170.0,1170.0,250
2015-02-23 09:30:00,1170.0,1170.0,1170.0,1170.0,0
2015-02-23 09:31:00,1170.0,1170.0,1165.25,1165.25,9
2015-02-23 09:32:00,1165.25,1165.25,1165.25,1165.25,0
2015-02-23 09:33:00,1165.25,1165.25,1165.25,1165.25,0
2015-02-23 09:34:00,1166.4,1166.4,1166.4,1166.4,13
2015-02-23 09:35:00,1164.5,1164.5,1164.2,1164.2,37
2015-02-23 09:36:00,1164.2,1164.2,1164.2,1164.2,0
2015-02-23 09:37:00,1164.2,1164.2,1164.2,1164.2,0
2015-02-23 09:38:00,1164.2,1164.2,1164.2,1164.2,0
2015-02-23 09:39:00,1164.2,1164.2,1164.2,1164.2,0
2015-02-23 09:40:00,1164.2,1164.2,1164.2,1164.2,0
2015-02-23 09:41:00,1164.2,1166.4,1164.2,1165.25,12
2015-02-23 09:42:00,1165.25,1165.25,1165.25,1165.25,0
2015-02-23 09:43:00,1165.25,1165.25,1165.25,1165.25,0
2015-02-23 09:44:00,1165.25,1165.25,1165.25,1165.25,0
2015-02-23 09:45:00,1165.25,1170.0,1165.25,1169.0,59
2015-02-23 09:46:00,1169.0,1169.0,1169.0,1169.0,0
2015-02-23 09:47:00,1169.0,1169.0,1166.45,1166.45,21
2015-02-23 09:48:00,1165.8,1167.3,1164.35,1167.3,82
2015-02-23 09:49:00,1169.0,1169.0,1167.0,1167.0,55
2015-02-23 09:50:00,1167.0,1170.0,1167.0,1170.0,201
2015-02-23 09:51:00,1170.0,1170.0,1170.0,1170.0,200
2015-02-23 09:52:00,1170.0,1170.0,1170.0,1170.0,0
2015-02-23 09:53:00,1170.0,1170.0,1170.0,1170.0,0
2015-02-23 09:54:00,1170.0,1170.0,1170.0,1170.0,0
2015-02-23 09:55:00,1170.0,1170.0,1170.0,1170.0,0
2015-02-23 09:56:00,1170.0,1170.0,1170.0,1170.0,0
2015-02-23 09:57:00,1170.0,1170.0,1170.0,1170.0,0
2015-02-23 09:58:00,1170.0,1170.0,1170.0,1170.0,0
2015-02-23 09:59:00,1170.0,1170.0,1170.0,1170.0,0
2015-02-23 10:00:00,1168.0,1168.0,1168.0,1168.0,1
2015-02-23 10:01:00,1168.0,1168.0,1168.0,1168.0,0
2015-02-23 10:02:00,1168.0,1168.0,1168.0,1168.0,0
2015-02-23 10:03:00,1168.0,1168.0,1168.0,1168.0,0
2015-02-23 10:04:00,1168.0,1168.0,1168.0,1168.0,0
2015-02-23 10:05:00,1164.35,1164.35,1164.35,1164.35,32
2015-02-23 10:06:00,1164.35,1164.35,1164.35,1164.35,0
2015-02-23 10:07:00,1164.35,1164.35,1164.35,1164.35,0
2015-02-23 10:08:00,1164.35,1164.35,1164.35,1164.35,0
2015-02-23 10:09:00,1164.35,1164.35,1164.35,1164.35,0
2015-02-23 10:10:00,1164.35,1164.35,1164.35,1164.35,0
2015-02-23 10:11:00,1164.35,1164.35,1164.35,1164.35,0
2015-02-23 10:12:00,1164.35,1170.0,1164.35,1170.0,131
2015-02-23 10:13:00,1170.0,1170.0,1170.0,1170.0,0
2015-02-23 10:14:00,1170.0,1170.0,1170.0,1170.0,0
2015-02-23 10:15:00,1169.4,1170.0,1169.4,1170.0,10
2015-02-23 10:16:00,1170.0,1170.0,1170.0,1170.0,0
2015-02-23 10:17:00,1170.0,1170.0,1170.0,1170.0,0
2015-02-23 10:18:00,1170.0,1170.0,1170.0,1170.0,10
2015-02-23 10:19:00,1170.0,1170.0,1170.0,1170.0,0
2015-02-23 10:20:00,1170.0,1170.0,1170.0,1170.0,25
2015-02-23 10:21:00,1170.0,1170.0,1170.0,1170.0,200
2015-02-23 10:22:00,1170.0,1170.0,1170.0,1170.0,0
2015-02-23 10:23:00,1170.0,1170.0,1170.0,1170.0,10
2015-02-23 10:24:00,1170.0,1170.0,1170.0,1170.0,4
2015-02-23 10:25:00,1170.0,1170.0,1170.0,1170.0,0
2015-02-23 10:26:00,1170.0,1170.15,1170.0,1170.15,15
2015-02-23 10:27:00,1170.15,1170.15,1170.0,1170.0,130
2015-02-23 10:28:00,1168.8,1170.0,1164.35,1166.45,183
2015-02-23 10:29:00,1169.95,1169.95,1169.95,1169.95,1
2015-02-23 10:30:00,1169.95,1169.95,1169.95,1169.95,0
2015-02-23 10:31:00,1169.95,1170.0,1167.6,1170.0,38
2015-02-23 10:32:00,1170.0,1170.0,1170.0,1170.0,0
2015-02-23 10:33:00,1170.0,1170.0,1166.0,1166.0,64
2015-02-23 10:34:00,1165.0,1169.95,1164.35,1169.95,34
2015-02-23 10:35:00,1169.95,1169.95,1169.95,1169.95,0
2015-02-23 10:36:00,1165.85,1165.85,1165.8,1165.8,3
2015-02-23 10:37:00,1168.75,1168.75,1168.75,1168.75,10
2015-02-23 10:38:00,1168.75,1169.95,1168.75,1169.95,20
2015-02-23 10:39:00,1169.95,1169.95,1169.95,1169.95,0
2015-02-23 10:40:00,1169.95,1169.95,1169.95,1169.95,0
2015-02-23 10:41:00,1170.0,1170.0,1170.0,1170.0,1
2015-02-23 10:42:00,1170.0,1170.0,1170.0,1170.0,12
2015-02-23 10:43:00,1170.0,1170.0,1170.0,1170.0,0
2015-02-23 10:44:00,1160.0,1160.0,1160.0,1160.0,150
2015-02-23 10:45:00,1160.0,1160.0,1160.0,1160.0,0
2015-02-23 10:46:00,1160.0,1169.9,1160.0,1169.9,24
2015-02-23 10:47:00,1169.9,1169.95,1169.9,1169.95,10
2015-02-23 10:48:00,1169.95,1169.95,1169.95,1169.95,0
2015-02-23 10:49:00,1169.95,1170.0,1162.85,1162.85,507
2015-02-23 10:50:00,1162.85,1162.85,1162.85,1162.85,0
2015-02-23 10:51:00,1162.85,1167.55,1162.85,1167.55,2
2015-02-23 10:52:00,1167.55,1167.55,1167.55,1167.55,0
2015-02-23 10:53:00,1167.55,1167.55,1165.25,1165.25,5
2015-02-23 10:54:00,1165.25,1165.25,1165.25,1165.25,0
2015-02-23 10:55:00,1165.25,1165.25,1165.2,1165.2,15
2015-02-23 10:56:00,1165.2,1165.2,1165.2,1165.2,0
2015-02-23 10:57:00,1165.2,1165.2,1165.2,1165.2,0
2015-02-23 10:58:00,1165.2,1165.2,1165.2,1165.2,0
2015-02-23 10:59:00,1165.2,1165.2,1165.2,1165.2,0
2015-02-23 11:00:00,1165.2,1165.2,1165.2,1165.2,0
2015-02-23 11:01:00,1165.2,1165.2,1165.2,1165.2,0
2015-02-23 11:02:00,1167.55,1167.55,1167.55,1167.55,6
2015-02-23 11:03:00,1167.55,1167.55,1167.55,1167.55,0
2015-02-23 11:04:00,1167.55,1167.55,1167.55,1167.55,0
2015-02-23 11:05:00,1167.55,1167.55,1167.55,1167.55,0
2015-02-23 11:06:00,1162.85,1162.85,1162.85,1162.85,39
2015-02-23 11:07:00,1162.85,1164.0,1162.85,1164.0,3
2015-02-23 11:08:00,1164.0,1164.95,1164.0,1164.95,6
2015-02-23 11:09:00,1164.95,1165.0,1164.95,1165.0,60
2015-02-23 11:10:00,1165.0,1165.0,1165.0,1165.0,0
2015-02-23 11:11:00,1165.0,1165.0,1165.0,1165.0,0
2015-02-23 11:12:00,1165.0,1167.0,1165.0,1167.0,10
2015-02-23 11:13:00,1167.0,1167.0,1167.0,1167.0,0
2015-02-23 11:14:00,1167.0,1167.0,1165.25,1165.25,1
2015-02-23 11:15:00,1165.25,1165.25,1165.25,1165.25,0
2015-02-23 11:16:00,1167.0,1167.0,1167.0,1167.0,25
2015-02-23 11:17:00,1167.0,1167.0,1165.25,1165.25,4
2015-02-23 11:18:00,1165.25,1165.25,1165.25,1165.25,17
2015-02-23 11:19:00,1165.25,1166.35,1165.25,1166.35,25
2015-02-23 11:20:00,1166.35,1166.35,1166.35,1166.35,0
2015-02-23 11:21:00,1166.35,1166.35,1166.35,1166.35,0
2015-02-23 11:22:00,1166.35,1166.35,1166.35,1166.35,0
2015-02-23 11:23:00,1166.35,1166.35,1166.35,1166.35,0
2015-02-23 11:24:00,1166.35,1166.35,1164.65,1164.65,269
2015-02-23 11:25:00,1164.65,1164.65,1164.65,1164.65,0
2015-02-23 11:26:00,1164.65,1164.65,1164.65,1164.65,0
2015-02-23 11:27:00,1164.65,1164.65,1164.65,1164.65,0
2015-02-23 11:28:00,1164.65,1164.65,1164.65,1164.65,0
2015-02-23 11:29:00,1164.65,1164.65,1164.65,1164.65,0
2015-02-23 11:30:00,1164.65,1164.65,1164.65,1164.65,0
2015-02-23 11:31:00,1164.65,1164.65,1164.65,1164.65,0
2015-02-23 11:32:00,1164.65,1166.0,1164.65,1166.0,52
2015-02-23 11:33:00,1166.0,1166.0,1166.0,1166.0,0
2015-02-23 11:34:00,1166.65,1166.65,1166.65,1166.65,4
2015-02-23 11:35:00,1166.65,1166.65,1166.65,1166.65,0
2015-02-23 11:36:00,1166.0,1166.0,1166.0,1166.0,0
2015-02-23 11:37:00,1166.05,1166.05,1166.05,1166.05,10
2015-02-23 11:38:00,1166.05,1166.05,1166.05,1166.05,0
2015-02-23 11:39:00,1166.45,1166.7,1166.45,1166.7,11
2015-02-23 11:40:00,1166.7,1166.7,1166.7,1166.7,0
2015-02-23 11:41:00,1166.7,1166.7,1166.7,1166.7,0
2015-02-23 11:42:00,1168.0,1168.0,1168.0,1168.0,5
2015-02-23 11:43:00,1168.0,1168.0,1168.0,1168.0,0
2015-02-23 11:44:00,1168.0,1168.0,1168.0,1168.0,0
2015-02-23 11:45:00,1168.0,1168.0,1168.0,1168.0,0
2015-02-23 11:46:00,1168.0,1168.0,1168.0,1168.0,0
2015-02-23 11:47:00,1168.0,1168.0,1168.0,1168.0,0
2015-02-23 11:48:00,1168.0,1168.0,1168.0,1168.0,10
2015-02-23 11:49:00,1168.0,1168.0,1168.0,1168.0,0
2015-02-23 11:50:00,1168.0,1168.0,1168.0,1168.0,29
2015-02-23 11:51:00,1168.0,1168.0,1168.0,1168.0,0
2015-02-23 11:52:00,1168.0,1168.0,1168.0,1168.0,0
2015-02-23 11:53:00,1168.0,1168.0,1168.0,1168.0,5
2015-02-23 11:54:00,1168.0,1168.0,1168.0,1168.0,0
2015-02-23 11:55:00,1168.0,1168.0,1168.0,1168.0,0
2015-02-23 11:56:00,1168.0,1168.0,1168.0,1168.0,0
2015-02-23 11:57:00,1168.95,1168.95,1168.95,1168.95,1
2015-02-23 11:58:00,1168.95,1168.95,1168.95,1168.95,0
2015-02-23 11:59:00,1168.0,1168.0,1168.0,1168.0,0
2015-02-23 12:00:00,1168.95,1168.95,1168.95,1168.95,0
2015-02-23 12:01:00,1168.95,1168.95,1168.95,1168.95,0
2015-02-23 12:02:00,1168.95,1168.95,1168.95,1168.95,0
2015-02-23 12:03:00,1168.95,1170.0,1168.95,1170.0,503
2015-02-23 12:04:00,1169.95,1169.95,1169.95,1169.95,1
2015-02-23 12:05:00,1170.0,1170.0,1170.0,1170.0,200
2015-02-23 12:06:00,1170.0,1170.0,1170.0,1170.0,0
2015-02-23 12:07:00,1170.0,1170.0,1170.0,1170.0,55
2015-02-23 12:08:00,1170.0,1170.0,1168.0,1168.0,60
2015-02-23 12:09:00,1170.0,1170.0,1168.0,1170.0,163
2015-02-23 12:10:00,1170.0,1170.0,1170.0,1170.0,102
2015-02-23 12:11:00,1170.0,1170.0,1170.0,1170.0,410
2015-02-23 12:12:00,1170.0,1170.0,1170.0,1170.0,30
2015-02-23 12:13:00,1170.0,1170.0,1170.0,1170.0,0
2015-02-23 12:14:00,1170.0,1170.0,1170.0,1170.0,0
2015-02-23 12:15:00,1170.0,1170.0,1170.0,1170.0,0
2015-02-23 12:16:00,1170.0,1170.0,1170.0,1170.0,50
2015-02-23 12:17:00,1170.0,1170.0,1170.0,1170.0,10
2015-02-23 12:18:00,1170.0,1170.0,1170.0,1170.0,0
2015-02-23 12:19:00,1170.0,1170.0,1170.0,1170.0,0
2015-02-23 12:20:00,1170.0,1170.0,1170.0,1170.0,20
2015-02-23 12:21:00,1170.0,1170.0,1170.0,1170.0,0
2015-02-23 12:22:00,1170.0,1170.0,1170.0,1170.0,0
2015-02-23 12:23:00,1170.0,1170.0,1170.0,1170.0,0
2015-02-23 12:24:00,1170.0,1170.0,1168.2,1168.2,205
2015-02-23 12:25:00,1168.2,1168.2,1162.0,1162.0,139
2015-02-23 12:26:00,1162.0,1165.0,1162.0,1165.0,35
2015-02-23 12:27:00,1165.0,1166.0,1165.0,1165.0,80
2015-02-23 12:28:00,1165.0,1165.0,1165.0,1165.0,600
2015-02-23 12:29:00,1165.0,1165.0,1160.05,1160.05,198
2015-02-23 12:30:00,1160.05,1160.05,1160.05,1160.05,0
2015-02-23 12:31:00,1160.05,1160.05,1160.05,1160.05,0
2015-02-23 12:32:00,1160.05,1161.05,1160.05,1161.05,1
2015-02-23 12:33:00,1161.05,1161.05,1161.05,1161.05,0
2015-02-23 12:34:00,1161.05,1166.4,1161.05,1166.4,13
2015-02-23 12:35:00,1166.4,1166.4,1166.4,1166.4,0
2015-02-23 12:36:00,1166.4,1166.4,1166.4,1166.4,0
2015-02-23 12:37:00,1166.4,1166.4,1166.4,1166.4,0
2015-02-23 12:38:00,1166.4,1166.4,1166.4,1166.4,0
2015-02-23 12:39:00,1166.4,1166.4,1166.4,1166.4,0
2015-02-23 12:40:00,1166.4,1166.4,1166.4,1166.4,0
2015-02-23 12:41:00,1166.4,1169.0,1166.4,1169.0,100
2015-02-23 12:42:00,1169.0,1169.0,1167.2,1167.2,140
2015-02-23 12:43:00,1167.2,1169.0,1167.2,1169.0,50
2015-02-23 12:44:00,1169.0,1169.0,1169.0,1169.0,202
2015-02-23 12:45:00,1169.0,1169.0,1169.0,1169.0,5
2015-02-23 12:46:00,1169.0,1169.0,1169.0,1169.0,0
2015-02-23 12:47:00,1167.0,1167.0,1167.0,1167.0,1
2015-02-23 12:48:00,1167.0,1167.0,1167.0,1167.0,0
2015-02-23 12:49:00,1167.0,1167.0,1167.0,1167.0,5
2015-02-23 12:50:00,1167.0,1167.0,1167.0,1167.0,0
2015-02-23 12:51:00,1167.0,1167.0,1167.0,1167.0,0
2015-02-23 12:52:00,1166.95,1166.95,1166.95,1166.95,1
2015-02-23 12:53:00,1166.95,1166.95,1166.95,1166.95,0
2015-02-23 12:54:00,1167.0,1167.0,1167.0,1167.0,0
2015-02-23 12:55:00,1166.95,1166.95,1166.95,1166.95,0
2015-02-23 12:56:00,1166.95,1166.95,1166.5,1166.5,50
2015-02-23 12:57:00,1166.5,1166.5,1166.5,1166.5,0
2015-02-23 12:58:00,1166.5,1166.5,1166.5,1166.5,0
2015-02-23 12:59:00,1166.5,1166.5,1165.75,1165.75,24
2015-02-23 13:00:00,1165.75,1165.75,1165.75,1165.75,0
2015-02-23 13:01:00,1166.5,1166.5,1166.5,1166.5,0
2015-02-23 13:02:00,1165.75,1165.75,1165.75,1165.75,97
2015-02-23 13:03:00,1165.75,1165.75,1165.75,1165.75,106
2015-02-23 13:04:00,1165.75,1165.75,1165.75,1165.75,0
2015-02-23 13:05:00,1165.75,1165.75,1165.75,1165.75,0
2015-02-23 13:06:00,1165.75,1165.75,1165.75,1165.75,0
2015-02-23 13:07:00,1165.75,1165.75,1165.75,1165.75,0
2015-02-23 13:08:00,1165.75,1165.75,1163.0,1163.0,17
2015-02-23 13:09:00,1163.0,1163.0,1163.0,1163.0,0
2015-02-23 13:10:00,1163.0,1165.9,1163.0,1165.9,30
2015-02-23 13:11:00,1165.9,1165.9,1165.9,1165.9,0
2015-02-23 13:12:00,1165.9,1165.9,1165.9,1165.9,0
2015-02-23 13:13:00,1165.9,1165.9,1165.9,1165.9,0
2015-02-23 13:14:00,1165.9,1165.9,1165.75,1165.75,50
2015-02-23 13:15:00,1165.75,1165.75,1165.75,1165.75,0
2015-02-23 13:16:00,1165.75,1165.75,1165.75,1165.75,20
2015-02-23 13:17:00,1165.75,1165.75,1165.75,1165.75,0
2015-02-23 13:18:00,1165.75,1165.75,1165.75,1165.75,0
2015-02-23 13:19:00,1165.75,1165.75,1165.75,1165.75,0
2015-02-23 13:20:00,1165.75,1165.75,1165.75,1165.75,5
2015-02-23 13:21:00,1165.75,1165.75,1165.75,1165.75,0
2015-02-23 13:22:00,1165.75,1165.75,1165.75,1165.75,0
2015-02-23 13:23:00,1165.75,1165.75,1165.75,1165.75,0
2015-02-23 13:24:00,1165.75,1165.75,1165.75,1165.75,0
2015-02-23 13:25:00,1165.75,1165.75,1165.0,1165.0,1
2015-02-23 13:26:00,1165.0,1165.0,1165.0,1165.0,0
2015-02-23 13:27:00,1165.0,1165.0,1165.0,1165.0,0
2015-02-23 13:28:00,1165.0,1165.0,1165.0,1165.0,0
2015-02-23 13:29:00,1165.0,1165.0,1165.0,1165.0,0
2015-02-23 13:30:00,1165.0,1165.0,1165.0,1165.0,0
2015-02-23 13:31:00,1165.0,1165.0,1165.0,1165.0,0
2015-02-23 13:32:00,1165.0,1165.0,1165.0,1165.0,0
2015-02-23 13:33:00,1165.0,1165.0,1165.0,1165.0,0
2015-02-23 13:34:00,1165.0,1165.75,1165.0,1165.75,4
2015-02-23 13:35:00,1165.75,1165.75,1165.75,1165.75,0
2015-02-23 13:36:00,1165.75,1165.75,1165.75,1165.75,0
2015-02-23 13:37:00,1165.75,1165.75,1165.75,1165.75,0
2015-02-23 13:38:00,1165.75,1165.75,1162.1,1162.1,58
2015-02-23 13:39:00,1162.1,1162.1,1162.1,1162.1,0
2015-02-23 13:40:00,1162.1,1162.1,1162.1,1162.1,0
2015-02-23 13:41:00,1162.1,1165.15,1162.1,1165.15,22
2015-02-23 13:42:00,1165.15,1165.15,1165.15,1165.15,2
2015-02-23 13:43:00,1165.15,1165.15,1165.15,1165.15,5
2015-02-23 13:44:00,1165.15,1165.15,1162.25,1162.25,5
2015-02-23 13:45:00,1162.25,1162.25,1162.25,1162.25,0
2015-02-23 13:46:00,1162.25,1162.25,1162.25,1162.25,0
2015-02-23 13:47:00,1162.25,1162.25,1162.25,1162.25,0
2015-02-23 13:48:00,1165.15,1165.75,1165.15,1165.75,50
2015-02-23 13:49:00,1165.75,1165.75,1165.75,1165.75,0
2015-02-23 13:50:00,1165.75,1165.75,1165.75,1165.75,0
2015-02-23 13:51:00,1165.75,1165.75,1165.75,1165.75,2
2015-02-23 13:52:00,1162.05,1165.15,1162.0,1162.0,165
2015-02-23 13:53:00,1162.0,1162.0,1160.0,1160.0,638
2015-02-23 13:54:00,1160.0,1160.0,1158.0,1158.0,36
2015-02-23 13:55:00,1158.0,1158.0,1158.0,1158.0,0
2015-02-23 13:56:00,1159.75,1159.75,1159.75,1159.75,1
2015-02-23 13:57:00,1159.75,1159.75,1159.75,1159.75,0
2015-02-23 13:58:00,1159.75,1159.75,1159.75,1159.75,1
2015-02-23 13:59:00,1159.75,1159.9,1159.75,1159.9,2
2015-02-23 14:00:00,1159.9,1159.9,1159.9,1159.9,18
2015-02-23 14:01:00,1159.9,1159.9,1157.0,1157.0,74
2015-02-23 14:02:00,1157.0,1157.0,1157.0,1157.0,22
2015-02-23 14:03:00,1157.0,1157.0,1157.0,1157.0,0
2015-02-23 14:04:00,1157.0,1157.0,1157.0,1157.0,0
2015-02-23 14:05:00,1157.0,1157.0,1157.0,1157.0,0
2015-02-23 14:06:00,1157.0,1157.0,1157.0,1157.0,0
2015-02-23 14:07:00,1157.0,1157.0,1157.0,1157.0,0
2015-02-23 14:08:00,1157.0,1157.0,1155.0,1155.0,101
2015-02-23 14:09:00,1155.0,1155.0,1152.0,1152.0,50
2015-02-23 14:10:00,1152.0,1152.5,1152.0,1152.5,3
2015-02-23 14:11:00,1152.5,1152.5,1152.5,1152.5,5
2015-02-23 14:12:00,1160.0,1160.0,1160.0,1160.0,100
2015-02-23 14:13:00,1160.0,1160.0,1160.0,1160.0,0
2015-02-23 14:14:00,1160.0,1160.0,1157.95,1157.95,20
2015-02-23 14:15:00,1157.95,1157.95,1157.95,1157.95,0
2015-02-23 14:16:00,1157.95,1157.95,1157.95,1157.95,0
2015-02-23 14:17:00,1157.95,1157.95,1157.95,1157.95,0
2015-02-23 14:18:00,1157.95,1157.95,1157.0,1157.0,5
2015-02-23 14:19:00,1157.0,1157.0,1157.0,1157.0,0
2015-02-23 14:20:00,1154.05,1154.05,1154.05,1154.05,1
2015-02-23 14:21:00,1155.0,1155.0,1155.0,1155.0,2
2015-02-23 14:22:00,1155.0,1155.0,1155.0,1155.0,0
2015-02-23 14:23:00,1155.0,1155.0,1155.0,1155.0,0
2015-02-23 14:24:00,1155.0,1155.0,1155.0,1155.0,0
2015-02-23 14:25:00,1155.0,1155.0,1155.0,1155.0,0
2015-02-23 14:26:00,1155.0,1155.0,1155.0,1155.0,0
2015-02-23 14:27:00,1153.5,1153.5,1153.5,1153.5,1
2015-02-23 14:28:00,1153.5,1153.5,1153.5,1153.5,0
2015-02-23 14:29:00,1153.5,1153.5,1153.5,1153.5,0
2015-02-23 14:30:00,1153.5,1153.5,1153.5,1153.5,0
2015-02-23 14:31:00,1153.5,1153.5,1153.5,1153.5,0
2015-02-23 14:32:00,1153.5,1153.5,1153.5,1153.5,0
2015-02-23 14:33:00,1153.5,1153.5,1153.5,1153.5,0
2015-02-23 14:34:00,1153.5,1153.5,1153.5,1153.5,0
2015-02-23 14:35:00,1153.5,1153.5,1153.5,1153.5,0
2015-02-23 14:36:00,1153.5,1153.5,1153.5,1153.5,0
2015-02-23 14:37:00,1153.5,1154.0,1153.5,1154.0,1
2015-02-23 14:38:00,1154.0,1154.0,1154.0,1154.0,0
2015-02-23 14:39:00,1154.95,1154.95,1154.95,1154.95,10
2015-02-23 14:40:00,1154.0,1154.0,1153.5,1153.5,19
2015-02-23 14:41:00,1153.5,1153.5,1153.5,1153.5,0
2015-02-23 14:42:00,1153.5,1153.5,1153.5,1153.5,0
2015-02-23 14:43:00,1153.5,1153.5,1153.5,1153.5,0
2015-02-23 14:44:00,1143.0,1148.0,1143.0,1148.0,437
2015-02-23 14:45:00,1148.0,1150.0,1145.1,1150.0,119
2015-02-23 14:46:00,1150.0,1153.5,1150.0,1153.5,180
2015-02-23 14:47:00,1153.5,1153.8,1153.5,1153.8,10
2015-02-23 14:48:00,1153.8,1153.8,1152.6,1152.6,6
2015-02-23 14:49:00,1152.6,1153.0,1152.6,1153.0,5
2015-02-23 14:50:00,1153.0,1153.0,1153.0,1153.0,0
2015-02-23 14:51:00,1150.05,1150.05,1150.05,1150.05,1
2015-02-23 14:52:00,1150.05,1153.0,1150.05,1153.0,81
2015-02-23 14:53:00,1153.0,1153.0,1153.0,1153.0,93
2015-02-23 14:54:00,1153.0,1153.0,1153.0,1153.0,78
2015-02-23 14:55:00,1153.0,1153.0,1153.0,1153.0,0
2015-02-23 14:56:00,1154.85,1154.85,1154.85,1154.85,5
2015-02-23 14:57:00,1154.85,1154.85,1153.05,1153.05,5
2015-02-23 14:58:00,1154.85,1154.85,1154.85,1154.85,16
2015-02-23 14:59:00,1154.85,1154.9,1154.85,1154.9,10
2015-02-23 15:00:00,1154.9,1154.9,1154.9,1154.9,0
2015-02-23 15:01:00,1154.9,1154.9,1154.9,1154.9,0
2015-02-23 15:02:00,1154.9,1154.9,1153.0,1153.0,50
2015-02-23 15:03:00,1153.05,1153.95,1153.0,1153.95,61
2015-02-23 15:04:00,1153.95,1153.95,1153.95,1153.95,0
2015-02-23 15:05:00,1153.95,1153.95,1153.95,1153.95,0
2015-02-23 15:06:00,1153.95,1153.95,1153.0,1153.0,2
2015-02-23 15:07:00,1153.0,1153.0,1153.0,1153.0,0
2015-02-23 15:08:00,1154.0,1154.0,1154.0,1154.0,22
2015-02-23 15:09:00,1154.0,1154.0,1153.0,1153.0,8
2015-02-23 15:10:00,1153.0,1153.0,1153.0,1153.0,0
2015-02-23 15:11:00,1154.0,1154.9,1154.0,1154.9,27
2015-02-23 15:12:00,1154.9,1154.9,1154.9,1154.9,0
2015-02-23 15:13:00,1154.9,1154.9,1154.9,1154.9,0
2015-02-23 15:14:00,1154.9,1157.4,1154.9,1157.4,25
2015-02-23 15:15:00,1157.4,1157.4,1157.4,1157.4,0
2015-02-23 15:16:00,1157.4,1157.4,1153.0,1157.05,46
2015-02-23 15:17:00,1157.05,1158.0,1157.0,1158.0,121
2015-02-23 15:18:00,1157.0,1157.0,1157.0,1157.0,27
2015-02-23 15:19:00,1157.0,1157.0,1157.0,1157.0,0
2015-02-23 15:20:00,1157.0,1157.0,1157.0,1157.0,0
2015-02-23 15:21:00,1157.0,1159.9,1157.0,1159.9,1
2015-02-23 15:22:00,1159.9,1160.0,1158.1,1160.0,152
2015-02-23 15:23:00,1160.0,1160.0,1160.0,1160.0,4
2015-02-23 15:24:00,1160.0,1165.0,1160.0,1165.0,67
2015-02-23 15:25:00,1165.0,1165.0,1161.0,1161.0,99
2015-02-23 15:26:00,1161.0,1161.0,1160.0,1161.0,28
2015-02-23 15:27:00,1161.0,1161.0,1159.75,1159.75,4
2015-02-23 15:28:00,1164.0,1164.0,1159.7,1163.0,28
2015-02-23 15:29:00,1164.0,1164.0,1160.0,1160.0,206
2015-02-24 09:15:00,1163.0,1163.0,1163.0,1163.0,0
2015-02-24 09:16:00,1163.0,1163.0,1163.0,1163.0,0
2015-02-24 09:17:00,1163.0,1163.0,1151.0,1151.0,100
2015-02-24 09:18:00,1151.0,1151.0,1151.0,1151.0,0
2015-02-24 09:19:00,1151.0,1151.0,1149.95,1150.0,211
2015-02-24 09:20:00,1149.95,1150.0,1149.95,1150.0,120
2015-02-24 09:21:00,1150.0,1150.0,1150.0,1150.0,30
2015-02-24 09:22:00,1150.0,1150.0,1150.0,1150.0,10
2015-02-24 09:23:00,1150.0,1150.0,1148.0,1148.0,75
2015-02-24 09:24:00,1148.0,1150.0,1148.0,1150.0,31
2015-02-24 09:25:00,1150.0,1150.0,1150.0,1150.0,20
2015-02-24 09:26:00,1150.0,1150.0,1149.9,1149.9,44
2015-02-24 09:27:00,1149.9,1149.9,1149.9,1149.9,0
2015-02-24 09:28:00,1149.9,1149.9,1147.95,1147.95,15
2015-02-24 09:29:00,1147.95,1149.0,1147.95,1149.0,50
2015-02-24 09:30:00,1149.0,1149.0,1147.05,1147.05,63
2015-02-24 09:31:00,1147.05,1148.95,1147.05,1148.95,1
2015-02-24 09:32:00,1148.95,1148.95,1148.0,1148.0,49
2015-02-24 09:33:00,1148.0,1148.0,1148.0,1148.0,42
2015-02-24 09:34:00,1147.85,1148.0,1147.85,1148.0,208
2015-02-24 09:35:00,1148.0,1148.5,1148.0,1148.5,2
2015-02-24 09:36:00,1148.5,1148.5,1148.5,1148.5,20
2015-02-24 09:37:00,1148.5,1148.5,1148.5,1148.5,0
2015-02-24 09:38:00,1148.5,1148.5,1148.5,1148.5,40
2015-02-24 09:39:00,1148.5,1148.5,1148.45,1148.45,21
2015-02-24 09:40:00,1148.45,1148.5,1148.45,1148.5,10
2015-02-24 09:41:00,1148.5,1148.5,1147.45,1147.45,25
2015-02-24 09:42:00,1147.45,1147.45,1147.45,1147.45,0
2015-02-24 09:43:00,1147.45,1147.45,1147.45,1147.45,0
2015-02-24 09:44:00,1147.45,1148.0,1147.45,1148.0,2
2015-02-24 09:45:00,1148.0,1148.0,1148.0,1148.0,0
2015-02-24 09:46:00,1148.0,1148.0,1148.0,1148.0,5
2015-02-24 09:47:00,1148.0,1148.0,1148.0,1148.0,25
2015-02-24 09:48:00,1148.0,1148.0,1148.0,1148.0,0
2015-02-24 09:49:00,1148.0,1148.0,1148.0,1148.0,0
2015-02-24 09:50:00,1148.0,1148.0,1148.0,1148.0,25
2015-02-24 09:51:00,1148.0,1148.0,1148.0,1148.0,12
2015-02-24 09:52:00,1148.0,1148.0,1147.95,1147.95,54
2015-02-24 09:53:00,1147.95,1148.0,1147.95,1148.0,9
2015-02-24 09:54:00,1148.0,1148.0,1148.0,1148.0,10
2015-02-24 09:55:00,1148.0,1148.0,1148.0,1148.0,0
2015-02-24 09:56:00,1148.0,1148.0,1148.0,1148.0,0
2015-02-24 09:57:00,1148.0,1148.0,1148.0,1148.0,5
2015-02-24 09:58:00,1148.0,1148.0,1147.95,1147.95,6
2015-02-24 09:59:00,1147.95,1148.0,1147.95,1148.0,1
2015-02-24 10:00:00,1148.0,1148.0,1147.95,1147.95,38
2015-02-24 10:01:00,1147.95,1148.0,1147.95,1148.0,50
2015-02-24 10:02:00,1148.0,1148.0,1148.0,1148.0,0
2015-02-24 10:03:00,1147.9,1147.9,1147.9,1147.9,2
2015-02-24 10:04:00,1147.9,1147.9,1147.9,1147.9,0
2015-02-24 10:05:00,1147.9,1148.0,1147.9,1147.9,8
2015-02-24 10:06:00,1148.0,1148.0,1147.95,1147.95,40
2015-02-24 10:07:00,1147.95,1147.95,1146.05,1146.05,60
2015-02-24 10:08:00,1146.05,1146.05,1146.05,1146.05,0
2015-02-24 10:09:00,1146.05,1146.05,1146.05,1146.05,0
2015-02-24 10:10:00,1146.05,1147.95,1146.05,1147.95,56
2015-02-24 10:11:00,1147.95,1147.95,1147.95,1147.95,0
2015-02-24 10:12:00,1147.95,1147.95,1147.3,1147.3,4
2015-02-24 10:13:00,1147.3,1147.3,1147.3,1147.3,0
2015-02-24 10:14:00,1147.3,1147.3,1147.3,1147.3,0
2015-02-24 10:15:00,1147.3,1147.95,1147.3,1147.95,1
2015-02-24 10:16:00,1147.95,1148.0,1147.3,1147.3,101
2015-02-24 10:17:00,1147.3,1147.3,1147.3,1147.3,0
2015-02-24 10:18:00,1147.95,1147.95,1147.95,1147.95,0
2015-02-24 10:19:00,1148.0,1148.0,1148.0,1148.0,5
2015-02-24 10:20:00,1148.0,1148.0,1148.0,1148.0,0
2015-02-24 10:21:00,1148.0,1148.0,1148.0,1148.0,0
2015-02-24 10:22:00,1148.0,1148.0,1148.0,1148.0,0
2015-02-24 10:23:00,1148.0,1148.0,1148.0,1148.0,0
2015-02-24 10:24:00,1148.0,1148.0,1146.15,1146.15,20
2015-02-24 10:25:00,1146.15,1146.15,1146.15,1146.15,0
2015-02-24 10:26:00,1146.15,1146.15,1146.15,1146.15,0
2015-02-24 10:27:00,1146.15,1146.15,1146.15,1146.15,0
2015-02-24 10:28:00,1146.15,1148.0,1146.15,1148.0,211
2015-02-24 10:29:00,1148.0,1153.0,1148.0,1153.0,9
2015-02-24 10:30:00,1153.0,1153.0,1153.0,1153.0,92
2015-02-24 10:31:00,1150.45,1150.45,1150.45,1150.45,10
2015-02-24 10:32:00,1150.45,1150.45,1150.45,1150.45,0
2015-02-24 10:33:00,1150.45,1150.45,1150.45,1150.45,0
2015-02-24 10:34:00,1150.5,1150.5,1150.5,1150.5,8
2015-02-24 10:35:00,1153.0,1153.0,1153.0,1153.0,3
2015-02-24 10:36:00,1153.0,1154.4,1153.0,1154.4,13
2015-02-24 10:37:00,1154.4,1154.4,1154.4,1154.4,0
2015-02-24 10:38:00,1154.4,1154.4,1154.4,1154.4,0
2015-02-24 10:39:00,1154.4,1154.4,1154.4,1154.4,0
2015-02-24 10:40:00,1154.4,1155.1,1154.4,1155.1,4
2015-02-24 10:41:00,1155.1,1157.8,1155.1,1157.8,2
2015-02-24 10:42:00,1157.8,1157.8,1157.8,1157.8,0
2015-02-24 10:43:00,1157.8,1157.8,1157.8,1157.8,0
2015-02-24 10:44:00,1157.8,1157.8,1157.8,1157.8,0
2015-02-24 10:45:00,1156.3,1156.3,1156.3,1156.3,18
2015-02-24 10:46:00,1156.3,1156.3,1156.3,1156.3,0
2015-02-24 10:47:00,1156.3,1156.3,1156.3,1156.3,0
2015-02-24 10:48:00,1156.3,1156.3,1155.15,1155.15,9
2015-02-24 10:49:00,1155.15,1155.15,1155.0,1155.0,34
2015-02-24 10:50:00,1150.85,1150.85,1150.0,1150.0,40
2015-02-24 10:51:00,1150.0,1150.0,1150.0,1150.0,0
2015-02-24 10:52:00,1150.0,1150.0,1150.0,1150.0,28
2015-02-24 10:53:00,1150.0,1150.0,1150.0,1150.0,0
2015-02-24 10:54:00,1150.0,1150.0,1150.0,1150.0,0
2015-02-24 10:55:00,1150.0,1150.0,1150.0,1150.0,0
2015-02-24 10:56:00,1150.0,1150.0,1147.0,1147.0,20
2015-02-24 10:57:00,1147.0,1147.0,1147.0,1147.0,0
2015-02-24 10:58:00,1147.0,1147.0,1147.0,1147.0,2
2015-02-24 10:59:00,1147.0,1147.0,1147.0,1147.0,0
2015-02-24 11:00:00,1147.0,1147.0,1147.0,1147.0,1
2015-02-24 11:01:00,1147.0,1147.0,1146.95,1146.95,8
2015-02-24 11:02:00,1146.95,1146.95,1146.95,1146.95,0
2015-02-24 11:03:00,1146.95,1146.95,1146.95,1146.95,0
2015-02-24 11:04:00,1146.95,1146.95,1146.95,1146.95,0
2015-02-24 11:05:00,1146.95,1146.95,1146.95,1146.95,0
2015-02-24 11:06:00,1146.95,1146.95,1146.95,1146.95,0
2015-02-24 11:07:00,1146.95,1146.95,1143.0,1143.0,164
2015-02-24 11:08:00,1143.0,1143.0,1141.2,1141.2,19
2015-02-24 11:09:00,1141.0,1141.0,1141.0,1141.0,20
2015-02-24 11:10:00,1141.0,1150.2,1141.0,1150.2,40
2015-02-24 11:11:00,1150.2,1150.2,1150.2,1150.2,0
2015-02-24 11:12:00,1150.2,1150.2,1150.2,1150.2,0
2015-02-24 11:13:00,1150.2,1150.2,1150.2,1150.2,0
2015-02-24 11:14:00,1144.8,1149.0,1144.8,1149.0,20
2015-02-24 11:15:00,1149.0,1149.0,1149.0,1149.0,0
2015-02-24 11:16:00,1149.0,1149.0,1149.0,1149.0,0
2015-02-24 11:17:00,1145.4,1145.4,1145.4,1145.4,33
2015-02-24 11:18:00,1145.4,1145.4,1145.4,1145.4,0
2015-02-24 11:19:00,1145.4,1145.4,1145.4,1145.4,0
2015-02-24 11:20:00,1143.05,1143.05,1143.05,1143.05,1
2015-02-24 11:21:00,1143.05,1143.05,1143.05,1143.05,0
2015-02-24 11:22:00,1143.05,1143.05,1143.05,1143.05,0
2015-02-24 11:23:00,1142.05,1142.05,1142.05,1142.05,38
2015-02-24 11:24:00,1142.05,1142.05,1142.05,1142.05,0
2015-02-24 11:25:00,1142.05,1142.05,1142.05,1142.05,0
2015-02-24 11:26:00,1142.05,1142.05,1142.05,1142.05,0
2015-02-24 11:27:00,1145.4,1145.4,1145.4,1145.4,1
2015-02-24 11:28:00,1145.4,1145.4,1145.4,1145.4,1
2015-02-24 11:29:00,1145.4,1145.4,1145.4,1145.4,1
2015-02-24 11:30:00,1145.4,1145.4,1141.0,1141.0,356
2015-02-24 11:31:00,1140.0,1140.6,1140.0,1140.6,45
2015-02-24 11:32:00,1140.6,1144.15,1140.6,1144.15,6
2015-02-24 11:33:00,1144.15,1144.15,1144.15,1144.15,0
2015-02-24 11:34:00,1144.15,1144.15,1144.15,1144.15,0
2015-02-24 11:35:00,1144.15,1144.15,1144.15,1144.15,0
2015-02-24 11:36:00,1145.4,1145.4,1145.4,1145.4,20
2015-02-24 11:37:00,1145.4,1145.4,1145.4,1145.4,0
2015-02-24 11:38:00,1145.4,1145.4,1145.4,1145.4,0
2015-02-24 11:39:00,1145.4,1145.4,1145.4,1145.4,0
2015-02-24 11:40:00,1145.4,1145.4,1145.4,1145.4,0
2015-02-24 11:41:00,1145.4,1145.4,1141.0,1141.0,15
2015-02-24 11:42:00,1141.0,1143.55,1141.0,1143.55,2
2015-02-24 11:43:00,1143.55,1143.55,1139.95,1139.95,126
2015-02-24 11:44:00,1139.95,1139.95,1139.95,1139.95,0
2015-02-24 11:45:00,1139.95,1141.0,1139.95,1141.0,1
2015-02-24 11:46:00,1141.0,1141.0,1141.0,1141.0,0
2015-02-24 11:47:00,1139.95,1139.95,1139.95,1139.95,0
2015-02-24 11:48:00,1141.0,1141.0,1141.0,1141.0,0
2015-02-24 11:49:00,1141.0,1141.0,1141.0,1141.0,0
2015-02-24 11:50:00,1141.0,1141.0,1137.75,1138.2,35
2015-02-24 11:51:00,1138.2,1138.2,1138.2,1138.2,0
2015-02-24 11:52:00,1138.2,1138.2,1138.2,1138.2,0
2015-02-24 11:53:00,1138.2,1140.7,1138.2,1140.7,5
2015-02-24 11:54:00,1140.7,1141.0,1140.7,1141.0,5
2015-02-24 11:55:00,1141.0,1141.0,1141.0,1141.0,0
2015-02-24 11:56:00,1141.0,1141.0,1141.0,1141.0,0
2015-02-24 11:57:00,1141.0,1141.0,1141.0,1141.0,18
2015-02-24 11:58:00,1141.0,1141.0,1141.0,1141.0,0
2015-02-24 11:59:00,1141.0,1141.0,1141.0,1141.0,0
2015-02-24 12:00:00,1141.0,1141.0,1141.0,1141.0,26
2015-02-24 12:01:00,1141.0,1141.0,1140.7,1140.7,1
2015-02-24 12:02:00,1140.7,1140.7,1140.7,1140.7,4
2015-02-24 12:03:00,1140.7,1140.7,1140.7,1140.7,30
2015-02-24 12:04:00,1141.0,1141.0,1141.0,1141.0,10
2015-02-24 12:05:00,1141.0,1141.0,1141.0,1141.0,0
2015-02-24 12:06:00,1141.0,1141.0,1141.0,1141.0,0
2015-02-24 12:07:00,1141.0,1141.0,1141.0,1141.0,0
2015-02-24 12:08:00,1141.0,1141.0,1141.0,1141.0,10
2015-02-24 12:09:00,1141.0,1141.0,1141.0,1141.0,10
2015-02-24 12:10:00,1141.0,1141.0,1141.0,1141.0,0
2015-02-24 12:11:00,1141.0,1141.0,1141.0,1141.0,0
2015-02-24 12:12:00,1141.0,1141.0,1141.0,1141.0,0
2015-02-24 12:13:00,1140.0,1140.0,1140.0,1140.0,70
2015-02-24 12:14:00,1140.0,1140.0,1140.0,1140.0,0
2015-02-24 12:15:00,1140.0,1140.0,1140.0,1140.0,25
2015-02-24 12:16:00,1140.0,1145.35,1140.0,1145.35,96
2015-02-24 12:17:00,1145.35,1146.05,1145.35,1146.05,15
2015-02-24 12:18:00,1146.05,1146.05,1146.05,1146.05,0
2015-02-24 12:19:00,1146.05,1146.05,1146.05,1146.05,0
2015-02-24 12:20:00,1146.05,1151.35,1146.05,1151.35,10
2015-02-24 12:21:00,1151.35,1151.35,1151.35,1151.35,0
2015-02-24 12:22:00,1151.35,1151.35,1151.35,1151.35,0
2015-02-24 12:23:00,1151.35,1151.35,1151.35,1151.35,0
2015-02-24 12:24:00,1151.35,1151.35,1151.35,1151.35,0
2015-02-24 12:25:00,1151.35,1151.35,1151.35,1151.35,0
2015-02-24 12:26:00,1151.35,1151.35,1148.35,1148.35,10
2015-02-24 12:27:00,1148.35,1148.35,1148.35,1148.35,0
2015-02-24 12:28:00,1148.35,1149.0,1148.35,1149.0,10
2015-02-24 12:29:00,1149.0,1149.0,1149.0,1149.0,0
2015-02-24 12:30:00,1149.0,1151.35,1149.0,1151.35,26
2015-02-24 12:31:00,1151.35,1151.35,1148.0,1148.25,51
2015-02-24 12:32:00,1148.25,1148.45,1148.25,1148.45,2
2015-02-24 12:33:00,1148.45,1148.95,1148.0,1148.95,32
2015-02-24 12:34:00,1148.95,1148.95,1148.95,1148.95,0
2015-02-24 12:35:00,1148.95,1149.0,1148.95,1149.0,10
2015-02-24 12:36:00,1149.0,1149.0,1149.0,1149.0,0
2015-02-24 12:37:00,1144.8,1144.8,1144.8,1144.8,190
2015-02-24 12:38:00,1144.8,1144.8,1144.8,1144.8,0
2015-02-24 12:39:00,1144.8,1144.8,1144.8,1144.8,0
2015-02-24 12:40:00,1144.8,1144.8,1144.8,1144.8,0
2015-02-24 12:41:00,1144.8,1144.8,1144.8,1144.8,0
2015-02-24 12:42:00,1144.8,1144.8,1144.8,1144.8,0
2015-02-24 12:43:00,1144.8,1144.8,1144.75,1144.75,10
2015-02-24 12:44:00,1144.75,1144.75,1144.75,1144.75,0
2015-02-24 12:45:00,1144.75,1144.75,1141.9,1141.9,1
2015-02-24 12:46:00,1141.9,1142.95,1141.9,1142.95,10
2015-02-24 12:47:00,1142.95,1142.95,1142.95,1142.95,0
2015-02-24 12:48:00,1142.95,1142.95,1142.95,1142.95,0
2015-02-24 12:49:00,1142.95,1145.0,1142.95,1145.0,10
2015-02-24 12:50:00,1145.0,1145.0,1145.0,1145.0,0
2015-02-24 12:51:00,1140.1,1144.15,1140.1,1144.15,49
2015-02-24 12:52:00,1144.15,1144.15,1144.15,1144.15,0
2015-02-24 12:53:00,1144.15,1144.15,1144.15,1144.15,0
2015-02-24 12:54:00,1144.15,1144.15,1141.8,1141.8,2
2015-02-24 12:55:00,1141.8,1141.8,1141.8,1141.8,0
2015-02-24 12:56:00,1141.8,1156.2,1141.8,1150.2,221
2015-02-24 12:57:00,1150.2,1150.2,1150.2,1150.2,0
2015-02-24 12:58:00,1150.2,1151.95,1150.2,1151.95,50
2015-02-24 12:59:00,1152.6,1154.35,1152.6,1154.35,2
2015-02-24 13:00:00,1154.35,1154.35,1154.35,1154.35,0
2015-02-24 13:01:00,1154.35,1154.35,1152.45,1152.45,76
2015-02-24 13:02:00,1152.45,1152.45,1150.45,1150.45,10
2015-02-24 13:03:00,1150.6,1150.6,1148.0,1148.0,44
2015-02-24 13:04:00,1148.0,1148.0,1144.2,1146.0,20
2015-02-24 13:05:00,1146.0,1146.0,1146.0,1146.0,0
2015-02-24 13:06:00,1146.0,1146.0,1146.0,1146.0,0
2015-02-24 13:07:00,1146.0,1146.0,1145.4,1146.0,20
2015-02-24 13:08:00,1146.0,1146.0,1145.95,1145.95,10
2015-02-24 13:09:00,1145.95,1145.95,1145.95,1145.95,0
2015-02-24 13:10:00,1145.95,1145.95,1145.95,1145.95,0
2015-02-24 13:11:00,1145.95,1146.0,1145.95,1146.0,5
2015-02-24 13:12:00,1146.0,1146.0,1146.0,1146.0,0
2015-02-24 13:13:00,1146.0,1146.0,1146.0,1146.0,0
2015-02-24 13:14:00,1146.0,1146.0,1146.0,1146.0,0
2015-02-24 13:15:00,1146.0,1146.0,1146.0,1146.0,0
2015-02-24 13:16:00,1146.0,1146.0,1146.0,1146.0,0
2015-02-24 13:17:00,1146.0,1146.0,1146.0,1146.0,0
2015-02-24 13:18:00,1146.0,1146.0,1146.0,1146.0,3
2015-02-24 13:19:00,1146.0,1146.0,1146.0,1146.0,0
2015-02-24 13:20:00,1146.0,1146.0,1146.0,1146.0,10
2015-02-24 13:21:00,1146.0,1146.0,1146.0,1146.0,0
2015-02-24 13:22:00,1146.0,1146.0,1146.0,1146.0,0
2015-02-24 13:23:00,1146.0,1146.0,1145.85,1145.85,1
2015-02-24 13:24:00,1145.85,1145.85,1145.85,1145.85,1
2015-02-24 13:25:00,1145.85,1145.85,1145.85,1145.85,0
2015-02-24 13:26:00,1145.85,1145.85,1145.85,1145.85,0
2015-02-24 13:27:00,1145.85,1145.85,1145.85,1145.85,0
2015-02-24 13:28:00,1145.85,1146.0,1145.85,1146.0,5
2015-02-24 13:29:00,1146.0,1146.0,1146.0,1146.0,0
2015-02-24 13:30:00,1145.85,1145.85,1145.85,1145.85,0
2015-02-24 13:31:00,1146.0,1146.0,1146.0,1146.0,0
2015-02-24 13:32:00,1146.0,1146.0,1146.0,1146.0,0
2015-02-24 13:33:00,1146.0,1146.0,1146.0,1146.0,0
2015-02-24 13:34:00,1146.0,1146.0,1146.0,1146.0,0
2015-02-24 13:35:00,1146.0,1146.0,1146.0,1146.0,0
2015-02-24 13:36:00,1146.0,1146.0,1146.0,1146.0,0
2015-02-24 13:37:00,1146.0,1148.0,1146.0,1148.0,120
2015-02-24 13:38:00,1148.0,1148.0,1147.75,1147.75,4
2015-02-24 13:39:00,1147.75,1147.75,1147.75,1147.75,0
2015-02-24 13:40:00,1148.0,1148.4,1148.0,1148.4,19
2015-02-24 13:41:00,1148.4,1148.4,1148.4,1148.4,0
2015-02-24 13:42:00,1148.4,1148.4,1148.4,1148.4,0
2015-02-24 13:43:00,1148.4,1148.4,1148.4,1148.4,0
2015-02-24 13:44:00,1148.4,1148.4,1148.4,1148.4,0
2015-02-24 13:45:00,1148.4,1148.5,1148.4,1148.5,25
2015-02-24 13:46:00,1148.5,1148.5,1148.2,1148.2,3
2015-02-24 13:47:00,1148.2,1148.2,1148.2,1148.2,0
2015-02-24 13:48:00,1148.2,1148.2,1148.2,1148.2,0
2015-02-24 13:49:00,1148.2,1148.2,1148.2,1148.2,0
2015-02-24 13:50:00,1148.5,1148.5,1148.5,1148.5,40
2015-02-24 13:51:00,1148.5,1148.5,1148.5,1148.5,0
2015-02-24 13:52:00,1148.2,1148.2,1148.2,1148.2,0
2015-02-24 13:53:00,1148.5,1148.5,1148.5,1148.5,35
2015-02-24 13:54:00,1148.5,1148.5,1148.5,1148.5,0
2015-02-24 13:55:00,1148.5,1148.5,1148.5,1148.5,0
2015-02-24 13:56:00,1148.5,1148.5,1148.5,1148.5,0
2015-02-24 13:57:00,1148.5,1148.5,1148.5,1148.5,0
2015-02-24 13:58:00,1148.5,1148.5,1148.5,1148.5,0
2015-02-24 13:59:00,1148.5,1148.65,1148.5,1148.5,25
2015-02-24 14:00:00,1148.5,1149.0,1148.5,1149.0,6
2015-02-24 14:01:00,1149.0,1149.0,1149.0,1149.0,0
2015-02-24 14:02:00,1149.0,1149.0,1145.4,1148.2,180
2015-02-24 14:03:00,1148.2,1148.2,1148.2,1148.2,0
2015-02-24 14:04:00,1148.2,1148.2,1148.2,1148.2,0
2015-02-24 14:05:00,1147.0,1147.0,1147.0,1147.0,5
2015-02-24 14:06:00,1147.0,1147.0,1147.0,1147.0,0
2015-02-24 14:07:00,1147.85,1147.85,1147.8,1147.8,11
2015-02-24 14:08:00,1147.8,1148.4,1147.8,1148.4,3
2015-02-24 14:09:00,1148.25,1149.0,1147.0,1147.0,110
2015-02-24 14:10:00,1147.0,1147.0,1147.0,1147.0,0
2015-02-24 14:11:00,1147.0,1147.0,1147.0,1147.0,0
2015-02-24 14:12:00,1147.0,1147.75,1147.0,1147.75,1
2015-02-24 14:13:00,1147.75,1147.75,1147.75,1147.75,0
2015-02-24 14:14:00,1147.75,1147.75,1147.75,1147.75,0
2015-02-24 14:15:00,1148.95,1148.95,1148.95,1148.95,10
2015-02-24 14:16:00,1148.95,1148.95,1148.95,1148.95,0
2015-02-24 14:17:00,1148.95,1148.95,1147.1,1147.1,6
2015-02-24 14:18:00,1147.1,1147.1,1147.1,1147.1,0
2015-02-24 14:19:00,1148.0,1148.0,1148.0,1148.0,5
2015-02-24 14:20:00,1148.0,1148.0,1148.0,1148.0,0
2015-02-24 14:21:00,1148.0,1148.0,1148.0,1148.0,0
2015-02-24 14:22:00,1148.0,1148.0,1148.0,1148.0,0
2015-02-24 14:23:00,1148.0,1148.0,1148.0,1148.0,0
2015-02-24 14:24:00,1148.0,1148.0,1148.0,1148.0,0
2015-02-24 14:25:00,1145.0,1145.0,1145.0,1145.0,159
2015-02-24 14:26:00,1145.0,1145.0,1145.0,1145.0,0
2015-02-24 14:27:00,1145.0,1145.0,1145.0,1145.0,0
2015-02-24 14:28:00,1145.0,1145.0,1145.0,1145.0,0
2015-02-24 14:29:00,1145.0,1145.0,1145.0,1145.0,0
2015-02-24 14:30:00,1145.0,1145.0,1145.0,1145.0,0
2015-02-24 14:31:00,1145.0,1145.0,1145.0,1145.0,0
2015-02-24 14:32:00,1145.0,1145.0,1145.0,1145.0,0
2015-02-24 14:33:00,1145.0,1148.95,1145.0,1148.95,1
2015-02-24 14:34:00,1148.95,1148.95,1148.95,1148.95,0
2015-02-24 14:35:00,1148.95,1148.95,1148.95,1148.95,0
2015-02-24 14:36:00,1148.95,1148.95,1148.95,1148.95,0
2015-02-24 14:37:00,1148.95,1148.95,1148.95,1148.95,0
2015-02-24 14:38:00,1148.95,1148.95,1148.95,1148.95,0
2015-02-24 14:39:00,1148.95,1148.95,1148.95,1148.95,0
2015-02-24 14:40:00,1148.95,1148.95,1148.95,1148.95,0
2015-02-24 14:41:00,1148.95,1148.95,1148.95,1148.95,0
2015-02-24 14:42:00,1148.95,1148.95,1148.95,1148.95,0
2015-02-24 14:43:00,1148.95,1148.95,1148.95,1148.95,0
2015-02-24 14:44:00,1148.95,1148.95,1146.0,1146.0,31
2015-02-24 14:45:00,1146.0,1146.0,1144.9,1144.9,2
2015-02-24 14:46:00,1144.9,1148.0,1144.9,1148.0,150
2015-02-24 14:47:00,1148.0,1148.0,1147.15,1147.15,1
2015-02-24 14:48:00,1145.2,1145.2,1145.2,1145.2,15
2015-02-24 14:49:00,1145.2,1145.2,1145.2,1145.2,0
2015-02-24 14:50:00,1145.5,1145.5,1145.5,1145.5,100
2015-02-24 14:51:00,1145.5,1145.5,1145.5,1145.5,0
2015-02-24 14:52:00,1145.5,1148.95,1145.5,1148.95,10
2015-02-24 14:53:00,1149.0,1149.95,1145.0,1145.0,238
2015-02-24 14:54:00,1145.0,1145.0,1145.0,1145.0,0
2015-02-24 14:55:00,1145.0,1145.0,1145.0,1145.0,0
2015-02-24 14:56:00,1145.95,1145.95,1145.5,1145.5,33
2015-02-24 14:57:00,1145.5,1145.5,1145.5,1145.5,0
2015-02-24 14:58:00,1145.5,1145.5,1145.5,1145.5,0
2015-02-24 14:59:00,1145.5,1145.5,1145.5,1145.5,0
2015-02-24 15:00:00,1145.5,1145.5,1145.5,1145.5,0
2015-02-24 15:01:00,1145.5,1149.45,1145.5,1149.45,5
2015-02-24 15:02:00,1149.45,1151.0,1146.25,1151.0,27
2015-02-24 15:03:00,1151.0,1152.6,1144.85,1144.85,425
2015-02-24 15:04:00,1144.85,1144.85,1144.85,1144.85,0
2015-02-24 15:05:00,1144.85,1144.85,1144.85,1144.85,0
2015-02-24 15:06:00,1144.85,1150.15,1144.85,1150.15,1
2015-02-24 15:07:00,1150.15,1150.15,1150.15,1150.15,0
2015-02-24 15:08:00,1150.15,1150.15,1150.15,1150.15,0
2015-02-24 15:09:00,1150.15,1150.15,1150.15,1150.15,0
2015-02-24 15:10:00,1150.15,1150.15,1150.15,1150.15,0
2015-02-24 15:11:00,1150.15,1150.15,1146.2,1146.2,5
2015-02-24 15:12:00,1149.0,1149.0,1149.0,1149.0,3
2015-02-24 15:13:00,1149.0,1149.0,1149.0,1149.0,0
2015-02-24 15:14:00,1149.0,1149.0,1149.0,1149.0,0
2015-02-24 15:15:00,1149.0,1149.0,1146.05,1149.0,11
2015-02-24 15:16:00,1149.0,1149.0,1146.0,1146.0,82
2015-02-24 15:17:00,1146.0,1150.2,1146.0,1150.2,75
2015-02-24 15:18:00,1150.2,1152.45,1150.2,1152.45,6
2015-02-24 15:19:00,1152.45,1152.45,1150.0,1150.0,94
2015-02-24 15:20:00,1150.0,1150.0,1146.0,1146.0,25
2015-02-24 15:21:00,1146.0,1146.0,1145.0,1145.0,21
2015-02-24 15:22:00,1145.0,1145.0,1140.0,1142.6,1048
2015-02-24 15:23:00,1142.65,1144.95,1142.65,1144.95,172
2015-02-24 15:24:00,1144.95,1146.05,1144.95,1146.05,7
2015-02-24 15:25:00,1146.05,1148.3,1146.05,1148.25,29
2015-02-24 15:26:00,1148.25,1148.25,1147.5,1147.5,3
2015-02-24 15:27:00,1147.5,1147.5,1147.5,1147.5,0
2015-02-24 15:28:00,1147.0,1147.0,1145.0,1145.0,141
2015-02-24 15:29:00,1145.0,1148.3,1142.05,1148.3,183
2015-02-25 09:15:00,1149.0,1149.0,1149.0,1149.0,51
2015-02-25 09:16:00,1149.0,1149.0,1148.35,1148.35,7
2015-02-25 09:17:00,1148.35,1148.35,1148.35,1148.35,0
2015-02-25 09:18:00,1151.95,1151.95,1151.95,1151.95,10
2015-02-25 09:19:00,1151.95,1151.95,1151.95,1151.95,0
2015-02-25 09:20:00,1150.0,1150.0,1150.0,1150.0,1
2015-02-25 09:21:00,1150.0,1150.0,1148.35,1148.35,10
2015-02-25 09:22:00,1148.35,1148.35,1146.0,1146.0,25
2015-02-25 09:23:00,1146.0,1146.0,1146.0,1146.0,0
2015-02-25 09:24:00,1146.0,1146.0,1146.0,1146.0,0
2015-02-25 09:25:00,1146.0,1146.0,1146.0,1146.0,0
2015-02-25 09:26:00,1146.0,1146.0,1146.0,1146.0,0
2015-02-25 09:27:00,1149.0,1152.0,1149.0,1152.0,32
2015-02-25 09:28:00,1152.0,1152.0,1152.0,1152.0,38
2015-02-25 09:29:00,1152.0,1152.0,1152.0,1152.0,0
2015-02-25 09:30:00,1152.0,1152.0,1152.0,1152.0,0
2015-02-25 09:31:00,1152.0,1152.0,1152.0,1152.0,0
2015-02-25 09:32:00,1151.95,1151.95,1151.95,1151.95,5
2015-02-25 09:33:00,1151.4,1152.05,1151.4,1152.05,52
2015-02-25 09:34:00,1152.05,1152.95,1152.0,1152.0,125
2015-02-25 09:35:00,1152.0,1152.0,1152.0,1152.0,0
2015-02-25 09:36:00,1152.0,1152.0,1144.4,1144.4,5
2015-02-25 09:37:00,1144.4,1144.4,1141.2,1141.2,1
2015-02-25 09:38:00,1141.2,1142.0,1141.2,1142.0,65
2015-02-25 09:39:00,1141.05,1141.05,1141.05,1141.05,5
2015-02-25 09:40:00,1142.0,1143.0,1141.0,1141.0,201
2015-02-25 09:41:00,1141.0,1145.25,1141.0,1145.25,1
2015-02-25 09:42:00,1145.25,1145.25,1145.25,1145.25,0
2015-02-25 09:43:00,1145.25,1145.25,1142.05,1142.05,5
2015-02-25 09:44:00,1142.05,1142.05,1142.05,1142.05,0
2015-02-25 09:45:00,1142.05,1142.05,1142.05,1142.05,0
2015-02-25 09:46:00,1145.25,1145.25,1145.25,1145.25,15
2015-02-25 09:47:00,1145.25,1145.25,1145.25,1145.25,0
2015-02-25 09:48:00,1142.0,1142.0,1142.0,1142.0,50
2015-02-25 09:49:00,1142.0,1142.0,1142.0,1142.0,0
2015-02-25 09:50:00,1142.0,1142.0,1142.0,1142.0,0
2015-02-25 09:51:00,1142.0,1142.0,1142.0,1142.0,0
2015-02-25 09:52:00,1142.0,1142.05,1142.0,1142.0,81
2015-02-25 09:53:00,1142.0,1142.0,1142.0,1142.0,10
2015-02-25 09:54:00,1142.0,1142.0,1140.0,1140.0,64
2015-02-25 09:55:00,1140.0,1140.0,1140.0,1140.0,0
2015-02-25 09:56:00,1140.0,1140.0,1140.0,1140.0,0
2015-02-25 09:57:00,1139.0,1139.0,1138.05,1138.05,35
2015-02-25 09:58:00,1138.05,1138.05,1138.05,1138.05,0
2015-02-25 09:59:00,1138.05,1138.05,1138.05,1138.05,0
2015-02-25 10:00:00,1138.05,1138.05,1138.05,1138.05,0
2015-02-25 10:01:00,1138.05,1138.05,1138.05,1138.05,0
2015-02-25 10:02:00,1138.05,1138.05,1138.05,1138.05,0
2015-02-25 10:03:00,1139.95,1139.95,1139.95,1139.95,42
2015-02-25 10:04:00,1139.95,1139.95,1139.95,1139.95,0
2015-02-25 10:05:00,1139.95,1139.95,1139.95,1139.95,0
2015-02-25 10:06:00,1139.95,1139.95,1139.95,1139.95,0
2015-02-25 10:07:00,1139.95,1139.95,1138.0,1138.0,1000
2015-02-25 10:08:00,1138.0,1138.0,1138.0,1138.0,0
2015-02-25 10:09:00,1138.0,1138.0,1138.0,1138.0,0
2015-02-25 10:10:00,1139.95,1150.0,1139.95,1150.0,224
2015-02-25 10:11:00,1150.0,1159.0,1149.8,1159.0,1167
2015-02-25 10:12:00,1159.0,1167.95,1159.0,1165.0,518
2015-02-25 10:13:00,1165.0,1170.0,1163.95,1165.3,294
2015-02-25 10:14:00,1166.15,1166.15,1163.95,1163.95,79
2015-02-25 10:15:00,1163.95,1163.95,1163.95,1163.95,4
2015-02-25 10:16:00,1163.95,1163.95,1150.0,1150.05,264
2015-02-25 10:17:00,1150.05,1150.05,1150.05,1150.05,0
2015-02-25 10:18:00,1150.05,1150.05,1149.95,1149.95,275
2015-02-25 10:19:00,1149.95,1152.55,1149.95,1150.0,49
2015-02-25 10:20:00,1150.0,1153.95,1150.0,1152.05,123
2015-02-25 10:21:00,1152.05,1152.05,1152.0,1152.0,12
2015-02-25 10:22:00,1152.0,1152.0,1150.0,1150.0,92
2015-02-25 10:23:00,1150.0,1150.0,1150.0,1150.0,0
2015-02-25 10:24:00,1150.0,1150.0,1142.45,1142.45,18
2015-02-25 10:25:00,1142.45,1142.45,1137.25,1140.0,183
2015-02-25 10:26:00,1140.0,1146.95,1140.0,1146.95,80
2015-02-25 10:27:00,1146.95,1146.95,1146.95,1146.95,5
2015-02-25 10:28:00,1146.95,1146.95,1146.95,1146.95,0
2015-02-25 10:29:00,1148.0,1152.0,1147.05,1152.0,125
2015-02-25 10:30:00,1152.0,1152.0,1152.0,1152.0,0
2015-02-25 10:31:00,1152.0,1153.95,1148.5,1151.95,66
2015-02-25 10:32:00,1151.95,1153.0,1151.95,1153.0,432
2015-02-25 10:33:00,1153.0,1153.0,1153.0,1153.0,0
2015-02-25 10:34:00,1153.0,1153.0,1152.45,1152.45,1
2015-02-25 10:35:00,1152.5,1153.0,1152.5,1153.0,136
2015-02-25 10:36:00,1153.0,1153.0,1153.0,1153.0,9
2015-02-25 10:37:00,1153.0,1153.0,1153.0,1153.0,1
2015-02-25 10:38:00,1153.0,1153.0,1153.0,1153.0,12
2015-02-25 10:39:00,1153.0,1153.0,1153.0,1153.0,50
2015-02-25 10:40:00,1153.0,1153.0,1153.0,1153.0,0
2015-02-25 10:41:00,1153.0,1153.0,1153.0,1153.0,86
2015-02-25 10:42:00,1153.0,1153.0,1153.0,1153.0,0
2015-02-25 10:43:00,1153.0,1156.95,1153.0,1156.95,11
2015-02-25 10:44:00,1156.95,1156.95,1156.95,1156.95,0
2015-02-25 10:45:00,1156.95,1159.0,1156.95,1159.0,12
2015-02-25 10:46:00,1159.0,1159.0,1159.0,1159.0,0
2015-02-25 10:47:00,1159.0,1159.0,1159.0,1159.0,0
2015-02-25 10:48:00,1159.0,1159.0,1157.15,1157.15,1
2015-02-25 10:49:00,1159.0,1159.0,1159.0,1159.0,20
2015-02-25 10:50:00,1159.0,1159.0,1159.0,1159.0,0
2015-02-25 10:51:00,1159.0,1159.0,1159.0,1159.0,0
2015-02-25 10:52:00,1159.0,1159.0,1159.0,1159.0,34
2015-02-25 10:53:00,1159.0,1159.35,1159.0,1159.0,44
2015-02-25 10:54:00,1159.0,1159.0,1157.0,1157.0,47
2015-02-25 10:55:00,1157.0,1157.0,1157.0,1157.0,0
2015-02-25 10:56:00,1157.0,1158.9,1157.0,1158.9,10
2015-02-25 10:57:00,1158.9,1158.9,1158.9,1158.9,0
2015-02-25 10:58:00,1159.15,1159.35,1159.0,1159.0,38
2015-02-25 10:59:00,1159.0,1159.0,1159.0,1159.0,0
2015-02-25 11:00:00,1159.0,1159.0,1159.0,1159.0,8
2015-02-25 11:01:00,1159.0,1159.0,1159.0,1159.0,0
2015-02-25 11:02:00,1159.0,1159.0,1159.0,1159.0,1
2015-02-25 11:03:00,1159.0,1159.0,1159.0,1159.0,0
2015-02-25 11:04:00,1159.0,1159.0,1159.0,1159.0,5
2015-02-25 11:05:00,1159.0,1159.0,1159.0,1159.0,0
2015-02-25 11:06:00,1159.0,1159.0,1159.0,1159.0,0
2015-02-25 11:07:00,1159.0,1159.0,1159.0,1159.0,6
2015-02-25 11:08:00,1159.0,1159.0,1159.0,1159.0,0
2015-02-25 11:09:00,1159.0,1159.0,1159.0,1159.0,1
2015-02-25 11:10:00,1159.0,1159.0,1159.0,1159.0,28
2015-02-25 11:11:00,1159.0,1159.0,1157.0,1157.0,25
2015-02-25 11:12:00,1157.0,1157.0,1157.0,1157.0,0
2015-02-25 11:13:00,1157.0,1157.0,1157.0,1157.0,0
2015-02-25 11:14:00,1157.0,1157.0,1157.0,1157.0,0
2015-02-25 11:15:00,1157.0,1157.0,1157.0,1157.0,0
2015-02-25 11:16:00,1157.0,1157.0,1157.0,1157.0,0
2015-02-25 11:17:00,1157.0,1157.0,1157.0,1157.0,0
2015-02-25 11:18:00,1157.0,1157.0,1157.0,1157.0,99
2015-02-25 11:19:00,1153.0,1153.0,1153.0,1153.0,10
2015-02-25 11:20:00,1153.0,1153.0,1153.0,1153.0,0
2015-02-25 11:21:00,1153.0,1153.0,1152.0,1152.0,50
2015-02-25 11:22:00,1150.0,1150.0,1150.0,1150.0,51
2015-02-25 11:23:00,1150.0,1150.0,1150.0,1150.0,0
2015-02-25 11:24:00,1150.0,1150.0,1150.0,1150.0,0
2015-02-25 11:25:00,1150.0,1150.0,1150.0,1150.0,0
2015-02-25 11:26:00,1150.0,1150.0,1150.0,1150.0,1
2015-02-25 11:27:00,1150.0,1150.0,1150.0,1150.0,0
2015-02-25 11:28:00,1150.0,1150.0,1150.0,1150.0,0
2015-02-25 11:29:00,1150.0,1150.0,1150.0,1150.0,0
2015-02-25 11:30:00,1150.2,1150.2,1150.2,1150.2,3
2015-02-25 11:31:00,1150.25,1150.25,1149.6,1149.6,8
2015-02-25 11:32:00,1149.6,1149.6,1149.6,1149.6,0
2015-02-25 11:33:00,1149.6,1149.6,1149.6,1149.6,0
2015-02-25 11:34:00,1149.6,1149.6,1149.6,1149.6,0
2015-02-25 11:35:00,1149.6,1149.6,1149.6,1149.6,0
2015-02-25 11:36:00,1149.6,1149.6,1149.6,1149.6,0
2015-02-25 11:37:00,1149.6,1149.6,1149.6,1149.6,0
2015-02-25 11:38:00,1149.6,1149.6,1149.6,1149.6,0
2015-02-25 11:39:00,1149.6,1149.6,1149.6,1149.6,0
2015-02-25 11:40:00,1149.6,1149.6,1149.6,1149.6,0
2015-02-25 11:41:00,1149.6,1149.6,1149.6,1149.6,0
2015-02-25 11:42:00,1149.6,1152.55,1149.6,1152.55,10
2015-02-25 11:43:00,1152.55,1152.55,1152.55,1152.55,0
2015-02-25 11:44:00,1152.55,1152.55,1152.55,1152.55,0
2015-02-25 11:45:00,1152.55,1152.55,1152.55,1152.55,0
2015-02-25 11:46:00,1152.55,1152.55,1152.55,1152.55,0
2015-02-25 11:47:00,1152.55,1152.55,1152.55,1152.55,0
2015-02-25 11:48:00,1152.55,1152.55,1152.55,1152.55,0
2015-02-25 11:49:00,1153.75,1153.75,1153.75,1153.75,10
2015-02-25 11:50:00,1153.75,1153.75,1152.0,1152.0,45
2015-02-25 11:51:00,1152.0,1152.0,1152.0,1152.0,0
2015-02-25 11:52:00,1152.0,1152.0,1152.0,1152.0,1
2015-02-25 11:53:00,1152.0,1152.0,1152.0,1152.0,0
2015-02-25 11:54:00,1152.0,1152.0,1152.0,1152.0,0
2015-02-25 11:55:00,1152.0,1152.0,1152.0,1152.0,0
2015-02-25 11:56:00,1152.0,1152.0,1152.0,1152.0,4
2015-02-25 11:57:00,1152.0,1152.0,1152.0,1152.0,0
2015-02-25 11:58:00,1152.0,1152.0,1152.0,1152.0,0
2015-02-25 11:59:00,1152.0,1152.0,1152.0,1152.0,15
2015-02-25 12:00:00,1152.0,1152.0,1152.0,1152.0,0
2015-02-25 12:01:00,1152.0,1152.0,1152.0,1152.0,0
2015-02-25 12:02:00,1152.0,1152.0,1152.0,1152.0,0
2015-02-25 12:03:00,1152.0,1152.0,1152.0,1152.0,0
2015-02-25 12:04:00,1152.0,1152.0,1152.0,1152.0,0
2015-02-25 12:05:00,1154.35,1154.35,1154.35,1154.35,5
2015-02-25 12:06:00,1154.35,1154.35,1154.35,1154.35,0
2015-02-25 12:07:00,1154.35,1154.35,1154.35,1154.35,0
2015-02-25 12:08:00,1153.2,1153.2,1153.2,1153.2,7
2015-02-25 12:09:00,1155.0,1155.0,1155.0,1155.0,2
2015-02-25 12:10:00,1155.0,1155.0,1155.0,1155.0,0
2015-02-25 12:11:00,1155.0,1155.0,1155.0,1155.0,0
2015-02-25 12:12:00,1155.0,1156.75,1155.0,1156.75,10
2015-02-25 12:13:00,1156.75,1156.75,1155.2,1155.2,10
2015-02-25 12:14:00,1155.15,1155.15,1155.0,1155.0,26
2015-02-25 12:15:00,1155.0,1155.0,1155.0,1155.0,0
2015-02-25 12:16:00,1155.0,1155.0,1155.0,1155.0,0
2015-02-25 12:17:00,1153.2,1153.2,1152.0,1152.0,30
2015-02-25 12:18:00,1152.0,1152.0,1152.0,1152.0,0
2015-02-25 12:19:00,1152.0,1152.0,1152.0,1152.0,0
2015-02-25 12:20:00,1152.0,1152.0,1152.0,1152.0,0
2015-02-25 12:21:00,1152.0,1152.0,1152.0,1152.0,0
2015-02-25 12:22:00,1152.0,1152.0,1152.0,1152.0,0
2015-02-25 12:23:00,1152.0,1152.0,1152.0,1152.0,0
2015-02-25 12:24:00,1152.0,1152.0,1152.0,1152.0,0
2015-02-25 12:25:00,1152.0,1152.0,1152.0,1152.0,0
2015-02-25 12:26:00,1153.25,1154.45,1153.25,1154.45,13
2015-02-25 12:27:00,1154.45,1154.45,1154.45,1154.45,0
2015-02-25 12:28:00,1154.45,1154.45,1154.45,1154.45,0
2015-02-25 12:29:00,1154.45,1154.45,1154.45,1154.45,0
2015-02-25 12:30:00,1154.45,1154.45,1154.45,1154.45,0
2015-02-25 12:31:00,1154.45,1154.45,1154.45,1154.45,0
2015-02-25 12:32:00,1154.45,1154.45,1154.45,1154.45,0
2015-02-25 12:33:00,1154.45,1154.45,1154.45,1154.45,0
2015-02-25 12:34:00,1154.45,1154.45,1154.45,1154.45,0
2015-02-25 12:35:00,1154.45,1154.45,1154.45,1154.45,0
2015-02-25 12:36:00,1154.45,1154.45,1154.45,1154.45,0
2015-02-25 12:37:00,1157.9,1157.9,1157.9,1157.9,30
2015-02-25 12:38:00,1155.05,1157.95,1155.05,1157.95,58
2015-02-25 12:39:00,1154.45,1154.45,1154.45,1154.45,10
2015-02-25 12:40:00,1154.45,1154.45,1154.45,1154.45,0
2015-02-25 12:41:00,1154.45,1154.45,1154.05,1154.05,10
2015-02-25 12:42:00,1154.05,1154.05,1154.05,1154.05,0
2015-02-25 12:43:00,1154.05,1154.05,1154.0,1154.0,30
2015-02-25 12:44:00,1154.0,1154.0,1154.0,1154.0,0
2015-02-25 12:45:00,1154.0,1154.0,1154.0,1154.0,0
2015-02-25 12:46:00,1154.0,1154.0,1154.0,1154.0,0
2015-02-25 12:47:00,1154.0,1154.0,1154.0,1154.0,0
2015-02-25 12:48:00,1154.0,1154.0,1154.0,1154.0,0
2015-02-25 12:49:00,1153.8,1153.8,1153.8,1153.8,10
2015-02-25 12:50:00,1153.8,1153.95,1153.8,1153.95,1
2015-02-25 12:51:00,1153.95,1153.95,1153.95,1153.95,6
2015-02-25 12:52:00,1153.95,1153.95,1153.95,1153.95,0
2015-02-25 12:53:00,1153.95,1153.95,1153.95,1153.95,0
2015-02-25 12:54:00,1153.95,1153.95,1153.95,1153.95,0
2015-02-25 12:55:00,1153.95,1153.95,1153.95,1153.95,0
2015-02-25 12:56:00,1153.95,1153.95,1153.95,1153.95,0
2015-02-25 12:57:00,1153.95,1153.95,1153.95,1153.95,0
2015-02-25 12:58:00,1153.95,1153.95,1153.95,1153.95,0
2015-02-25 12:59:00,1153.95,1155.0,1153.95,1155.0,2
2015-02-25 13:00:00,1154.0,1154.0,1153.8,1153.8,112
2015-02-25 13:01:00,1153.8,1154.0,1153.8,1154.0,5
2015-02-25 13:02:00,1154.0,1154.0,1154.0,1154.0,100
2015-02-25 13:03:00,1154.0,1154.0,1153.8,1153.8,55
2015-02-25 13:04:00,1153.8,1153.8,1153.8,1153.8,0
2015-02-25 13:05:00,1153.8,1153.8,1153.8,1153.8,76
2015-02-25 13:06:00,1153.8,1153.8,1153.8,1153.8,0
2015-02-25 13:07:00,1153.8,1153.8,1153.8,1153.8,0
2015-02-25 13:08:00,1154.0,1154.0,1154.0,1154.0,200
2015-02-25 13:09:00,1154.0,1154.0,1154.0,1154.0,0
2015-02-25 13:10:00,1154.0,1154.0,1154.0,1154.0,0
2015-02-25 13:11:00,1154.0,1154.0,1153.8,1153.8,50
2015-02-25 13:12:00,1153.8,1153.8,1153.8,1153.8,0
2015-02-25 13:13:00,1153.8,1153.8,1153.8,1153.8,65
2015-02-25 13:14:00,1153.8,1153.8,1153.8,1153.8,0
2015-02-25 13:15:00,1153.8,1153.8,1153.8,1153.8,0
2015-02-25 13:16:00,1153.8,1157.95,1153.8,1157.95,100
2015-02-25 13:17:00,1157.95,1157.95,1154.0,1154.0,15
2015-02-25 13:18:00,1154.0,1154.0,1154.0,1154.0,0
2015-02-25 13:19:00,1154.0,1154.0,1150.2,1150.2,236
2015-02-25 13:20:00,1150.2,1150.2,1150.2,1150.2,0
2015-02-25 13:21:00,1150.2,1150.2,1150.2,1150.2,0
2015-02-25 13:22:00,1149.95,1149.95,1149.95,1149.95,9
2015-02-25 13:23:00,1149.95,1149.95,1149.95,1149.95,0
2015-02-25 13:24:00,1149.95,1151.35,1149.95,1151.35,1
2015-02-25 13:25:00,1151.35,1151.35,1151.35,1151.35,0
2015-02-25 13:26:00,1151.35,1151.35,1151.35,1151.35,0
2015-02-25 13:27:00,1151.35,1153.15,1151.35,1153.15,5
2015-02-25 13:28:00,1153.15,1153.15,1150.0,1150.0,13
2015-02-25 13:29:00,1150.0,1150.0,1150.0,1150.0,0
2015-02-25 13:30:00,1150.0,1150.0,1150.0,1150.0,0
2015-02-25 13:31:00,1150.0,1150.0,1150.0,1150.0,0
2015-02-25 13:32:00,1150.0,1150.0,1150.0,1150.0,0
2015-02-25 13:33:00,1150.0,1150.0,1150.0,1150.0,0
2015-02-25 13:34:00,1150.0,1150.0,1150.0,1150.0,0
2015-02-25 13:35:00,1150.0,1150.0,1150.0,1150.0,0
2015-02-25 13:36:00,1150.0,1150.0,1148.0,1148.0,49
2015-02-25 13:37:00,1148.0,1150.0,1148.0,1150.0,60
2015-02-25 13:38:00,1150.0,1153.0,1150.0,1153.0,54
2015-02-25 13:39:00,1153.0,1153.0,1153.0,1153.0,0
2015-02-25 13:40:00,1153.0,1153.0,1153.0,1153.0,0
2015-02-25 13:41:00,1153.0,1153.0,1153.0,1153.0,0
2015-02-25 13:42:00,1153.0,1153.0,1153.0,1153.0,0
2015-02-25 13:43:00,1153.0,1153.0,1153.0,1153.0,0
2015-02-25 13:44:00,1153.0,1153.0,1153.0,1153.0,0
2015-02-25 13:45:00,1153.0,1153.0,1153.0,1153.0,0
2015-02-25 13:46:00,1151.0,1151.0,1151.0,1151.0,10
2015-02-25 13:47:00,1151.0,1151.0,1150.2,1150.2,76
2015-02-25 13:48:00,1150.2,1150.2,1150.2,1150.2,0
2015-02-25 13:49:00,1150.2,1150.2,1150.2,1150.2,0
2015-02-25 13:50:00,1150.2,1150.2,1150.2,1150.2,0
2015-02-25 13:51:00,1151.0,1151.0,1151.0,1151.0,5
2015-02-25 13:52:00,1151.0,1151.0,1151.0,1151.0,0
2015-02-25 13:53:00,1150.2,1150.2,1150.2,1150.2,20
2015-02-25 13:54:00,1150.2,1150.2,1150.2,1150.2,0
2015-02-25 13:55:00,1150.2,1150.2,1150.2,1150.2,0
2015-02-25 13:56:00,1150.95,1150.95,1150.95,1150.95,3
2015-02-25 13:57:00,1150.95,1150.95,1150.95,1150.95,0
2015-02-25 13:58:00,1150.95,1151.0,1150.95,1151.0,32
2015-02-25 13:59:00,1151.0,1151.0,1150.2,1150.2,23
2015-02-25 14:00:00,1150.2,1150.2,1145.0,1145.15,23
2015-02-25 14:01:00,1145.15,1145.15,1140.0,1140.0,455
2015-02-25 14:02:00,1139.0,1139.95,1139.0,1139.95,30
2015-02-25 14:03:00,1140.0,1140.0,1140.0,1140.0,4
2015-02-25 14:04:00,1140.0,1140.0,1140.0,1140.0,10
2015-02-25 14:05:00,1140.0,1140.0,1140.0,1140.0,0
2015-02-25 14:06:00,1140.0,1140.0,1140.0,1140.0,0
2015-02-25 14:07:00,1139.0,1139.0,1139.0,1139.0,2
2015-02-25 14:08:00,1137.95,1137.95,1137.25,1137.25,85
2015-02-25 14:09:00,1137.25,1137.95,1137.25,1137.5,2010
2015-02-25 14:10:00,1137.5,1137.5,1135.0,1135.0,208
2015-02-25 14:11:00,1135.0,1137.95,1135.0,1136.0,3
2015-02-25 14:12:00,1136.0,1136.0,1135.0,1135.0,62
2015-02-25 14:13:00,1135.0,1135.0,1135.0,1135.0,0
2015-02-25 14:14:00,1135.0,1135.0,1135.0,1135.0,0
2015-02-25 14:15:00,1135.0,1135.0,1135.0,1135.0,0
2015-02-25 14:16:00,1135.0,1135.0,1135.0,1135.0,0
2015-02-25 14:17:00,1135.0,1140.0,1135.0,1140.0,25
2015-02-25 14:18:00,1140.0,1140.0,1137.0,1137.0,12
2015-02-25 14:19:00,1137.0,1137.0,1135.35,1135.35,50
2015-02-25 14:20:00,1135.35,1135.35,1135.35,1135.35,0
2015-02-25 14:21:00,1135.35,1135.35,1135.35,1135.35,0
2015-02-25 14:22:00,1135.35,1135.35,1135.35,1135.35,0
2015-02-25 14:23:00,1135.35,1135.35,1135.35,1135.35,0
2015-02-25 14:24:00,1135.35,1138.55,1135.35,1138.55,2
2015-02-25 14:25:00,1138.7,1138.7,1138.7,1138.7,1
2015-02-25 14:26:00,1138.7,1141.35,1138.7,1141.35,4
2015-02-25 14:27:00,1141.35,1141.35,1141.35,1141.35,0
2015-02-25 14:28:00,1141.35,1141.35,1140.35,1140.35,2
2015-02-25 14:29:00,1140.35,1140.5,1140.35,1140.5,1
2015-02-25 14:30:00,1140.5,1140.5,1140.5,1140.5,0
2015-02-25 14:31:00,1140.5,1140.5,1138.15,1138.15,4
2015-02-25 14:32:00,1138.15,1138.15,1138.1,1138.1,30
2015-02-25 14:33:00,1138.1,1138.1,1135.6,1138.1,101
2015-02-25 14:34:00,1138.1,1138.1,1138.1,1138.1,0
2015-02-25 14:35:00,1135.05,1135.05,1135.05,1135.05,68
2015-02-25 14:36:00,1135.05,1135.05,1135.05,1135.05,0
2015-02-25 14:37:00,1135.05,1138.1,1135.05,1138.1,20
2015-02-25 14:38:00,1138.1,1141.0,1136.3,1138.8,68
2015-02-25 14:39:00,1138.8,1143.55,1138.8,1140.1,32
2015-02-25 14:40:00,1140.1,1140.1,1140.1,1140.1,0
2015-02-25 14:41:00,1140.1,1140.1,1140.1,1140.1,0
2015-02-25 14:42:00,1140.1,1140.1,1140.1,1140.1,0
2015-02-25 14:43:00,1140.1,1140.1,1140.1,1140.1,0
2015-02-25 14:44:00,1140.1,1140.65,1140.1,1140.65,5
2015-02-25 14:45:00,1140.65,1140.65,1140.65,1140.65,0
2015-02-25 14:46:00,1140.65,1140.65,1140.65,1140.65,0
2015-02-25 14:47:00,1140.65,1143.55,1140.65,1143.55,21
2015-02-25 14:48:00,1143.55,1144.95,1143.55,1144.95,9
2015-02-25 14:49:00,1145.0,1145.0,1145.0,1145.0,3
2015-02-25 14:50:00,1145.0,1145.0,1145.0,1145.0,0
2015-02-25 14:51:00,1145.0,1145.0,1145.0,1145.0,0
2015-02-25 14:52:00,1145.0,1145.0,1145.0,1145.0,0
2015-02-25 14:53:00,1145.0,1145.0,1145.0,1145.0,5
2015-02-25 14:54:00,1145.0,1145.0,1143.65,1143.65,1
2015-02-25 14:55:00,1143.65,1143.65,1143.65,1143.65,0
2015-02-25 14:56:00,1143.65,1143.65,1143.65,1143.65,0
2015-02-25 14:57:00,1143.65,1143.65,1143.65,1143.65,0
2015-02-25 14:58:00,1143.65,1143.65,1143.65,1143.65,0
2015-02-25 14:59:00,1143.05,1143.05,1143.05,1143.05,5
2015-02-25 15:00:00,1143.05,1143.05,1143.05,1143.05,0
2015-02-25 15:01:00,1143.0,1143.0,1142.95,1142.95,27
2015-02-25 15:02:00,1142.95,1142.95,1141.0,1141.0,15
2015-02-25 15:03:00,1141.0,1141.0,1141.0,1141.0,0
2015-02-25 15:04:00,1141.0,1143.05,1141.0,1143.05,38
2015-02-25 15:05:00,1143.05,1143.05,1143.05,1143.05,0
2015-02-25 15:06:00,1144.75,1146.6,1144.75,1145.05,256
2015-02-25 15:07:00,1145.05,1146.6,1145.05,1146.6,7
2015-02-25 15:08:00,1146.6,1146.6,1145.55,1145.55,16
2015-02-25 15:09:00,1145.55,1145.55,1145.0,1145.0,221
2015-02-25 15:10:00,1145.0,1145.0,1145.0,1145.0,82
2015-02-25 15:11:00,1145.0,1145.0,1145.0,1145.0,20
2015-02-25 15:12:00,1145.0,1145.0,1145.0,1145.0,10
2015-02-25 15:13:00,1145.0,1146.55,1145.0,1146.55,5
2015-02-25 15:14:00,1147.0,1150.05,1147.0,1150.05,122
2015-02-25 15:15:00,1150.0,1152.95,1150.0,1150.0,275
2015-02-25 15:16:00,1150.0,1150.0,1150.0,1150.0,40
2015-02-25 15:17:00,1150.0,1151.0,1150.0,1150.0,26
2015-02-25 15:18:00,1150.0,1150.0,1150.0,1150.0,25
2015-02-25 15:19:00,1150.0,1150.0,1150.0,1150.0,30
2015-02-25 15:20:00,1150.0,1153.95,1150.0,1153.9,137
2015-02-25 15:21:00,1153.9,1153.9,1153.0,1153.15,5
2015-02-25 15:22:00,1153.15,1153.15,1151.95,1151.95,117
2015-02-25 15:23:00,1151.95,1151.95,1149.5,1149.5,1
2015-02-25 15:24:00,1149.5,1151.0,1149.5,1151.0,11
2015-02-25 15:25:00,1149.95,1150.0,1149.95,1149.95,22
2015-02-25 15:26:00,1149.95,1150.0,1149.95,1150.0,36
2015-02-25 15:27:00,1150.0,1151.0,1146.05,1146.05,124
2015-02-25 15:28:00,1146.05,1152.0,1142.0,1142.0,206
2015-02-25 15:29:00,1142.0,1142.0,1141.55,1141.55,1
2015-02-26 09:15:00,1151.0,1152.0,1151.0,1151.95,16
2015-02-26 09:16:00,1151.95,1152.0,1151.95,1152.0,15
2015-02-26 09:17:00,1152.0,1152.0,1145.0,1145.0,100
2015-02-26 09:18:00,1145.0,1145.0,1145.0,1145.0,0
2015-02-26 09:19:00,1145.0,1145.55,1145.0,1145.55,10
2015-02-26 09:20:00,1145.55,1145.55,1145.55,1145.55,0
2015-02-26 09:21:00,1145.55,1145.55,1145.55,1145.55,0
2015-02-26 09:22:00,1145.55,1150.0,1145.55,1150.0,16
2015-02-26 09:23:00,1150.0,1152.0,1150.0,1152.0,20
2015-02-26 09:24:00,1152.0,1155.0,1152.0,1155.0,26
2015-02-26 09:25:00,1155.0,1159.0,1155.0,1159.0,73
2015-02-26 09:26:00,1159.0,1159.0,1159.0,1159.0,0
2015-02-26 09:27:00,1159.0,1159.0,1159.0,1159.0,0
2015-02-26 09:28:00,1156.75,1156.75,1152.65,1152.65,6
2015-02-26 09:29:00,1152.65,1152.65,1152.65,1152.65,0
2015-02-26 09:30:00,1152.65,1152.65,1152.65,1152.65,0
2015-02-26 09:31:00,1152.65,1152.65,1152.65,1152.65,0
2015-02-26 09:32:00,1154.95,1158.95,1154.95,1158.95,42
2015-02-26 09:33:00,1158.95,1158.95,1158.95,1158.95,0
2015-02-26 09:34:00,1156.2,1156.2,1156.2,1156.2,1
2015-02-26 09:35:00,1156.2,1156.2,1153.25,1153.25,10
2015-02-26 09:36:00,1153.25,1153.25,1153.25,1153.25,0
2015-02-26 09:37:00,1153.25,1153.25,1153.25,1153.25,0
2015-02-26 09:38:00,1153.25,1153.25,1153.2,1153.2,40
2015-02-26 09:39:00,1153.2,1153.2,1153.2,1153.2,0
2015-02-26 09:40:00,1153.2,1153.2,1153.2,1153.2,0
2015-02-26 09:41:00,1153.2,1153.2,1153.2,1153.2,0
2015-02-26 09:42:00,1153.2,1153.2,1153.2,1153.2,0
2015-02-26 09:43:00,1154.0,1154.0,1154.0,1154.0,5
2015-02-26 09:44:00,1154.0,1154.0,1154.0,1154.0,47
2015-02-26 09:45:00,1154.0,1154.0,1154.0,1154.0,0
2015-02-26 09:46:00,1154.0,1154.0,1154.0,1154.0,0
2015-02-26 09:47:00,1154.0,1157.95,1154.0,1157.95,5
2015-02-26 09:48:00,1157.95,1157.95,1157.95,1157.95,0
2015-02-26 09:49:00,1157.95,1157.95,1157.95,1157.95,0
2015-02-26 09:50:00,1157.95,1157.95,1157.95,1157.95,0
2015-02-26 09:51:00,1157.95,1157.95,1154.45,1154.45,1
2015-02-26 09:52:00,1154.45,1154.45,1154.45,1154.45,0
2015-02-26 09:53:00,1154.45,1154.45,1154.45,1154.45,0
2015-02-26 09:54:00,1154.45,1154.45,1154.45,1154.45,1
2015-02-26 09:55:00,1154.45,1154.45,1154.45,1154.45,0
2015-02-26 09:56:00,1154.0,1154.0,1154.0,1154.0,25
2015-02-26 09:57:00,1154.0,1154.0,1154.0,1154.0,3
2015-02-26 09:58:00,1154.0,1154.0,1154.0,1154.0,0
2015-02-26 09:59:00,1154.0,1154.0,1154.0,1154.0,0
2015-02-26 10:00:00,1154.0,1154.0,1154.0,1154.0,0
2015-02-26 10:01:00,1154.0,1155.0,1154.0,1154.0,31
2015-02-26 10:02:00,1154.0,1154.0,1154.0,1154.0,0
2015-02-26 10:03:00,1154.0,1154.0,1154.0,1154.0,0
2015-02-26 10:04:00,1154.0,1154.0,1154.0,1154.0,15
2015-02-26 10:05:00,1154.0,1154.0,1154.0,1154.0,0
2015-02-26 10:06:00,1154.0,1154.0,1154.0,1154.0,0
2015-02-26 10:07:00,1154.0,1154.0,1154.0,1154.0,0
2015-02-26 10:08:00,1154.0,1154.0,1154.0,1154.0,0
2015-02-26 10:09:00,1154.0,1154.0,1154.0,1154.0,0
2015-02-26 10:10:00,1154.0,1154.0,1154.0,1154.0,0
2015-02-26 10:11:00,1151.4,1151.4,1151.4,1151.4,3
2015-02-26 10:12:00,1151.4,1151.4,1151.4,1151.4,10
2015-02-26 10:13:00,1151.05,1151.05,1151.0,1151.0,22
2015-02-26 10:14:00,1151.0,1151.0,1145.0,1150.0,88
2015-02-26 10:15:00,1150.0,1150.0,1150.0,1150.0,0
2015-02-26 10:16:00,1150.0,1150.0,1150.0,1150.0,0
2015-02-26 10:17:00,1150.0,1150.0,1150.0,1150.0,0
2015-02-26 10:18:00,1150.0,1150.0,1150.0,1150.0,0
2015-02-26 10:19:00,1145.45,1145.45,1143.0,1143.0,141
2015-02-26 10:20:00,1143.0,1143.0,1143.0,1143.0,0
2015-02-26 10:21:00,1143.0,1143.0,1143.0,1143.0,0
2015-02-26 10:22:00,1143.0,1146.35,1143.0,1146.35,1
2015-02-26 10:23:00,1146.35,1146.35,1146.35,1146.35,0
2015-02-26 10:24:00,1146.35,1146.35,1146.35,1146.35,0
2015-02-26 10:25:00,1146.35,1147.0,1146.35,1147.0,16
2015-02-26 10:26:00,1147.0,1147.0,1147.0,1147.0,0
2015-02-26 10:27:00,1147.0,1147.0,1147.0,1147.0,0
2015-02-26 10:28:00,1147.0,1147.0,1147.0,1147.0,0
2015-02-26 10:29:00,1147.0,1147.0,1147.0,1147.0,0
2015-02-26 10:30:00,1147.0,1154.0,1147.0,1154.0,50
2015-02-26 10:31:00,1154.0,1154.0,1148.45,1148.45,22
2015-02-26 10:32:00,1148.45,1148.45,1148.45,1148.45,0
2015-02-26 10:33:00,1148.45,1148.45,1148.45,1148.45,0
2015-02-26 10:34:00,1148.45,1148.45,1148.45,1148.45,0
2015-02-26 10:35:00,1148.45,1148.45,1148.45,1148.45,0
2015-02-26 10:36:00,1148.45,1149.0,1148.45,1149.0,1
2015-02-26 10:37:00,1149.0,1149.0,1149.0,1149.0,0
2015-02-26 10:38:00,1149.0,1149.0,1149.0,1149.0,0
2015-02-26 10:39:00,1147.1,1147.1,1147.1,1147.1,1
2015-02-26 10:40:00,1147.1,1147.1,1147.1,1147.1,0
2015-02-26 10:41:00,1147.2,1147.2,1147.2,1147.2,2
2015-02-26 10:42:00,1147.2,1147.2,1147.1,1147.1,23
2015-02-26 10:43:00,1147.1,1147.1,1147.1,1147.1,0
2015-02-26 10:44:00,1147.1,1147.1,1147.1,1147.1,0
2015-02-26 10:45:00,1147.1,1147.1,1147.1,1147.1,5
2015-02-26 10:46:00,1147.1,1147.1,1147.1,1147.1,0
2015-02-26 10:47:00,1147.1,1147.1,1147.1,1147.1,0
2015-02-26 10:48:00,1147.1,1147.1,1147.1,1147.1,0
2015-02-26 10:49:00,1147.1,1147.1,1147.1,1147.1,100
2015-02-26 10:50:00,1145.0,1145.0,1142.0,1142.0,39
2015-02-26 10:51:00,1142.0,1142.0,1142.0,1142.0,0
2015-02-26 10:52:00,1142.0,1142.0,1142.0,1142.0,0
2015-02-26 10:53:00,1142.0,1142.0,1142.0,1142.0,0
2015-02-26 10:54:00,1142.0,1144.15,1142.0,1144.15,13
2015-02-26 10:55:00,1144.15,1146.95,1144.15,1146.95,12
2015-02-26 10:56:00,1146.95,1146.95,1146.95,1146.95,0
2015-02-26 10:57:00,1146.95,1146.95,1146.95,1146.95,0
2015-02-26 10:58:00,1146.95,1146.95,1146.95,1146.95,3
2015-02-26 10:59:00,1146.95,1146.95,1146.95,1146.95,0
2015-02-26 11:00:00,1146.95,1146.95,1146.95,1146.95,0
2015-02-26 11:01:00,1146.95,1146.95,1146.95,1146.95,0
2015-02-26 11:02:00,1146.95,1146.95,1146.95,1146.95,0
2015-02-26 11:03:00,1146.95,1146.95,1146.95,1146.95,0
2015-02-26 11:04:00,1146.95,1146.95,1146.95,1146.95,4
2015-02-26 11:05:00,1146.95,1146.95,1146.95,1146.95,0
2015-02-26 11:06:00,1146.95,1146.95,1146.95,1146.95,0
2015-02-26 11:07:00,1146.95,1146.95,1146.95,1146.95,0
2015-02-26 11:08:00,1146.95,1146.95,1146.95,1146.95,0
2015-02-26 11:09:00,1146.95,1146.95,1146.95,1146.95,0
2015-02-26 11:10:00,1146.95,1146.95,1146.95,1146.95,0
2015-02-26 11:11:00,1146.95,1146.95,1146.95,1146.95,0
2015-02-26 11:12:00,1146.95,1146.95,1146.95,1146.95,0
2015-02-26 11:13:00,1146.95,1146.95,1146.95,1146.95,0
2015-02-26 11:14:00,1146.95,1146.95,1146.95,1146.95,0
2015-02-26 11:15:00,1146.95,1146.95,1146.95,1146.95,0
2015-02-26 11:16:00,1146.95,1146.95,1146.95,1146.95,0
2015-02-26 11:17:00,1146.95,1146.95,1146.95,1146.95,0
2015-02-26 11:18:00,1146.95,1146.95,1144.8,1144.8,95
2015-02-26 11:19:00,1144.8,1145.0,1144.8,1145.0,115
2015-02-26 11:20:00,1142.75,1142.75,1140.0,1140.0,49
2015-02-26 11:21:00,1140.0,1140.0,1139.0,1139.0,11
2015-02-26 11:22:00,1139.0,1139.0,1139.0,1139.0,0
2015-02-26 11:23:00,1139.0,1139.0,1139.0,1139.0,0
2015-02-26 11:24:00,1139.0,1142.35,1139.0,1142.35,1
2015-02-26 11:25:00,1142.35,1142.35,1142.35,1142.35,0
2015-02-26 11:26:00,1142.35,1142.35,1142.35,1142.35,0
2015-02-26 11:27:00,1142.35,1142.35,1142.35,1142.35,0
2015-02-26 11:28:00,1142.35,1142.35,1142.35,1142.35,0
2015-02-26 11:29:00,1142.35,1142.35,1142.35,1142.35,0
2015-02-26 11:30:00,1142.35,1142.35,1142.35,1142.35,0
2015-02-26 11:31:00,1142.35,1142.35,1141.2,1141.2,2
2015-02-26 11:32:00,1142.4,1142.4,1137.0,1137.0,143
2015-02-26 11:33:00,1137.0,1138.2,1137.0,1138.2,5
2015-02-26 11:34:00,1138.2,1138.2,1138.2,1138.2,0
2015-02-26 11:35:00,1138.2,1138.2,1138.2,1138.2,0
2015-02-26 11:36:00,1138.2,1138.2,1136.4,1136.4,117
2015-02-26 11:37:00,1136.4,1137.55,1131.2,1132.6,242
2015-02-26 11:38:00,1132.6,1132.95,1132.6,1132.95,2
2015-02-26 11:39:00,1132.95,1132.95,1131.8,1131.8,1
2015-02-26 11:40:00,1131.8,1139.35,1131.8,1139.35,80
2015-02-26 11:41:00,1139.35,1139.35,1139.35,1139.35,0
2015-02-26 11:42:00,1139.35,1139.35,1139.35,1139.35,0
2015-02-26 11:43:00,1139.35,1139.35,1139.35,1139.35,0
2015-02-26 11:44:00,1139.35,1139.35,1136.95,1136.95,5
2015-02-26 11:45:00,1136.95,1136.95,1135.5,1135.5,21
2015-02-26 11:46:00,1135.5,1136.5,1135.5,1136.5,20
2015-02-26 11:47:00,1136.5,1136.5,1136.5,1136.5,0
2015-02-26 11:48:00,1136.5,1136.5,1136.5,1136.5,0
2015-02-26 11:49:00,1136.5,1136.5,1136.5,1136.5,0
2015-02-26 11:50:00,1139.0,1140.0,1139.0,1140.0,36
2015-02-26 11:51:00,1140.0,1140.0,1138.95,1138.95,1
2015-02-26 11:52:00,1140.5,1140.5,1140.5,1140.5,27
2015-02-26 11:53:00,1140.5,1140.5,1136.6,1136.6,65
2015-02-26 11:54:00,1136.6,1139.35,1136.6,1139.35,10
2015-02-26 11:55:00,1139.35,1139.35,1138.75,1138.75,1
2015-02-26 11:56:00,1138.75,1138.75,1138.75,1138.75,0
2015-02-26 11:57:00,1138.75,1138.75,1138.75,1138.75,0
2015-02-26 11:58:00,1138.75,1138.75,1138.1,1138.1,23
2015-02-26 11:59:00,1138.2,1138.2,1136.65,1136.65,63
2015-02-26 12:00:00,1136.65,1136.65,1136.65,1136.65,0
2015-02-26 12:01:00,1136.65,1136.65,1136.65,1136.65,0
2015-02-26 12:02:00,1136.65,1136.65,1136.6,1136.6,22
2015-02-26 12:03:00,1136.6,1136.6,1136.6,1136.6,0
2015-02-26 12:04:00,1136.6,1136.6,1136.6,1136.6,0
2015-02-26 12:05:00,1136.6,1136.6,1136.6,1136.6,0
2015-02-26 12:06:00,1136.6,1136.6,1136.6,1136.6,0
2015-02-26 12:07:00,1136.6,1136.6,1136.6,1136.6,0
2015-02-26 12:08:00,1136.6,1136.6,1136.6,1136.6,0
2015-02-26 12:09:00,1136.6,1136.6,1136.6,1136.6,0
2015-02-26 12:10:00,1136.6,1136.6,1132.4,1132.4,163
2015-02-26 12:11:00,1134.95,1134.95,1132.0,1132.0,349
2015-02-26 12:12:00,1132.0,1132.0,1132.0,1132.0,0
2015-02-26 12:13:00,1132.0,1132.0,1130.9,1130.9,5
2015-02-26 12:14:00,1130.45,1135.15,1130.45,1135.15,50
2015-02-26 12:15:00,1135.15,1135.15,1135.15,1135.15,0
2015-02-26 12:16:00,1135.15,1135.15,1135.15,1135.15,0
2015-02-26 12:17:00,1135.15,1135.15,1135.15,1135.15,0
2015-02-26 12:18:00,1135.15,1135.15,1135.15,1135.15,0
2015-02-26 12:19:00,1135.15,1135.15,1135.15,1135.15,0
2015-02-26 12:20:00,1135.15,1135.15,1135.15,1135.15,0
2015-02-26 12:21:00,1134.0,1134.0,1134.0,1134.0,13
2015-02-26 12:22:00,1134.0,1134.0,1134.0,1134.0,0
2015-02-26 12:23:00,1134.0,1134.0,1134.0,1134.0,0
2015-02-26 12:24:00,1134.0,1134.0,1134.0,1134.0,15
2015-02-26 12:25:00,1134.0,1134.0,1134.0,1134.0,20
2015-02-26 12:26:00,1134.0,1134.0,1134.0,1134.0,0
2015-02-26 12:27:00,1134.0,1134.0,1134.0,1134.0,0
2015-02-26 12:28:00,1134.0,1134.0,1134.0,1134.0,0
2015-02-26 12:29:00,1134.0,1134.05,1134.0,1134.05,5
2015-02-26 12:30:00,1134.05,1134.05,1134.05,1134.05,0
2015-02-26 12:31:00,1134.05,1134.05,1134.05,1134.05,0
2015-02-26 12:32:00,1134.05,1134.05,1134.05,1134.05,0
2015-02-26 12:33:00,1134.05,1134.05,1134.05,1134.05,1
2015-02-26 12:34:00,1134.05,1134.05,1134.05,1134.05,0
2015-02-26 12:35:00,1134.05,1134.05,1134.05,1134.05,0
2015-02-26 12:36:00,1134.05,1134.05,1134.05,1134.05,0
2015-02-26 12:37:00,1134.05,1134.05,1134.05,1134.05,0
2015-02-26 12:38:00,1134.05,1134.05,1134.05,1134.05,0
2015-02-26 12:39:00,1134.05,1134.05,1134.05,1134.05,0
2015-02-26 12:40:00,1134.05,1134.05,1134.05,1134.05,0
2015-02-26 12:41:00,1134.05,1136.0,1134.05,1136.0,17
2015-02-26 12:42:00,1136.0,1136.0,1136.0,1136.0,0
2015-02-26 12:43:00,1136.0,1136.0,1136.0,1136.0,0
2015-02-26 12:44:00,1136.0,1136.0,1136.0,1136.0,0
2015-02-26 12:45:00,1136.0,1136.0,1134.5,1134.5,16
2015-02-26 12:46:00,1134.5,1134.5,1134.5,1134.5,0
2015-02-26 12:47:00,1134.5,1134.5,1134.5,1134.5,0
2015-02-26 12:48:00,1134.5,1134.5,1134.5,1134.5,0
2015-02-26 12:49:00,1134.5,1134.5,1134.5,1134.5,0
2015-02-26 12:50:00,1134.5,1134.5,1134.5,1134.5,0
2015-02-26 12:51:00,1134.5,1134.5,1134.5,1134.5,0
2015-02-26 12:52:00,1134.5,1134.5,1134.5,1134.5,3
2015-02-26 12:53:00,1134.5,1134.5,1133.5,1133.5,10
2015-02-26 12:54:00,1133.5,1133.5,1133.5,1133.5,0
2015-02-26 12:55:00,1133.5,1133.5,1133.5,1133.5,0
2015-02-26 12:56:00,1133.5,1133.5,1133.5,1133.5,0
2015-02-26 12:57:00,1133.5,1133.5,1133.5,1133.5,0
2015-02-26 12:58:00,1133.5,1133.5,1133.5,1133.5,0
2015-02-26 12:59:00,1133.5,1133.5,1133.5,1133.5,27
2015-02-26 13:00:00,1133.5,1133.5,1133.5,1133.5,0
2015-02-26 13:01:00,1133.5,1133.95,1133.5,1133.95,2
2015-02-26 13:02:00,1133.95,1133.95,1133.95,1133.95,0
2015-02-26 13:03:00,1133.95,1133.95,1133.5,1133.5,10
2015-02-26 13:04:00,1133.5,1133.5,1133.5,1133.5,1
2015-02-26 13:05:00,1133.5,1133.5,1133.5,1133.5,1
2015-02-26 13:06:00,1133.5,1133.5,1133.5,1133.5,0
2015-02-26 13:07:00,1133.5,1133.5,1133.5,1133.5,0
2015-02-26 13:08:00,1133.5,1133.5,1133.5,1133.5,0
2015-02-26 13:09:00,1133.5,1133.5,1133.5,1133.5,0
2015-02-26 13:10:00,1133.5,1133.95,1133.5,1133.95,7
2015-02-26 13:11:00,1136.0,1136.0,1136.0,1136.0,19
2015-02-26 13:12:00,1136.0,1136.0,1136.0,1136.0,0
2015-02-26 13:13:00,1136.0,1136.0,1136.0,1136.0,0
2015-02-26 13:14:00,1136.0,1136.0,1136.0,1136.0,0
2015-02-26 13:15:00,1136.0,1136.0,1136.0,1136.0,0
2015-02-26 13:16:00,1136.0,1136.0,1136.0,1136.0,0
2015-02-26 13:17:00,1136.0,1136.0,1136.0,1136.0,0
2015-02-26 13:18:00,1136.0,1136.0,1136.0,1136.0,0
2015-02-26 13:19:00,1136.0,1136.0,1136.0,1136.0,0
2015-02-26 13:20:00,1136.0,1136.0,1136.0,1136.0,0
2015-02-26 13:21:00,1136.0,1136.0,1136.0,1136.0,0
2015-02-26 13:22:00,1136.0,1136.0,1136.0,1136.0,0
2015-02-26 13:23:00,1136.0,1136.0,1136.0,1136.0,0
2015-02-26 13:24:00,1135.9,1135.9,1135.9,1135.9,1
2015-02-26 13:25:00,1135.9,1135.9,1135.9,1135.9,0
2015-02-26 13:26:00,1135.9,1135.9,1135.9,1135.9,0
2015-02-26 13:27:00,1135.2,1135.2,1135.2,1135.2,1
2015-02-26 13:28:00,1135.2,1135.2,1135.2,1135.2,0
2015-02-26 13:29:00,1135.2,1135.85,1135.2,1135.85,6
2015-02-26 13:30:00,1135.85,1135.9,1135.85,1135.9,18
2015-02-26 13:31:00,1135.9,1135.9,1135.9,1135.9,0
2015-02-26 13:32:00,1134.0,1134.0,1134.0,1134.0,106
2015-02-26 13:33:00,1135.2,1135.2,1135.2,1135.2,2
2015-02-26 13:34:00,1135.2,1135.2,1134.0,1134.0,10
2015-02-26 13:35:00,1134.0,1134.0,1134.0,1134.0,0
2015-02-26 13:36:00,1135.2,1135.2,1135.2,1135.2,0
2015-02-26 13:37:00,1134.0,1134.0,1134.0,1134.0,0
2015-02-26 13:38:00,1134.0,1134.0,1134.0,1134.0,0
2015-02-26 13:39:00,1134.0,1134.0,1134.0,1134.0,0
2015-02-26 13:40:00,1134.0,1134.0,1134.0,1134.0,25
2015-02-26 13:41:00,1134.0,1134.0,1134.0,1134.0,0
2015-02-26 13:42:00,1134.0,1134.0,1134.0,1134.0,0
2015-02-26 13:43:00,1134.0,1134.0,1134.0,1134.0,0
2015-02-26 13:44:00,1134.0,1134.0,1134.0,1134.0,2
2015-02-26 13:45:00,1134.0,1134.0,1134.0,1134.0,0
2015-02-26 13:46:00,1134.0,1134.0,1134.0,1134.0,10
2015-02-26 13:47:00,1134.0,1134.0,1134.0,1134.0,0
2015-02-26 13:48:00,1134.0,1134.0,1134.0,1134.0,0
2015-02-26 13:49:00,1134.0,1134.0,1134.0,1134.0,0
2015-02-26 13:50:00,1134.0,1135.5,1134.0,1135.5,50
2015-02-26 13:51:00,1135.5,1135.5,1135.5,1135.5,31
2015-02-26 13:52:00,1135.5,1135.5,1135.5,1135.5,0
2015-02-26 13:53:00,1135.5,1135.5,1135.5,1135.5,0
2015-02-26 13:54:00,1135.5,1135.5,1135.5,1135.5,0
2015-02-26 13:55:00,1135.5,1135.5,1135.5,1135.5,0
2015-02-26 13:56:00,1135.5,1135.5,1135.5,1135.5,0
2015-02-26 13:57:00,1135.5,1135.5,1135.5,1135.5,0
2015-02-26 13:58:00,1135.5,1135.5,1135.5,1135.5,0
2015-02-26 13:59:00,1135.5,1135.5,1135.5,1135.5,0
2015-02-26 14:00:00,1134.0,1135.0,1134.0,1135.0,121
2015-02-26 14:01:00,1135.0,1135.0,1135.0,1135.0,0
2015-02-26 14:02:00,1135.0,1135.0,1135.0,1135.0,0
2015-02-26 14:03:00,1135.0,1135.0,1135.0,1135.0,0
2015-02-26 14:04:00,1135.0,1135.0,1135.0,1135.0,0
2015-02-26 14:05:00,1135.0,1135.0,1135.0,1135.0,0
2015-02-26 14:06:00,1135.0,1135.0,1135.0,1135.0,0
2015-02-26 14:07:00,1136.0,1136.0,1136.0,1136.0,25
2015-02-26 14:08:00,1136.0,1136.0,1134.0,1134.0,10
2015-02-26 14:09:00,1134.0,1134.0,1134.0,1134.0,0
2015-02-26 14:10:00,1134.0,1135.75,1134.0,1135.75,2
2015-02-26 14:11:00,1135.2,1135.2,1135.2,1135.2,3
2015-02-26 14:12:00,1135.2,1135.2,1135.2,1135.2,0
2015-02-26 14:13:00,1135.2,1135.2,1135.2,1135.2,0
2015-02-26 14:14:00,1135.2,1135.2,1135.2,1135.2,0
2015-02-26 14:15:00,1134.1,1134.1,1134.1,1134.1,4
2015-02-26 14:16:00,1134.1,1134.1,1134.1,1134.1,0
2015-02-26 14:17:00,1134.1,1134.1,1134.1,1134.1,0
2015-02-26 14:18:00,1134.1,1134.2,1134.1,1134.2,4
2015-02-26 14:19:00,1134.2,1134.2,1134.2,1134.2,0
2015-02-26 14:20:00,1134.2,1134.2,1134.2,1134.2,0
2015-02-26 14:21:00,1134.2,1134.2,1134.2,1134.2,0
2015-02-26 14:22:00,1134.2,1136.0,1134.2,1136.0,23
2015-02-26 14:23:00,1136.0,1136.0,1136.0,1136.0,0
2015-02-26 14:24:00,1138.8,1143.6,1138.8,1140.0,93
2015-02-26 14:25:00,1140.0,1143.6,1140.0,1143.6,9
2015-02-26 14:26:00,1143.6,1143.6,1143.6,1143.6,0
2015-02-26 14:27:00,1143.6,1143.6,1143.6,1143.6,0
2015-02-26 14:28:00,1143.6,1143.6,1143.6,1143.6,0
2015-02-26 14:29:00,1143.6,1143.6,1143.6,1143.6,0
2015-02-26 14:30:00,1143.6,1143.6,1143.6,1143.6,0
2015-02-26 14:31:00,1143.6,1143.6,1143.6,1143.6,0
2015-02-26 14:32:00,1143.6,1143.6,1143.6,1143.6,0
2015-02-26 14:33:00,1143.6,1143.6,1143.6,1143.6,0
2015-02-26 14:34:00,1143.6,1143.6,1143.6,1143.6,0
2015-02-26 14:35:00,1143.6,1143.6,1143.6,1143.6,0
2015-02-26 14:36:00,1143.6,1143.6,1143.6,1143.6,0
2015-02-26 14:37:00,1143.6,1143.6,1143.6,1143.6,0
2015-02-26 14:38:00,1143.6,1143.6,1143.6,1143.6,0
2015-02-26 14:39:00,1143.6,1143.6,1143.6,1143.6,0
2015-02-26 14:40:00,1143.6,1143.6,1143.6,1143.6,0
2015-02-26 14:41:00,1143.6,1143.6,1143.6,1143.6,0
2015-02-26 14:42:00,1143.6,1143.6,1143.6,1143.6,0
2015-02-26 14:43:00,1143.6,1143.6,1140.7,1140.7,9
2015-02-26 14:44:00,1140.7,1140.7,1140.7,1140.7,6
2015-02-26 14:45:00,1142.95,1142.95,1138.0,1138.0,68
2015-02-26 14:46:00,1138.0,1141.9,1138.0,1141.85,138
2015-02-26 14:47:00,1141.85,1141.85,1141.85,1141.85,0
2015-02-26 14:48:00,1141.85,1141.85,1141.85,1141.85,0
2015-02-26 14:49:00,1141.85,1141.85,1141.85,1141.85,0
2015-02-26 14:50:00,1141.85,1141.85,1141.85,1141.85,0
2015-02-26 14:51:00,1141.85,1141.85,1135.0,1135.0,42
2015-02-26 14:52:00,1135.0,1135.0,1134.95,1134.95,5
2015-02-26 14:53:00,1134.95,1134.95,1134.95,1134.95,0
2015-02-26 14:54:00,1134.95,1134.95,1134.95,1134.95,0
2015-02-26 14:55:00,1130.0,1130.0,1127.15,1127.15,512
2015-02-26 14:56:00,1127.15,1128.95,1125.0,1128.95,413
2015-02-26 14:57:00,1128.95,1129.05,1126.4,1126.4,4
2015-02-26 14:58:00,1126.4,1132.75,1126.4,1130.05,21
2015-02-26 14:59:00,1130.05,1130.05,1130.05,1130.05,12
2015-02-26 15:00:00,1130.05,1132.75,1130.05,1132.75,1
2015-02-26 15:01:00,1132.75,1132.75,1132.75,1132.75,0
2015-02-26 15:02:00,1132.75,1132.75,1130.0,1130.0,19
2015-02-26 15:03:00,1130.0,1130.0,1130.0,1130.0,38
2015-02-26 15:04:00,1130.0,1130.0,1130.0,1130.0,5
2015-02-26 15:05:00,1130.0,1130.0,1130.0,1130.0,0
2015-02-26 15:06:00,1130.0,1130.0,1130.0,1130.0,0
2015-02-26 15:07:00,1130.0,1131.2,1130.0,1131.2,2
2015-02-26 15:08:00,1131.2,1132.0,1131.2,1132.0,300
2015-02-26 15:09:00,1132.0,1132.0,1128.05,1128.95,83
2015-02-26 15:10:00,1128.95,1128.95,1128.95,1128.95,0
2015-02-26 15:11:00,1128.95,1128.95,1128.95,1128.95,0
2015-02-26 15:12:00,1130.95,1130.95,1130.95,1130.95,3
2015-02-26 15:13:00,1130.95,1130.95,1128.95,1128.95,9
2015-02-26 15:14:00,1129.3,1133.05,1129.3,1133.05,24
2015-02-26 15:15:00,1133.05,1134.0,1133.05,1134.0,6
2015-02-26 15:16:00,1134.0,1134.0,1134.0,1134.0,97
2015-02-26 15:17:00,1136.55,1136.55,1135.55,1135.55,73
2015-02-26 15:18:00,1135.55,1135.55,1135.55,1135.55,0
2015-02-26 15:19:00,1135.55,1144.0,1135.55,1139.0,149
2015-02-26 15:20:00,1139.0,1145.0,1139.0,1145.0,102
2015-02-26 15:21:00,1145.0,1145.0,1141.05,1141.05,49
2015-02-26 15:22:00,1144.0,1145.0,1144.0,1145.0,76
2015-02-26 15:23:00,1145.0,1145.0,1141.1,1141.1,12
2015-02-26 15:24:00,1141.1,1141.1,1141.1,1141.1,2
2015-02-26 15:25:00,1141.1,1141.1,1141.1,1141.1,0
2015-02-26 15:26:00,1141.1,1141.1,1134.55,1134.55,44
2015-02-26 15:27:00,1134.55,1134.55,1134.0,1134.0,88
2015-02-26 15:28:00,1130.0,1130.0,1130.0,1130.0,7
2015-02-26 15:29:00,1130.0,1133.0,1130.0,1133.0,3
2015-02-27 09:15:00,1133.0,1133.0,1133.0,1133.0,0
2015-02-27 09:16:00,1133.0,1133.0,1133.0,1133.0,0
2015-02-27 09:17:00,1133.0,1133.0,1133.0,1133.0,0
2015-02-27 09:18:00,1133.0,1133.0,1133.0,1133.0,0
2015-02-27 09:19:00,1139.45,1139.45,1139.45,1139.45,5
2015-02-27 09:20:00,1139.45,1140.0,1134.0,1140.0,68
2015-02-27 09:21:00,1140.0,1142.4,1140.0,1142.4,27
2015-02-27 09:22:00,1142.4,1142.4,1142.35,1142.35,1
2015-02-27 09:23:00,1142.35,1142.35,1142.35,1142.35,0
2015-02-27 09:24:00,1142.35,1142.35,1142.35,1142.35,0
2015-02-27 09:25:00,1142.35,1142.35,1142.35,1142.35,0
2015-02-27 09:26:00,1142.35,1142.35,1142.35,1142.35,0
2015-02-27 09:27:00,1142.35,1145.4,1142.35,1145.4,10
2015-02-27 09:28:00,1145.4,1145.75,1145.4,1145.75,3
2015-02-27 09:29:00,1145.75,1145.75,1145.75,1145.75,0
2015-02-27 09:30:00,1145.75,1145.85,1145.75,1145.85,1
2015-02-27 09:31:00,1145.85,1145.85,1145.45,1145.45,5
2015-02-27 09:32:00,1145.45,1147.45,1145.45,1147.45,1
2015-02-27 09:33:00,1147.45,1147.45,1147.45,1147.45,0
2015-02-27 09:34:00,1147.45,1147.45,1147.45,1147.45,0
2015-02-27 09:35:00,1147.45,1147.45,1147.45,1147.45,0
2015-02-27 09:36:00,1147.45,1147.45,1146.95,1146.95,1
2015-02-27 09:37:00,1146.95,1147.0,1146.95,1147.0,1
2015-02-27 09:38:00,1147.0,1147.0,1146.85,1146.85,12
2015-02-27 09:39:00,1145.0,1145.0,1145.0,1145.0,22
2015-02-27 09:40:00,1145.0,1145.45,1145.0,1145.45,1
2015-02-27 09:41:00,1145.45,1146.0,1142.4,1146.0,59
2015-02-27 09:42:00,1146.0,1146.0,1145.45,1145.5,11
2015-02-27 09:43:00,1145.5,1145.5,1145.5,1145.5,21
2015-02-27 09:44:00,1145.5,1145.5,1145.5,1145.5,0
2015-02-27 09:45:00,1145.5,1145.5,1145.5,1145.5,5
2015-02-27 09:46:00,1145.5,1145.5,1145.5,1145.5,0
2015-02-27 09:47:00,1145.5,1145.5,1145.5,1145.5,0
2015-02-27 09:48:00,1145.5,1145.5,1145.5,1145.5,0
2015-02-27 09:49:00,1145.5,1145.5,1145.5,1145.5,0
2015-02-27 09:50:00,1145.5,1145.5,1145.5,1145.5,0
2015-02-27 09:51:00,1145.5,1145.5,1145.5,1145.5,0
2015-02-27 09:52:00,1145.5,1145.5,1145.5,1145.5,0
2015-02-27 09:53:00,1145.5,1145.5,1145.5,1145.5,0
2015-02-27 09:54:00,1145.5,1145.5,1145.5,1145.5,0
2015-02-27 09:55:00,1145.5,1145.5,1145.5,1145.5,0
2015-02-27 09:56:00,1145.5,1145.5,1145.5,1145.5,0
2015-02-27 09:57:00,1145.5,1145.5,1145.5,1145.5,0
2015-02-27 09:58:00,1145.5,1145.5,1145.5,1145.5,0
2015-02-27 09:59:00,1145.5,1145.5,1145.5,1145.5,0
2015-02-27 10:00:00,1144.45,1144.45,1144.45,1144.45,10
2015-02-27 10:01:00,1144.45,1144.45,1144.45,1144.45,0
2015-02-27 10:02:00,1145.5,1145.5,1145.5,1145.5,0
2015-02-27 10:03:00,1144.45,1144.45,1144.45,1144.45,0
2015-02-27 10:04:00,1144.45,1144.45,1141.95,1141.95,22
2015-02-27 10:05:00,1141.95,1141.95,1141.95,1141.95,0
2015-02-27 10:06:00,1141.95,1141.95,1141.95,1141.95,0
2015-02-27 10:07:00,1141.95,1143.6,1141.95,1143.6,26
2015-02-27 10:08:00,1143.6,1143.6,1143.6,1143.6,0
2015-02-27 10:09:00,1143.6,1143.6,1143.6,1143.6,0
2015-02-27 10:10:00,1143.6,1143.6,1143.6,1143.6,0
2015-02-27 10:11:00,1143.6,1143.6,1143.6,1143.6,0
2015-02-27 10:12:00,1143.6,1143.6,1143.6,1143.6,0
2015-02-27 10:13:00,1143.6,1143.6,1143.6,1143.6,0
2015-02-27 10:14:00,1143.6,1143.6,1143.6,1143.6,0
2015-02-27 10:15:00,1143.6,1143.6,1143.6,1143.6,0
2015-02-27 10:16:00,1145.35,1145.35,1145.35,1145.35,1
2015-02-27 10:17:00,1144.2,1144.2,1144.2,1144.2,12
2015-02-27 10:18:00,1144.2,1146.0,1144.15,1146.0,75
2015-02-27 10:19:00,1147.95,1147.95,1146.65,1146.65,78
2015-02-27 10:20:00,1146.65,1146.65,1146.65,1146.65,0
2015-02-27 10:21:00,1146.65,1146.65,1146.65,1146.65,0
2015-02-27 10:22:00,1146.65,1146.65,1146.65,1146.65,0
2015-02-27 10:23:00,1146.65,1146.65,1146.65,1146.65,3
2015-02-27 10:24:00,1146.65,1146.65,1146.65,1146.65,0
2015-02-27 10:25:00,1146.65,1146.65,1146.65,1146.65,0
2015-02-27 10:26:00,1146.65,1146.65,1146.65,1146.65,22
2015-02-27 10:27:00,1146.65,1146.65,1146.65,1146.65,0
2015-02-27 10:28:00,1146.65,1146.65,1146.65,1146.65,0
2015-02-27 10:29:00,1146.65,1146.65,1146.65,1146.65,0
2015-02-27 10:30:00,1146.65,1146.65,1146.65,1146.65,0
2015-02-27 10:31:00,1146.65,1147.95,1146.65,1147.95,10
2015-02-27 10:32:00,1149.1,1150.95,1149.1,1150.95,139
2015-02-27 10:33:00,1151.0,1153.8,1151.0,1153.8,39
2015-02-27 10:34:00,1153.8,1153.8,1153.8,1153.8,0
2015-02-27 10:35:00,1153.8,1153.8,1153.8,1153.8,0
2015-02-27 10:36:00,1153.0,1153.0,1153.0,1153.0,19
2015-02-27 10:37:00,1153.0,1153.0,1153.0,1153.0,0
2015-02-27 10:38:00,1153.0,1153.0,1152.95,1152.95,1
2015-02-27 10:39:00,1151.0,1151.0,1151.0,1151.0,18
2015-02-27 10:40:00,1151.0,1151.0,1151.0,1151.0,0
2015-02-27 10:41:00,1151.0,1151.0,1151.0,1151.0,0
2015-02-27 10:42:00,1151.0,1151.0,1149.25,1149.25,12
2015-02-27 10:43:00,1149.25,1149.25,1149.25,1149.25,0
2015-02-27 10:44:00,1149.25,1149.25,1149.25,1149.25,0
2015-02-27 10:45:00,1149.25,1149.25,1149.25,1149.25,0
2015-02-27 10:46:00,1149.25,1149.25,1149.25,1149.25,0
2015-02-27 10:47:00,1149.25,1151.95,1149.25,1151.95,3
2015-02-27 10:48:00,1151.95,1151.95,1151.95,1151.95,0
2015-02-27 10:49:00,1151.95,1151.95,1151.95,1151.95,0
2015-02-27 10:50:00,1151.95,1151.95,1149.55,1149.55,1
2015-02-27 10:51:00,1152.55,1152.55,1152.55,1152.55,10
2015-02-27 10:52:00,1152.55,1152.9,1152.55,1152.9,1
2015-02-27 10:53:00,1152.9,1152.9,1152.9,1152.9,0
2015-02-27 10:54:00,1152.9,1152.9,1152.9,1152.9,0
2015-02-27 10:55:00,1152.9,1152.9,1152.9,1152.9,0
2015-02-27 10:56:00,1152.9,1152.9,1152.9,1152.9,0
2015-02-27 10:57:00,1152.9,1152.9,1152.9,1152.9,0
2015-02-27 10:58:00,1152.9,1152.9,1152.9,1152.9,0
2015-02-27 10:59:00,1152.9,1152.9,1152.9,1152.9,0
2015-02-27 11:00:00,1152.9,1152.9,1151.95,1151.95,1
2015-02-27 11:01:00,1151.95,1151.95,1151.95,1151.95,0
2015-02-27 11:02:00,1151.95,1151.95,1151.95,1151.95,0
2015-02-27 11:03:00,1151.95,1151.95,1151.95,1151.95,0
2015-02-27 11:04:00,1151.95,1151.95,1151.95,1151.95,0
2015-02-27 11:05:00,1151.95,1151.95,1151.95,1151.95,0
2015-02-27 11:06:00,1151.95,1151.95,1151.4,1151.4,1
2015-02-27 11:07:00,1151.4,1151.4,1151.4,1151.4,0
2015-02-27 11:08:00,1151.4,1158.0,1151.4,1158.0,360
2015-02-27 11:09:00,1158.0,1160.0,1158.0,1160.0,348
2015-02-27 11:10:00,1159.5,1159.5,1158.0,1158.0,82
2015-02-27 11:11:00,1158.0,1160.0,1158.0,1160.0,198
2015-02-27 11:12:00,1160.0,1162.0,1160.0,1161.0,172
2015-02-27 11:13:00,1162.0,1162.0,1160.4,1162.0,37
2015-02-27 11:14:00,1162.0,1164.0,1162.0,1164.0,160
2015-02-27 11:15:00,1164.0,1164.05,1164.0,1164.05,17
2015-02-27 11:16:00,1164.95,1164.95,1164.0,1164.0,133
2015-02-27 11:17:00,1164.0,1164.0,1164.0,1164.0,0
2015-02-27 11:18:00,1164.0,1164.0,1164.0,1164.0,0
2015-02-27 11:19:00,1164.0,1164.0,1164.0,1164.0,0
2015-02-27 11:20:00,1164.0,1164.0,1164.0,1164.0,0
2015-02-27 11:21:00,1161.95,1161.95,1161.95,1161.95,25
2015-02-27 11:22:00,1164.0,1164.0,1164.0,1164.0,120
2015-02-27 11:23:00,1164.0,1165.0,1164.0,1165.0,76
2015-02-27 11:24:00,1165.0,1165.0,1162.45,1162.45,1
2015-02-27 11:25:00,1162.45,1164.6,1162.45,1164.6,1
2015-02-27 11:26:00,1164.6,1164.6,1164.6,1164.6,9
2015-02-27 11:27:00,1162.4,1162.4,1162.4,1162.4,1
2015-02-27 11:28:00,1162.4,1162.4,1162.4,1162.4,0
2015-02-27 11:29:00,1162.5,1162.5,1162.5,1162.5,1
2015-02-27 11:30:00,1162.5,1164.1,1162.5,1164.1,3
2015-02-27 11:31:00,1164.1,1164.1,1164.1,1164.1,28
2015-02-27 11:32:00,1164.1,1164.1,1164.1,1164.1,0
2015-02-27 11:33:00,1164.1,1164.1,1162.75,1162.75,14
2015-02-27 11:34:00,1162.75,1162.75,1162.5,1162.5,25
2015-02-27 11:35:00,1162.5,1162.5,1162.5,1162.5,0
2015-02-27 11:36:00,1162.5,1162.5,1160.6,1160.6,4
2015-02-27 11:37:00,1160.6,1160.6,1160.6,1160.6,0
2015-02-27 11:38:00,1160.6,1160.6,1160.6,1160.6,0
2015-02-27 11:39:00,1159.45,1159.55,1159.45,1159.55,19
2015-02-27 11:40:00,1159.55,1159.55,1159.55,1159.55,0
2015-02-27 11:41:00,1159.55,1159.55,1159.55,1159.55,0
2015-02-27 11:42:00,1159.55,1159.55,1159.55,1159.55,0
2015-02-27 11:43:00,1159.55,1159.55,1159.55,1159.55,0
2015-02-27 11:44:00,1159.55,1159.55,1159.55,1159.55,0
2015-02-27 11:45:00,1159.55,1159.55,1159.55,1159.55,10
2015-02-27 11:46:00,1159.55,1159.55,1159.55,1159.55,0
2015-02-27 11:47:00,1158.0,1158.0,1156.8,1156.8,12
2015-02-27 11:48:00,1157.4,1159.75,1157.4,1159.75,6
2015-02-27 11:49:00,1159.75,1159.75,1159.75,1159.75,0
2015-02-27 11:50:00,1159.75,1159.75,1159.75,1159.75,0
2015-02-27 11:51:00,1159.75,1159.75,1159.75,1159.75,0
2015-02-27 11:52:00,1159.75,1159.75,1159.75,1159.75,0
2015-02-27 11:53:00,1159.75,1159.75,1159.75,1159.75,0
2015-02-27 11:54:00,1159.75,1159.75,1159.75,1159.75,0
2015-02-27 11:55:00,1159.75,1159.75,1159.75,1159.75,0
2015-02-27 11:56:00,1157.55,1157.55,1153.85,1154.0,86
2015-02-27 11:57:00,1154.0,1154.0,1154.0,1154.0,0
2015-02-27 11:58:00,1154.0,1157.95,1154.0,1157.95,25
2015-02-27 11:59:00,1157.95,1157.95,1157.95,1157.95,0
2015-02-27 12:00:00,1157.95,1157.95,1157.95,1157.95,0
2015-02-27 12:01:00,1157.95,1157.95,1157.95,1157.95,0
2015-02-27 12:02:00,1157.95,1157.95,1157.95,1157.95,0
2015-02-27 12:03:00,1157.95,1157.95,1157.95,1157.95,0
2015-02-27 12:04:00,1157.95,1157.95,1157.95,1157.95,0
2015-02-27 12:05:00,1157.95,1157.95,1157.95,1157.95,0
2015-02-27 12:06:00,1157.95,1157.95,1157.95,1157.95,0
2015-02-27 12:07:00,1157.95,1157.95,1157.95,1157.95,0
2015-02-27 12:08:00,1157.95,1157.95,1154.05,1154.1,6
2015-02-27 12:09:00,1154.1,1154.1,1154.1,1154.1,0
2015-02-27 12:10:00,1154.1,1154.5,1154.1,1154.5,14
2015-02-27 12:11:00,1154.5,1154.5,1154.5,1154.5,0
2015-02-27 12:12:00,1157.95,1157.95,1157.95,1157.95,0
2015-02-27 12:13:00,1154.5,1156.75,1154.5,1156.75,8
2015-02-27 12:14:00,1156.75,1156.75,1156.75,1156.75,0
2015-02-27 12:15:00,1156.75,1157.4,1156.75,1157.4,12
2015-02-27 12:16:00,1157.4,1158.55,1157.4,1158.55,1
2015-02-27 12:17:00,1158.55,1158.55,1158.55,1158.55,0
2015-02-27 12:18:00,1158.55,1158.55,1158.55,1158.55,0
2015-02-27 12:19:00,1158.55,1158.55,1158.55,1158.55,0
2015-02-27 12:20:00,1158.55,1158.55,1158.55,1158.55,0
2015-02-27 12:21:00,1158.55,1158.55,1158.55,1158.55,0
2015-02-27 12:22:00,1157.4,1157.4,1157.4,1157.4,10
2015-02-27 12:23:00,1157.4,1157.4,1157.4,1157.4,0
2015-02-27 12:24:00,1157.4,1157.4,1157.4,1157.4,0
2015-02-27 12:25:00,1155.35,1155.35,1155.35,1155.35,10
2015-02-27 12:26:00,1155.35,1155.35,1155.35,1155.35,0
2015-02-27 12:27:00,1157.4,1157.4,1157.4,1157.4,0
2015-02-27 12:28:00,1155.35,1155.45,1155.35,1155.45,19
2015-02-27 12:29:00,1155.45,1155.45,1155.1,1155.1,11
2015-02-27 12:30:00,1155.1,1155.1,1155.1,1155.1,25
2015-02-27 12:31:00,1155.15,1155.15,1155.15,1155.15,4
2015-02-27 12:32:00,1155.2,1155.2,1155.2,1155.2,2
2015-02-27 12:33:00,1155.2,1155.2,1155.2,1155.2,0
2015-02-27 12:34:00,1155.2,1156.75,1155.2,1156.75,13
2015-02-27 12:35:00,1156.75,1156.75,1156.75,1156.75,0
2015-02-27 12:36:00,1156.75,1158.95,1156.75,1158.95,2
2015-02-27 12:37:00,1158.95,1158.95,1158.95,1158.95,0
2015-02-27 12:38:00,1158.95,1158.95,1158.95,1158.95,7
2015-02-27 12:39:00,1158.95,1158.95,1158.95,1158.95,0
2015-02-27 12:40:00,1158.95,1158.95,1158.95,1158.95,0
2015-02-27 12:41:00,1158.95,1158.95,1158.95,1158.95,0
2015-02-27 12:42:00,1158.95,1158.95,1156.95,1156.95,9
2015-02-27 12:43:00,1156.95,1156.95,1155.5,1155.5,1
2015-02-27 12:44:00,1155.5,1155.5,1155.5,1155.5,0
2015-02-27 12:45:00,1155.5,1155.5,1155.5,1155.5,0
2015-02-27 12:46:00,1155.5,1155.5,1155.5,1155.5,0
2015-02-27 12:47:00,1158.0,1158.0,1158.0,1158.0,11
2015-02-27 12:48:00,1158.45,1158.45,1158.45,1158.45,1
2015-02-27 12:49:00,1158.45,1158.45,1158.45,1158.45,0
2015-02-27 12:50:00,1158.45,1158.45,1158.45,1158.45,0
2015-02-27 12:51:00,1158.45,1158.45,1156.0,1156.0,1
2015-02-27 12:52:00,1156.0,1158.45,1156.0,1156.3,6
2015-02-27 12:53:00,1157.0,1157.0,1157.0,1157.0,10
2015-02-27 12:54:00,1157.0,1157.0,1157.0,1157.0,0
2015-02-27 12:55:00,1157.0,1157.0,1157.0,1157.0,0
2015-02-27 12:56:00,1157.0,1157.0,1157.0,1157.0,0
2015-02-27 12:57:00,1157.0,1157.0,1157.0,1157.0,0
2015-02-27 12:58:00,1157.0,1157.0,1157.0,1157.0,0
2015-02-27 12:59:00,1157.0,1157.0,1157.0,1157.0,0
2015-02-27 13:00:00,1157.0,1157.0,1157.0,1157.0,1
2015-02-27 13:01:00,1157.0,1157.0,1157.0,1157.0,0
2015-02-27 13:02:00,1157.0,1157.0,1157.0,1157.0,0
2015-02-27 13:03:00,1157.0,1157.0,1157.0,1157.0,0
2015-02-27 13:04:00,1157.0,1157.0,1157.0,1157.0,0
2015-02-27 13:05:00,1157.0,1157.0,1157.0,1157.0,4
2015-02-27 13:06:00,1157.0,1157.0,1155.4,1155.4,50
2015-02-27 13:07:00,1155.4,1155.4,1155.4,1155.4,0
2015-02-27 13:08:00,1155.4,1155.65,1155.4,1155.65,2
2015-02-27 13:09:00,1155.95,1155.95,1155.95,1155.95,11
2015-02-27 13:10:00,1155.95,1155.95,1155.95,1155.95,0
2015-02-27 13:11:00,1157.95,1157.95,1157.95,1157.95,2
2015-02-27 13:12:00,1157.95,1157.95,1157.95,1157.95,0
2015-02-27 13:13:00,1155.65,1155.65,1155.65,1155.65,0
2015-02-27 13:14:00,1157.95,1157.95,1157.95,1157.95,0
2015-02-27 13:15:00,1155.65,1155.65,1155.65,1155.65,0
2015-02-27 13:16:00,1157.95,1157.95,1157.95,1157.95,0
2015-02-27 13:17:00,1157.95,1157.95,1157.95,1157.95,0
2015-02-27 13:18:00,1157.95,1157.95,1157.95,1157.95,0
2015-02-27 13:19:00,1157.95,1157.95,1157.95,1157.95,0
2015-02-27 13:20:00,1157.95,1157.95,1157.95,1157.95,0
2015-02-27 13:21:00,1157.95,1157.95,1157.95,1157.95,0
2015-02-27 13:22:00,1156.25,1156.25,1156.25,1156.25,15
2015-02-27 13:23:00,1156.25,1156.25,1156.25,1156.25,0
2015-02-27 13:24:00,1157.95,1157.95,1157.95,1157.95,0
2015-02-27 13:25:00,1156.25,1156.25,1156.25,1156.25,0
2015-02-27 13:26:00,1156.25,1156.25,1156.25,1156.25,0
2015-02-27 13:27:00,1156.25,1156.25,1156.25,1156.25,0
2015-02-27 13:28:00,1156.25,1156.25,1156.25,1156.25,0
2015-02-27 13:29:00,1156.25,1156.25,1156.25,1156.25,0
2015-02-27 13:30:00,1156.25,1156.25,1156.25,1156.25,0
2015-02-27 13:31:00,1156.25,1156.25,1156.25,1156.25,0
2015-02-27 13:32:00,1156.25,1156.25,1156.25,1156.25,13
2015-02-27 13:33:00,1156.25,1156.25,1156.25,1156.25,0
2015-02-27 13:34:00,1156.0,1156.0,1156.0,1156.0,42
2015-02-27 13:35:00,1156.0,1156.0,1156.0,1156.0,0
2015-02-27 13:36:00,1156.0,1156.0,1156.0,1156.0,55
2015-02-27 13:37:00,1156.0,1156.0,1156.0,1156.0,0
2015-02-27 13:38:00,1156.0,1156.0,1156.0,1156.0,0
2015-02-27 13:39:00,1157.4,1157.4,1157.4,1157.4,2
2015-02-27 13:40:00,1156.2,1156.2,1156.2,1156.2,11
2015-02-27 13:41:00,1156.2,1156.2,1156.2,1156.2,0
2015-02-27 13:42:00,1156.2,1156.2,1156.2,1156.2,0
2015-02-27 13:43:00,1156.2,1156.2,1156.2,1156.2,0
2015-02-27 13:44:00,1156.2,1156.2,1156.2,1156.2,0
2015-02-27 13:45:00,1156.2,1156.2,1156.2,1156.2,0
2015-02-27 13:46:00,1157.35,1157.5,1157.35,1157.35,109
2015-02-27 13:47:00,1157.35,1157.35,1157.35,1157.35,0
2015-02-27 13:48:00,1157.35,1157.35,1157.35,1157.35,0
2015-02-27 13:49:00,1157.35,1157.35,1157.35,1157.35,0
2015-02-27 13:50:00,1157.35,1157.35,1157.35,1157.35,0
2015-02-27 13:51:00,1157.35,1157.35,1157.35,1157.35,0
2015-02-27 13:52:00,1157.35,1157.35,1157.35,1157.35,0
2015-02-27 13:53:00,1156.3,1156.3,1156.3,1156.3,56
2015-02-27 13:54:00,1156.3,1156.3,1156.3,1156.3,0
2015-02-27 13:55:00,1156.3,1156.3,1156.3,1156.3,0
2015-02-27 13:56:00,1156.3,1156.3,1156.3,1156.3,0
2015-02-27 13:57:00,1156.3,1156.3,1156.3,1156.3,0
2015-02-27 13:58:00,1156.3,1156.3,1156.3,1156.3,0
2015-02-27 13:59:00,1156.3,1156.3,1156.3,1156.3,0
2015-02-27 14:00:00,1156.3,1156.3,1156.3,1156.3,0
2015-02-27 14:01:00,1156.3,1156.3,1156.3,1156.3,0
2015-02-27 14:02:00,1156.3,1156.3,1156.3,1156.3,0
2015-02-27 14:03:00,1156.2,1156.2,1156.2,1156.2,5
2015-02-27 14:04:00,1156.2,1156.2,1156.2,1156.2,0
2015-02-27 14:05:00,1156.2,1156.2,1156.2,1156.2,0
2015-02-27 14:06:00,1156.2,1156.2,1156.2,1156.2,2
2015-02-27 14:07:00,1157.0,1157.0,1157.0,1157.0,8
2015-02-27 14:08:00,1157.0,1157.0,1157.0,1157.0,0
2015-02-27 14:09:00,1156.2,1156.2,1156.2,1156.2,10
2015-02-27 14:10:00,1156.2,1156.2,1156.2,1156.2,0
2015-02-27 14:11:00,1156.2,1156.2,1156.2,1156.2,0
2015-02-27 14:12:00,1156.2,1156.2,1156.2,1156.2,0
2015-02-27 14:13:00,1156.2,1156.2,1156.2,1156.2,0
2015-02-27 14:14:00,1156.2,1156.2,1156.2,1156.2,6
2015-02-27 14:15:00,1156.2,1156.2,1156.2,1156.2,0
2015-02-27 14:16:00,1156.2,1158.0,1156.2,1156.2,49
2015-02-27 14:17:00,1156.2,1156.2,1156.2,1156.2,0
2015-02-27 14:18:00,1156.2,1156.2,1156.2,1156.2,0
2015-02-27 14:19:00,1156.2,1156.2,1156.2,1156.2,0
2015-02-27 14:20:00,1156.2,1156.2,1156.2,1156.2,0
2015-02-27 14:21:00,1156.2,1156.2,1156.2,1156.2,0
2015-02-27 14:22:00,1156.2,1156.2,1156.2,1156.2,0
2015-02-27 14:23:00,1156.2,1156.2,1156.2,1156.2,0
2015-02-27 14:24:00,1156.2,1156.2,1156.0,1156.0,5
2015-02-27 14:25:00,1156.0,1156.0,1156.0,1156.0,1
2015-02-27 14:26:00,1156.0,1156.0,1156.0,1156.0,20
2015-02-27 14:27:00,1156.0,1156.0,1156.0,1156.0,0
2015-02-27 14:28:00,1156.0,1156.0,1156.0,1156.0,0
2015-02-27 14:29:00,1156.0,1156.0,1156.0,1156.0,5
2015-02-27 14:30:00,1156.0,1156.0,1156.0,1156.0,0
2015-02-27 14:31:00,1156.0,1156.0,1156.0,1156.0,0
2015-02-27 14:32:00,1156.0,1156.0,1156.0,1156.0,0
2015-02-27 14:33:00,1156.0,1156.0,1156.0,1156.0,0
2015-02-27 14:34:00,1156.0,1156.0,1156.0,1156.0,0
2015-02-27 14:35:00,1156.0,1156.0,1156.0,1156.0,0
2015-02-27 14:36:00,1156.0,1156.0,1156.0,1156.0,0
2015-02-27 14:37:00,1156.0,1156.0,1156.0,1156.0,11
2015-02-27 14:38:00,1156.0,1156.0,1156.0,1156.0,0
2015-02-27 14:39:00,1156.0,1156.0,1156.0,1156.0,0
2015-02-27 14:40:00,1156.0,1156.0,1156.0,1156.0,29
2015-02-27 14:41:00,1156.0,1156.0,1156.0,1156.0,12
2015-02-27 14:42:00,1156.0,1156.0,1156.0,1156.0,10
2015-02-27 14:43:00,1157.5,1158.0,1157.5,1158.0,30
2015-02-27 14:44:00,1158.0,1158.0,1158.0,1158.0,0
2015-02-27 14:45:00,1158.0,1158.0,1156.0,1156.0,83
2015-02-27 14:46:00,1156.0,1156.0,1156.0,1156.0,0
2015-02-27 14:47:00,1156.0,1156.0,1156.0,1156.0,0
2015-02-27 14:48:00,1156.0,1156.0,1156.0,1156.0,0
2015-02-27 14:49:00,1156.0,1156.0,1156.0,1156.0,0
2015-02-27 14:50:00,1156.0,1156.0,1156.0,1156.0,0
2015-02-27 14:51:00,1156.15,1156.15,1153.25,1155.95,69
2015-02-27 14:52:00,1155.95,1155.95,1152.95,1153.1,21
2015-02-27 14:53:00,1153.1,1153.1,1153.1,1153.1,0
2015-02-27 14:54:00,1153.1,1153.1,1153.1,1153.1,0
2015-02-27 14:55:00,1153.1,1153.1,1153.1,1153.1,0
2015-02-27 14:56:00,1155.95,1155.95,1155.95,1155.95,0
2015-02-27 14:57:00,1153.1,1153.1,1153.1,1153.1,0
2015-02-27 14:58:00,1153.1,1153.1,1153.1,1153.1,0
2015-02-27 14:59:00,1153.3,1153.3,1153.3,1153.3,1
2015-02-27 15:00:00,1153.3,1153.3,1153.3,1153.3,0
2015-02-27 15:01:00,1156.0,1156.0,1156.0,1156.0,41
2015-02-27 15:02:00,1156.0,1157.3,1156.0,1157.3,50
2015-02-27 15:03:00,1158.5,1158.55,1158.5,1158.55,8
2015-02-27 15:04:00,1158.65,1158.65,1158.65,1158.65,1
2015-02-27 15:05:00,1157.3,1157.3,1155.6,1155.6,28
2015-02-27 15:06:00,1155.6,1157.3,1155.6,1157.3,23
2015-02-27 15:07:00,1155.05,1155.05,1155.0,1155.0,52
2015-02-27 15:08:00,1151.0,1151.0,1147.95,1147.95,251
2015-02-27 15:09:00,1147.95,1147.95,1147.95,1147.95,0
2015-02-27 15:10:00,1148.1,1148.1,1147.95,1147.95,86
2015-02-27 15:11:00,1147.5,1147.5,1147.5,1147.5,24
2015-02-27 15:12:00,1143.0,1143.0,1142.0,1142.0,3
2015-02-27 15:13:00,1140.3,1140.3,1140.3,1140.3,1
2015-02-27 15:14:00,1142.0,1142.0,1140.45,1140.45,58
2015-02-27 15:15:00,1140.5,1140.5,1140.05,1140.05,35
2015-02-27 15:16:00,1140.05,1140.05,1140.05,1140.05,0
2015-02-27 15:17:00,1140.05,1140.05,1140.05,1140.05,0
2015-02-27 15:18:00,1140.05,1140.05,1140.05,1140.05,0
2015-02-27 15:19:00,1140.05,1145.0,1140.05,1145.0,2
2015-02-27 15:20:00,1144.9,1144.9,1141.05,1141.05,89
2015-02-27 15:21:00,1142.85,1142.85,1140.05,1140.05,205
2015-02-27 15:22:00,1141.0,1144.95,1141.0,1141.5,100
2015-02-27 15:23:00,1141.5,1145.95,1141.5,1145.95,11
2015-02-27 15:24:00,1146.0,1146.0,1146.0,1146.0,5
2015-02-27 15:25:00,1146.0,1146.0,1145.95,1145.95,15
2015-02-27 15:26:00,1147.0,1147.0,1146.9,1146.9,209
2015-02-27 15:27:00,1146.9,1146.9,1146.7,1146.7,15
2015-02-27 15:28:00,1148.0,1148.0,1148.0,1148.0,51
2015-02-27 15:29:00,1148.0,1159.95,1148.0,1159.95,166
2015-02-28 09:15:00,1152.0,1152.0,1152.0,1152.0,0
2015-02-28 09:16:00,1152.0,1152.0,1152.0,1152.0,86
2015-02-28 09:17:00,1152.0,1152.0,1152.0,1152.0,6
2015-02-28 09:18:00,1152.0,1152.0,1152.0,1152.0,0
2015-02-28 09:19:00,1152.0,1152.0,1152.0,1152.0,25
2015-02-28 09:20:00,1152.0,1161.6,1152.0,1159.15,40
2015-02-28 09:21:00,1159.15,1159.15,1159.15,1159.15,0
2015-02-28 09:22:00,1159.15,1159.15,1159.15,1159.15,0
2015-02-28 09:23:00,1159.15,1159.15,1159.15,1159.15,0
2015-02-28 09:24:00,1156.0,1156.0,1155.0,1155.0,26
2015-02-28 09:25:00,1155.0,1155.0,1150.0,1150.0,10
2015-02-28 09:26:00,1150.0,1150.0,1150.0,1150.0,0
2015-02-28 09:27:00,1150.0,1150.0,1150.0,1150.0,0
2015-02-28 09:28:00,1150.0,1150.0,1150.0,1150.0,0
2015-02-28 09:29:00,1150.0,1150.0,1150.0,1150.0,0
2015-02-28 09:30:00,1150.0,1150.0,1150.0,1150.0,0
2015-02-28 09:31:00,1150.0,1150.0,1150.0,1150.0,0
2015-02-28 09:32:00,1150.0,1150.0,1150.0,1150.0,0
2015-02-28 09:33:00,1150.0,1150.0,1150.0,1150.0,0
2015-02-28 09:34:00,1150.0,1150.0,1147.0,1147.0,10
2015-02-28 09:35:00,1147.0,1147.0,1147.0,1147.0,0
2015-02-28 09:36:00,1147.0,1147.0,1147.0,1147.0,0
2015-02-28 09:37:00,1147.0,1149.95,1147.0,1149.95,2
2015-02-28 09:38:00,1150.0,1150.0,1150.0,1150.0,190
2015-02-28 09:39:00,1150.0,1150.05,1150.0,1150.0,26
2015-02-28 09:40:00,1150.0,1150.0,1150.0,1150.0,0
2015-02-28 09:41:00,1150.0,1150.0,1148.4,1148.4,2
2015-02-28 09:42:00,1148.4,1148.4,1148.4,1148.4,0
2015-02-28 09:43:00,1148.4,1148.4,1148.4,1148.4,0
2015-02-28 09:44:00,1148.4,1148.4,1148.4,1148.4,0
2015-02-28 09:45:00,1148.4,1148.4,1148.4,1148.4,0
2015-02-28 09:46:00,1149.95,1149.95,1149.95,1149.95,6
2015-02-28 09:47:00,1149.95,1149.95,1149.95,1149.95,0
2015-02-28 09:48:00,1149.95,1149.95,1149.95,1149.95,0
2015-02-28 09:49:00,1149.95,1150.0,1149.95,1150.0,10
2015-02-28 09:50:00,1150.0,1150.0,1145.4,1145.4,100
2015-02-28 09:51:00,1145.4,1145.4,1145.4,1145.4,0
2015-02-28 09:52:00,1145.4,1148.95,1145.4,1148.95,10
2015-02-28 09:53:00,1148.95,1148.95,1145.4,1145.4,25
2015-02-28 09:54:00,1145.4,1146.6,1145.4,1146.6,3
2015-02-28 09:55:00,1146.6,1146.6,1146.6,1146.6,0
2015-02-28 09:56:00,1146.6,1148.0,1146.6,1148.0,8
2015-02-28 09:57:00,1148.0,1148.0,1148.0,1148.0,7
2015-02-28 09:58:00,1148.0,1148.0,1148.0,1148.0,0
2015-02-28 09:59:00,1148.0,1148.0,1148.0,1148.0,0
2015-02-28 10:00:00,1148.0,1148.0,1148.0,1148.0,0
2015-02-28 10:01:00,1148.0,1148.0,1145.95,1145.95,67
2015-02-28 10:02:00,1145.95,1145.95,1145.05,1145.1,36
2015-02-28 10:03:00,1145.1,1145.1,1145.1,1145.1,0
2015-02-28 10:04:00,1145.1,1145.1,1145.1,1145.1,0
2015-02-28 10:05:00,1145.1,1145.1,1145.1,1145.1,0
2015-02-28 10:06:00,1150.15,1150.15,1145.4,1146.0,19
2015-02-28 10:07:00,1146.0,1146.0,1146.0,1146.0,0
2015-02-28 10:08:00,1147.8,1147.8,1147.8,1147.8,1
2015-02-28 10:09:00,1147.8,1147.8,1147.8,1147.8,0
2015-02-28 10:10:00,1147.8,1147.8,1147.8,1147.8,0
2015-02-28 10:11:00,1147.8,1147.8,1147.8,1147.8,0
2015-02-28 10:12:00,1147.8,1147.8,1147.8,1147.8,0
2015-02-28 10:13:00,1151.25,1151.25,1151.25,1151.25,14
2015-02-28 10:14:00,1151.25,1151.25,1151.25,1151.25,0
2015-02-28 10:15:00,1151.25,1151.25,1151.25,1151.25,0
2015-02-28 10:16:00,1151.25,1151.25,1151.25,1151.25,0
2015-02-28 10:17:00,1151.25,1151.25,1151.25,1151.25,0
2015-02-28 10:18:00,1151.25,1151.25,1151.25,1151.25,0
2015-02-28 10:19:00,1151.25,1151.25,1151.25,1151.25,0
2015-02-28 10:20:00,1151.25,1151.25,1151.25,1151.25,0
2015-02-28 10:21:00,1151.25,1151.25,1149.05,1149.05,5
2015-02-28 10:22:00,1149.05,1149.05,1149.05,1149.05,0
2015-02-28 10:23:00,1149.05,1149.05,1149.05,1149.05,0
2015-02-28 10:24:00,1149.05,1151.9,1149.05,1151.9,2
2015-02-28 10:25:00,1151.9,1151.9,1151.9,1151.9,0
2015-02-28 10:26:00,1151.9,1151.9,1151.9,1151.9,0
2015-02-28 10:27:00,1151.9,1151.9,1151.9,1151.9,0
2015-02-28 10:28:00,1151.9,1151.9,1151.9,1151.9,0
2015-02-28 10:29:00,1151.9,1151.9,1151.9,1151.9,0
2015-02-28 10:30:00,1151.9,1151.9,1151.9,1151.9,0
2015-02-28 10:31:00,1151.9,1151.9,1149.0,1149.0,22
2015-02-28 10:32:00,1149.0,1149.0,1148.05,1148.05,10
2015-02-28 10:33:00,1148.05,1151.95,1148.05,1151.95,25
2015-02-28 10:34:00,1151.95,1151.95,1151.95,1151.95,0
2015-02-28 10:35:00,1151.95,1151.95,1151.95,1151.95,0
2015-02-28 10:36:00,1151.95,1151.95,1151.95,1151.95,0
2015-02-28 10:37:00,1151.95,1151.95,1151.95,1151.95,0
2015-02-28 10:38:00,1151.95,1151.95,1151.95,1151.95,0
2015-02-28 10:39:00,1151.95,1151.95,1151.95,1151.95,0
2015-02-28 10:40:00,1151.95,1151.95,1151.95,1151.95,0
2015-02-28 10:41:00,1151.95,1151.95,1151.95,1151.95,0
2015-02-28 10:42:00,1151.95,1151.95,1151.95,1151.95,1
2015-02-28 10:43:00,1151.95,1151.95,1151.95,1151.95,0
2015-02-28 10:44:00,1151.95,1151.95,1151.95,1151.95,0
2015-02-28 10:45:00,1151.95,1151.95,1151.95,1151.95,14
2015-02-28 10:46:00,1151.95,1151.95,1151.95,1151.95,0
2015-02-28 10:47:00,1151.95,1151.95,1151.95,1151.95,0
2015-02-28 10:48:00,1151.95,1151.95,1151.95,1151.95,0
2015-02-28 10:49:00,1151.95,1151.95,1151.95,1151.95,80
2015-02-28 10:50:00,1151.95,1151.95,1151.95,1151.95,0
2015-02-28 10:51:00,1151.95,1151.95,1151.95,1151.95,0
2015-02-28 10:52:00,1151.95,1151.95,1151.95,1151.95,0
2015-02-28 10:53:00,1153.95,1153.95,1153.95,1153.95,10
2015-02-28 10:54:00,1153.95,1153.95,1153.95,1153.95,0
2015-02-28 10:55:00,1153.95,1153.95,1151.95,1151.95,28
2015-02-28 10:56:00,1151.95,1151.95,1150.0,1150.0,20
2015-02-28 10:57:00,1150.0,1150.0,1150.0,1150.0,0
2015-02-28 10:58:00,1148.0,1148.0,1148.0,1148.0,49
2015-02-28 10:59:00,1148.0,1149.95,1148.0,1149.95,2
2015-02-28 11:00:00,1149.95,1149.95,1149.95,1149.95,0
2015-02-28 11:01:00,1149.95,1149.95,1149.95,1149.95,0
2015-02-28 11:02:00,1149.95,1149.95,1149.95,1149.95,0
2015-02-28 11:03:00,1149.95,1149.95,1149.95,1149.95,0
2015-02-28 11:04:00,1152.55,1152.55,1152.55,1152.55,2
2015-02-28 11:05:00,1152.55,1152.55,1152.55,1152.55,0
2015-02-28 11:06:00,1152.55,1152.55,1152.55,1152.55,0
2015-02-28 11:07:00,1152.55,1152.55,1152.55,1152.55,0
2015-02-28 11:08:00,1152.55,1152.55,1152.55,1152.55,0
2015-02-28 11:09:00,1152.55,1152.55,1152.55,1152.55,0
2015-02-28 11:10:00,1152.55,1152.55,1152.55,1152.55,0
2015-02-28 11:11:00,1152.55,1152.55,1152.55,1152.55,0
2015-02-28 11:12:00,1152.55,1152.55,1152.55,1152.55,0
2015-02-28 11:13:00,1152.55,1152.55,1152.55,1152.55,0
2015-02-28 11:14:00,1152.55,1152.55,1152.55,1152.55,0
2015-02-28 11:15:00,1152.55,1152.8,1152.0,1152.8,49
2015-02-28 11:16:00,1152.8,1152.8,1152.8,1152.8,0
2015-02-28 11:17:00,1152.8,1152.8,1152.8,1152.8,0
2015-02-28 11:18:00,1152.8,1152.8,1152.8,1152.8,0
2015-02-28 11:19:00,1152.8,1153.8,1152.8,1153.8,20
2015-02-28 11:20:00,1158.6,1159.0,1158.6,1158.6,27
2015-02-28 11:21:00,1158.6,1158.6,1155.8,1155.8,12
2015-02-28 11:22:00,1154.0,1154.0,1154.0,1154.0,35
2015-02-28 11:23:00,1154.0,1154.0,1154.0,1154.0,0
2015-02-28 11:24:00,1154.0,1154.0,1154.0,1154.0,0
2015-02-28 11:25:00,1154.0,1154.0,1154.0,1154.0,0
2015-02-28 11:26:00,1154.0,1154.0,1153.15,1153.15,1
2015-02-28 11:27:00,1153.15,1153.15,1153.15,1153.15,0
2015-02-28 11:28:00,1153.15,1153.15,1153.15,1153.15,0
2015-02-28 11:29:00,1153.15,1153.15,1153.15,1153.15,0
2015-02-28 11:30:00,1153.15,1153.15,1153.15,1153.15,0
2015-02-28 11:31:00,1149.65,1149.65,1149.65,1149.65,1
2015-02-28 11:32:00,1149.65,1149.65,1149.65,1149.65,0
2015-02-28 11:33:00,1149.65,1149.65,1149.65,1149.65,0
2015-02-28 11:34:00,1149.65,1149.65,1149.65,1149.65,0
2015-02-28 11:35:00,1149.65,1149.65,1149.65,1149.65,0
2015-02-28 11:36:00,1149.65,1149.65,1145.05,1145.05,40
2015-02-28 11:37:00,1145.1,1145.1,1145.05,1145.05,182
2015-02-28 11:38:00,1145.05,1145.05,1145.05,1145.05,0
2015-02-28 11:39:00,1147.2,1147.2,1147.2,1147.2,20
2015-02-28 11:40:00,1147.25,1147.25,1147.25,1147.25,22
2015-02-28 11:41:00,1147.25,1147.25,1147.25,1147.25,0
2015-02-28 11:42:00,1145.1,1145.45,1145.1,1145.45,25
2015-02-28 11:43:00,1145.45,1145.45,1145.45,1145.45,0
2015-02-28 11:44:00,1145.45,1145.45,1145.45,1145.45,0
2015-02-28 11:45:00,1145.45,1145.45,1145.45,1145.45,0
2015-02-28 11:46:00,1145.45,1147.25,1145.45,1147.25,65
2015-02-28 11:47:00,1147.25,1147.25,1147.25,1147.25,9
2015-02-28 11:48:00,1147.25,1154.0,1147.25,1154.0,4
2015-02-28 11:49:00,1148.45,1148.45,1148.45,1148.45,2
2015-02-28 11:50:00,1148.45,1148.45,1148.45,1148.45,0
2015-02-28 11:51:00,1148.45,1148.45,1148.45,1148.45,0
2015-02-28 11:52:00,1148.45,1148.45,1148.45,1148.45,0
2015-02-28 11:53:00,1148.45,1149.05,1148.45,1149.05,1
2015-02-28 11:54:00,1149.05,1149.05,1149.05,1149.05,0
2015-02-28 11:55:00,1153.75,1153.75,1153.75,1153.75,9
2015-02-28 11:56:00,1153.75,1153.75,1153.75,1153.75,0
2015-02-28 11:57:00,1153.75,1153.75,1153.75,1153.75,0
2015-02-28 11:58:00,1153.75,1153.75,1153.75,1153.75,0
2015-02-28 11:59:00,1154.35,1154.35,1154.35,1154.35,4
2015-02-28 12:00:00,1154.35,1154.35,1149.65,1149.65,1
2015-02-28 12:01:00,1151.0,1151.0,1151.0,1151.0,20
2015-02-28 12:02:00,1153.05,1154.4,1153.0,1153.0,120
2015-02-28 12:03:00,1153.0,1153.0,1153.0,1153.0,0
2015-02-28 12:04:00,1153.0,1153.0,1153.0,1153.0,0
2015-02-28 12:05:00,1153.0,1153.0,1153.0,1153.0,0
2015-02-28 12:06:00,1153.0,1153.0,1153.0,1153.0,0
2015-02-28 12:07:00,1152.0,1152.0,1152.0,1152.0,20
2015-02-28 12:08:00,1150.85,1150.85,1150.85,1150.85,5
2015-02-28 12:09:00,1150.85,1150.85,1150.85,1150.85,0
2015-02-28 12:10:00,1155.0,1155.0,1155.0,1155.0,20
2015-02-28 12:11:00,1155.0,1158.6,1155.0,1158.6,181
2015-02-28 12:12:00,1170.0,1170.0,1167.45,1169.4,554
2015-02-28 12:13:00,1169.4,1169.4,1169.4,1169.4,0
2015-02-28 12:14:00,1169.4,1169.4,1164.05,1164.05,5
2015-02-28 12:15:00,1164.05,1164.05,1164.05,1164.05,0
2015-02-28 12:16:00,1164.05,1164.05,1164.05,1164.05,0
2015-02-28 12:17:00,1164.05,1164.05,1164.0,1164.0,3
2015-02-28 12:18:00,1164.0,1164.0,1164.0,1164.0,0
2015-02-28 12:19:00,1164.0,1164.0,1164.0,1164.0,3
2015-02-28 12:20:00,1166.45,1166.45,1166.4,1166.4,9
2015-02-28 12:21:00,1166.4,1166.4,1166.4,1166.4,0
2015-02-28 12:22:00,1166.4,1166.4,1166.4,1166.4,0
2015-02-28 12:23:00,1166.4,1166.4,1166.4,1166.4,0
2015-02-28 12:24:00,1166.4,1166.4,1166.4,1166.4,0
2015-02-28 12:25:00,1164.2,1164.2,1164.2,1164.2,5
2015-02-28 12:26:00,1164.2,1164.2,1163.95,1163.95,3
2015-02-28 12:27:00,1163.95,1163.95,1163.95,1163.95,0
2015-02-28 12:28:00,1163.95,1163.95,1155.6,1159.25,96
2015-02-28 12:29:00,1159.25,1159.25,1159.25,1159.25,0
2015-02-28 12:30:00,1159.25,1159.25,1159.25,1159.25,0
2015-02-28 12:31:00,1159.25,1159.25,1158.0,1158.0,15
2015-02-28 12:32:00,1158.0,1158.6,1158.0,1158.6,19
2015-02-28 12:33:00,1158.6,1158.6,1158.6,1158.6,0
2015-02-28 12:34:00,1158.6,1158.6,1158.6,1158.6,0
2015-02-28 12:35:00,1158.6,1158.6,1158.6,1158.6,0
2015-02-28 12:36:00,1158.6,1158.6,1158.6,1158.6,0
2015-02-28 12:37:00,1158.6,1158.6,1158.6,1158.6,0
2015-02-28 12:38:00,1158.6,1158.6,1158.6,1158.6,0
2015-02-28 12:39:00,1158.6,1158.6,1156.05,1156.05,5
2015-02-28 12:40:00,1156.05,1156.05,1156.05,1156.05,0
2015-02-28 12:41:00,1158.55,1158.55,1158.55,1158.55,13
2015-02-28 12:42:00,1156.5,1156.5,1156.5,1156.5,25
2015-02-28 12:43:00,1156.5,1156.5,1156.5,1156.5,0
2015-02-28 12:44:00,1156.5,1156.5,1156.5,1156.5,0
2015-02-28 12:45:00,1156.5,1156.5,1156.5,1156.5,0
2015-02-28 12:46:00,1156.5,1157.5,1156.5,1157.5,3
2015-02-28 12:47:00,1157.5,1157.5,1157.5,1157.5,0
2015-02-28 12:48:00,1157.0,1157.0,1157.0,1157.0,13
2015-02-28 12:49:00,1157.0,1157.0,1157.0,1157.0,0
2015-02-28 12:50:00,1157.0,1157.0,1157.0,1157.0,0
2015-02-28 12:51:00,1157.0,1157.0,1157.0,1157.0,0
2015-02-28 12:52:00,1157.0,1157.0,1157.0,1157.0,0
2015-02-28 12:53:00,1157.0,1157.0,1157.0,1157.0,0
2015-02-28 12:54:00,1158.0,1158.0,1154.0,1154.0,124
2015-02-28 12:55:00,1154.0,1154.0,1154.0,1154.0,0
2015-02-28 12:56:00,1154.0,1154.0,1153.8,1153.8,5
2015-02-28 12:57:00,1152.6,1152.6,1152.6,1152.6,4
2015-02-28 12:58:00,1152.6,1152.6,1152.0,1152.0,5
2015-02-28 12:59:00,1152.0,1152.0,1152.0,1152.0,2
2015-02-28 13:00:00,1152.0,1152.0,1152.0,1152.0,0
2015-02-28 13:01:00,1152.0,1152.0,1152.0,1152.0,12
2015-02-28 13:02:00,1152.0,1152.0,1152.0,1152.0,0
2015-02-28 13:03:00,1157.0,1157.0,1157.0,1157.0,50
2015-02-28 13:04:00,1157.0,1157.0,1157.0,1157.0,33
2015-02-28 13:05:00,1157.0,1160.0,1157.0,1160.0,132
2015-02-28 13:06:00,1160.0,1160.0,1160.0,1160.0,0
2015-02-28 13:07:00,1160.0,1160.0,1160.0,1160.0,0
2015-02-28 13:08:00,1155.0,1155.0,1155.0,1155.0,20
2015-02-28 13:09:00,1155.0,1155.0,1155.0,1155.0,0
2015-02-28 13:10:00,1155.0,1155.0,1155.0,1155.0,0
2015-02-28 13:11:00,1155.0,1155.0,1155.0,1155.0,0
2015-02-28 13:12:00,1155.0,1155.0,1152.05,1152.05,7
2015-02-28 13:13:00,1152.05,1152.05,1152.05,1152.05,0
2015-02-28 13:14:00,1152.05,1152.05,1152.05,1152.05,0
2015-02-28 13:15:00,1152.05,1152.05,1152.05,1152.05,0
2015-02-28 13:16:00,1152.05,1152.05,1152.05,1152.05,0
2015-02-28 13:17:00,1152.05,1152.05,1152.05,1152.05,10
2015-02-28 13:18:00,1152.05,1152.05,1152.05,1152.05,0
2015-02-28 13:19:00,1148.5,1148.5,1148.45,1148.45,55
2015-02-28 13:20:00,1148.45,1148.45,1148.45,1148.45,14
2015-02-28 13:21:00,1148.45,1148.45,1148.45,1148.45,0
2015-02-28 13:22:00,1148.45,1148.45,1148.45,1148.45,0
2015-02-28 13:23:00,1147.0,1147.0,1144.0,1144.0,244
2015-02-28 13:24:00,1142.1,1142.1,1142.1,1142.1,81
2015-02-28 13:25:00,1142.1,1142.1,1142.1,1142.1,0
2015-02-28 13:26:00,1144.0,1144.0,1144.0,1144.0,0
2015-02-28 13:27:00,1142.1,1142.1,1141.0,1141.0,18
2015-02-28 13:28:00,1140.1,1140.2,1140.1,1140.2,17
2015-02-28 13:29:00,1142.0,1142.0,1142.0,1142.0,7
2015-02-28 13:30:00,1142.0,1146.95,1142.0,1146.95,1
2015-02-28 13:31:00,1143.65,1143.65,1143.65,1143.65,1
2015-02-28 13:32:00,1143.65,1143.65,1143.65,1143.65,0
2015-02-28 13:33:00,1143.65,1143.65,1143.65,1143.65,0
2015-02-28 13:34:00,1143.65,1143.65,1143.65,1143.65,0
2015-02-28 13:35:00,1140.0,1140.0,1138.8,1138.8,62
2015-02-28 13:36:00,1138.8,1138.8,1138.8,1138.8,6
2015-02-28 13:37:00,1138.0,1138.0,1138.0,1138.0,2
2015-02-28 13:38:00,1138.0,1138.0,1138.0,1138.0,0
2015-02-28 13:39:00,1138.0,1138.0,1138.0,1138.0,0
2015-02-28 13:40:00,1144.8,1144.8,1144.8,1144.8,50
2015-02-28 13:41:00,1144.8,1144.8,1144.75,1144.75,5
2015-02-28 13:42:00,1144.75,1144.75,1144.75,1144.75,0
2015-02-28 13:43:00,1144.75,1144.75,1144.75,1144.75,0
2015-02-28 13:44:00,1144.75,1144.75,1144.15,1144.15,25
2015-02-28 13:45:00,1144.8,1144.8,1144.8,1144.8,7
2015-02-28 13:46:00,1144.8,1144.8,1144.15,1144.8,31
2015-02-28 13:47:00,1144.8,1144.8,1144.8,1144.8,0
2015-02-28 13:48:00,1144.8,1144.8,1144.8,1144.8,1
2015-02-28 13:49:00,1144.8,1144.8,1144.2,1144.2,5
2015-02-28 13:50:00,1144.2,1144.2,1144.2,1144.2,0
2015-02-28 13:51:00,1144.2,1144.8,1144.2,1144.8,16
2015-02-28 13:52:00,1144.2,1144.2,1144.2,1144.2,7
2015-02-28 13:53:00,1144.2,1144.2,1144.2,1144.2,0
2015-02-28 13:54:00,1144.2,1144.2,1144.2,1144.2,1
2015-02-28 13:55:00,1144.2,1144.2,1144.2,1144.2,8
2015-02-28 13:56:00,1144.2,1144.2,1144.15,1144.15,35
2015-02-28 13:57:00,1144.15,1144.15,1144.15,1144.15,0
2015-02-28 13:58:00,1144.15,1144.15,1144.15,1144.15,0
2015-02-28 13:59:00,1148.35,1148.35,1148.35,1148.35,6
2015-02-28 14:00:00,1148.35,1148.35,1148.35,1148.35,0
2015-02-28 14:01:00,1148.35,1148.35,1148.35,1148.35,0
2015-02-28 14:02:00,1146.5,1147.8,1145.5,1145.5,77
2015-02-28 14:03:00,1145.5,1145.5,1145.5,1145.5,0
2015-02-28 14:04:00,1145.5,1146.65,1145.5,1146.65,10
2015-02-28 14:05:00,1146.65,1146.65,1146.65,1146.65,0
2015-02-28 14:06:00,1146.65,1146.65,1146.65,1146.65,0
2015-02-28 14:07:00,1146.65,1146.65,1146.65,1146.65,0
2015-02-28 14:08:00,1148.0,1148.0,1145.75,1145.75,56
2015-02-28 14:09:00,1145.75,1145.75,1145.75,1145.75,0
2015-02-28 14:10:00,1145.75,1145.75,1145.75,1145.75,0
2015-02-28 14:11:00,1145.75,1145.75,1145.75,1145.75,0
2015-02-28 14:12:00,1145.75,1145.75,1145.75,1145.75,0
2015-02-28 14:13:00,1145.75,1146.35,1144.15,1146.35,60
2015-02-28 14:14:00,1146.4,1146.4,1146.4,1146.4,18
2015-02-28 14:15:00,1146.4,1146.4,1146.4,1146.4,0
2015-02-28 14:16:00,1146.35,1146.35,1146.35,1146.35,0
2015-02-28 14:17:00,1144.2,1144.2,1144.2,1144.2,0
2015-02-28 14:18:00,1146.1,1146.1,1145.15,1145.15,51
2015-02-28 14:19:00,1145.15,1145.15,1145.15,1145.15,0
2015-02-28 14:20:00,1145.15,1145.15,1145.15,1145.15,0
2015-02-28 14:21:00,1145.15,1145.15,1145.15,1145.15,0
2015-02-28 14:22:00,1145.15,1145.15,1145.15,1145.15,0
2015-02-28 14:23:00,1145.15,1145.15,1145.15,1145.15,0
2015-02-28 14:24:00,1147.0,1147.0,1147.0,1147.0,10
2015-02-28 14:25:00,1146.15,1146.15,1146.15,1146.15,2
2015-02-28 14:26:00,1146.15,1146.15,1146.15,1146.15,1
2015-02-28 14:27:00,1146.15,1146.15,1146.15,1146.15,0
2015-02-28 14:28:00,1146.15,1146.15,1146.15,1146.15,0
2015-02-28 14:29:00,1146.15,1146.15,1146.15,1146.15,34
2015-02-28 14:30:00,1147.95,1147.95,1147.95,1147.95,60
2015-02-28 14:31:00,1147.95,1148.05,1147.95,1148.05,15
2015-02-28 14:32:00,1148.05,1148.05,1148.05,1148.05,0
2015-02-28 14:33:00,1148.05,1148.05,1148.05,1148.05,0
2015-02-28 14:34:00,1148.0,1148.65,1148.0,1148.3,33
2015-02-28 14:35:00,1148.3,1154.6,1148.3,1154.6,19
2015-02-28 14:36:00,1154.6,1154.6,1154.6,1154.6,0
2015-02-28 14:37:00,1154.0,1154.0,1154.0,1154.0,2
2015-02-28 14:38:00,1154.0,1154.0,1154.0,1154.0,0
2015-02-28 14:39:00,1155.0,1155.0,1154.05,1154.05,21
2015-02-28 14:40:00,1154.0,1154.0,1154.0,1154.0,1
2015-02-28 14:41:00,1154.0,1154.0,1154.0,1154.0,0
2015-02-28 14:42:00,1154.0,1154.0,1154.0,1154.0,0
2015-02-28 14:43:00,1154.0,1154.0,1154.0,1154.0,0
2015-02-28 14:44:00,1154.0,1154.0,1154.0,1154.0,0
2015-02-28 14:45:00,1156.3,1156.3,1156.3,1156.3,18
2015-02-28 14:46:00,1156.3,1159.9,1155.3,1156.5,55
2015-02-28 14:47:00,1156.5,1156.5,1156.5,1156.5,0
2015-02-28 14:48:00,1152.6,1152.6,1152.6,1152.6,20
2015-02-28 14:49:00,1152.6,1152.6,1152.6,1152.6,0
2015-02-28 14:50:00,1152.6,1152.6,1152.6,1152.6,0
2015-02-28 14:51:00,1152.6,1152.6,1152.6,1152.6,0
2015-02-28 14:52:00,1157.95,1157.95,1148.25,1148.25,157
2015-02-28 14:53:00,1148.25,1149.0,1148.0,1149.0,15
2015-02-28 14:54:00,1149.0,1149.0,1149.0,1149.0,0
2015-02-28 14:55:00,1149.0,1149.0,1148.0,1148.0,9
2015-02-28 14:56:00,1148.0,1148.0,1148.0,1148.0,0
2015-02-28 14:57:00,1148.0,1148.0,1148.0,1148.0,0
2015-02-28 14:58:00,1148.0,1148.0,1148.0,1148.0,0
2015-02-28 14:59:00,1148.0,1149.0,1148.0,1148.0,39
2015-02-28 15:00:00,1148.0,1148.0,1148.0,1148.0,0
2015-02-28 15:01:00,1148.0,1148.0,1148.0,1148.0,0
2015-02-28 15:02:00,1148.0,1148.0,1148.0,1148.0,0
2015-02-28 15:03:00,1147.15,1147.15,1147.15,1147.15,10
2015-02-28 15:04:00,1147.15,1147.75,1147.15,1147.75,10
2015-02-28 15:05:00,1147.75,1147.75,1136.0,1136.0,456
2015-02-28 15:06:00,1135.0,1135.0,1126.0,1132.8,344
2015-02-28 15:07:00,1130.0,1134.65,1120.0,1123.95,664
2015-02-28 15:08:00,1123.2,1127.05,1123.05,1123.05,28
2015-02-28 15:09:00,1123.05,1125.0,1123.05,1125.0,14
2015-02-28 15:10:00,1129.7,1129.7,1129.65,1129.7,73
2015-02-28 15:11:00,1132.7,1146.6,1132.7,1146.6,191
2015-02-28 15:12:00,1146.15,1146.15,1140.0,1140.0,3
2015-02-28 15:13:00,1140.0,1142.95,1138.0,1138.0,29
2015-02-28 15:14:00,1138.0,1138.0,1138.0,1138.0,0
2015-02-28 15:15:00,1138.0,1151.4,1138.0,1140.1,435
2015-02-28 15:16:00,1140.1,1140.1,1140.1,1140.1,0
2015-02-28 15:17:00,1149.95,1150.0,1149.0,1150.0,89
2015-02-28 15:18:00,1150.0,1150.0,1150.0,1150.0,82
2015-02-28 15:19:00,1150.0,1150.0,1146.3,1147.05,25
2015-02-28 15:20:00,1147.05,1150.0,1147.05,1147.05,84
2015-02-28 15:21:00,1151.0,1151.0,1151.0,1151.0,14
2015-02-28 15:22:00,1151.0,1151.0,1151.0,1151.0,0
2015-02-28 15:23:00,1151.0,1151.0,1149.95,1149.95,6
2015-02-28 15:24:00,1149.95,1150.0,1149.95,1150.0,5
2015-02-28 15:25:00,1150.0,1150.0,1150.0,1150.0,0
2015-02-28 15:26:00,1143.0,1144.6,1143.0,1144.6,115
2015-02-28 15:27:00,1149.95,1149.95,1145.9,1145.9,7
2015-02-28 15:28:00,1152.95,1152.95,1146.05,1150.4,77
2015-02-28 15:29:00,1150.4,1150.4,1144.6,1145.0,199
2015-03-02 09:15:00,1139.95,1140.0,1139.95,1140.0,60
2015-03-02 09:16:00,1140.0,1140.0,1140.0,1140.0,0
2015-03-02 09:17:00,1140.0,1143.0,1139.55,1139.55,2
2015-03-02 09:18:00,1139.55,1141.0,1139.55,1141.0,11
2015-03-02 09:19:00,1141.0,1141.0,1141.0,1141.0,0
2015-03-02 09:20:00,1141.0,1154.4,1141.0,1154.4,153
2015-03-02 09:21:00,1154.4,1154.4,1138.7,1138.7,52
2015-03-02 09:22:00,1146.85,1146.85,1143.55,1143.55,15
2015-03-02 09:23:00,1143.55,1143.55,1143.55,1143.55,0
2015-03-02 09:24:00,1144.8,1147.0,1144.8,1147.0,112
2015-03-02 09:25:00,1147.0,1147.0,1147.0,1147.0,0
2015-03-02 09:26:00,1149.95,1149.95,1149.95,1149.95,1
2015-03-02 09:27:00,1149.95,1149.95,1149.95,1149.95,0
2015-03-02 09:28:00,1149.95,1149.95,1149.95,1149.95,0
2015-03-02 09:29:00,1149.95,1149.95,1149.95,1149.95,0
2015-03-02 09:30:00,1145.1,1145.1,1145.1,1145.1,26
2015-03-02 09:31:00,1145.1,1145.1,1145.1,1145.1,0
2015-03-02 09:32:00,1145.1,1145.1,1145.1,1145.1,0
2015-03-02 09:33:00,1145.1,1145.1,1145.1,1145.1,0
2015-03-02 09:34:00,1145.1,1145.1,1145.1,1145.1,0
2015-03-02 09:35:00,1145.1,1145.1,1145.1,1145.1,0
2015-03-02 09:36:00,1145.1,1145.1,1145.1,1145.1,0
2015-03-02 09:37:00,1145.1,1145.1,1145.1,1145.1,0
2015-03-02 09:38:00,1145.1,1145.1,1142.0,1142.0,120
2015-03-02 09:39:00,1140.0,1140.0,1140.0,1140.0,156
2015-03-02 09:40:00,1140.0,1140.0,1140.0,1140.0,0
2015-03-02 09:41:00,1140.0,1140.0,1140.0,1140.0,15
2015-03-02 09:42:00,1140.0,1141.8,1140.0,1141.8,21
2015-03-02 09:43:00,1141.8,1141.8,1141.8,1141.8,0
2015-03-02 09:44:00,1145.35,1145.35,1145.35,1145.35,1
2015-03-02 09:45:00,1145.35,1145.35,1142.45,1142.45,15
2015-03-02 09:46:00,1142.45,1142.45,1142.45,1142.45,0
2015-03-02 09:47:00,1142.45,1142.45,1142.45,1142.45,0
2015-03-02 09:48:00,1142.45,1142.45,1142.45,1142.45,0
2015-03-02 09:49:00,1142.45,1142.45,1142.45,1142.45,0
2015-03-02 09:50:00,1142.45,1142.45,1142.05,1142.05,5
2015-03-02 09:51:00,1142.05,1142.05,1142.05,1142.05,0
2015-03-02 09:52:00,1142.05,1142.05,1142.05,1142.05,0
2015-03-02 09:53:00,1142.05,1142.05,1142.05,1142.05,0
2015-03-02 09:54:00,1142.05,1142.05,1142.05,1142.05,0
2015-03-02 09:55:00,1142.05,1144.0,1142.05,1144.0,40
2015-03-02 09:56:00,1144.0,1144.8,1144.0,1144.8,11
2015-03-02 09:57:00,1144.8,1145.0,1144.8,1145.0,28
2015-03-02 09:58:00,1145.0,1145.0,1145.0,1145.0,2
2015-03-02 09:59:00,1145.0,1145.0,1145.0,1145.0,0
2015-03-02 10:00:00,1145.0,1145.0,1145.0,1145.0,6
2015-03-02 10:01:00,1145.0,1145.05,1145.0,1145.05,1
2015-03-02 10:02:00,1147.85,1148.0,1147.85,1148.0,53
2015-03-02 10:03:00,1148.0,1148.0,1148.0,1148.0,0
2015-03-02 10:04:00,1148.0,1148.0,1148.0,1148.0,0
2015-03-02 10:05:00,1149.0,1149.0,1147.8,1148.0,40
2015-03-02 10:06:00,1147.95,1147.95,1147.95,1147.95,35
2015-03-02 10:07:00,1147.95,1147.95,1147.95,1147.95,0
2015-03-02 10:08:00,1147.95,1147.95,1147.95,1147.95,0
2015-03-02 10:09:00,1147.95,1147.95,1147.95,1147.95,0
2015-03-02 10:10:00,1147.95,1147.95,1147.95,1147.95,0
2015-03-02 10:11:00,1147.95,1147.95,1147.95,1147.95,0
2015-03-02 10:12:00,1147.95,1147.95,1147.95,1147.95,20
2015-03-02 10:13:00,1147.95,1147.95,1147.95,1147.95,0
2015-03-02 10:14:00,1147.95,1147.95,1147.95,1147.95,0
2015-03-02 10:15:00,1147.95,1147.95,1147.95,1147.95,0
2015-03-02 10:16:00,1145.0,1145.05,1145.0,1145.05,26
2015-03-02 10:17:00,1145.05,1145.05,1145.05,1145.05,0
2015-03-02 10:18:00,1145.05,1145.05,1145.05,1145.05,0
2015-03-02 10:19:00,1145.05,1145.05,1145.05,1145.05,0
2015-03-02 10:20:00,1145.05,1145.05,1145.05,1145.05,0
2015-03-02 10:21:00,1145.05,1145.05,1145.05,1145.05,0
2015-03-02 10:22:00,1145.05,1145.05,1145.05,1145.05,0
2015-03-02 10:23:00,1144.95,1144.95,1144.95,1144.95,86
2015-03-02 10:24:00,1144.95,1144.95,1144.95,1144.95,0
2015-03-02 10:25:00,1144.95,1145.0,1142.75,1142.75,107
2015-03-02 10:26:00,1142.75,1142.75,1142.75,1142.75,0
2015-03-02 10:27:00,1142.75,1145.0,1142.75,1145.0,3
2015-03-02 10:28:00,1145.0,1145.0,1145.0,1145.0,0
2015-03-02 10:29:00,1145.0,1145.0,1145.0,1145.0,50
2015-03-02 10:30:00,1145.0,1145.0,1145.0,1145.0,0
2015-03-02 10:31:00,1145.0,1145.0,1145.0,1145.0,0
2015-03-02 10:32:00,1145.0,1145.0,1145.0,1145.0,0
2015-03-02 10:33:00,1145.0,1145.0,1145.0,1145.0,0
2015-03-02 10:34:00,1145.0,1145.0,1145.0,1145.0,0
2015-03-02 10:35:00,1145.0,1145.0,1145.0,1145.0,0
2015-03-02 10:36:00,1145.0,1145.0,1145.0,1145.0,0
2015-03-02 10:37:00,1145.0,1145.0,1145.0,1145.0,4
2015-03-02 10:38:00,1145.0,1145.0,1145.0,1145.0,400
2015-03-02 10:39:00,1145.0,1145.0,1145.0,1145.0,15
2015-03-02 10:40:00,1145.0,1145.0,1145.0,1145.0,0
2015-03-02 10:41:00,1145.0,1145.0,1145.0,1145.0,0
2015-03-02 10:42:00,1145.0,1145.0,1145.0,1145.0,501
2015-03-02 10:43:00,1145.0,1145.0,1143.5,1143.5,19
2015-03-02 10:44:00,1143.5,1145.0,1143.5,1145.0,50
2015-03-02 10:45:00,1145.0,1145.0,1145.0,1145.0,0
2015-03-02 10:46:00,1145.0,1145.0,1145.0,1145.0,0
2015-03-02 10:47:00,1145.0,1145.0,1145.0,1145.0,0
2015-03-02 10:48:00,1145.0,1145.0,1145.0,1145.0,0
2015-03-02 10:49:00,1145.0,1145.0,1143.5,1143.5,10
2015-03-02 10:50:00,1143.5,1143.5,1143.1,1143.1,60
2015-03-02 10:51:00,1143.1,1143.1,1143.1,1143.1,0
2015-03-02 10:52:00,1143.1,1143.1,1142.75,1142.75,16
2015-03-02 10:53:00,1142.75,1142.75,1142.75,1142.75,0
2015-03-02 10:54:00,1142.75,1142.75,1142.75,1142.75,0
2015-03-02 10:55:00,1142.75,1142.75,1142.75,1142.75,0
2015-03-02 10:56:00,1142.75,1142.75,1142.75,1142.75,0
2015-03-02 10:57:00,1142.75,1142.75,1142.75,1142.75,34
2015-03-02 10:58:00,1142.75,1142.75,1142.75,1142.75,0
2015-03-02 10:59:00,1142.75,1142.75,1141.75,1141.75,1
2015-03-02 11:00:00,1141.75,1141.75,1141.75,1141.75,0
2015-03-02 11:01:00,1141.75,1141.75,1141.75,1141.75,0
2015-03-02 11:02:00,1142.5,1142.5,1140.0,1140.0,112
2015-03-02 11:03:00,1140.0,1140.0,1138.65,1138.65,120
2015-03-02 11:04:00,1138.65,1138.65,1138.65,1138.65,0
2015-03-02 11:05:00,1133.55,1133.55,1126.0,1126.0,302
2015-03-02 11:06:00,1126.0,1128.8,1126.0,1128.8,25
2015-03-02 11:07:00,1128.8,1128.85,1128.8,1128.85,36
2015-03-02 11:08:00,1130.0,1130.0,1130.0,1130.0,250
2015-03-02 11:09:00,1130.0,1130.0,1128.85,1130.0,106
2015-03-02 11:10:00,1130.0,1130.0,1130.0,1130.0,20
2015-03-02 11:11:00,1130.0,1130.0,1130.0,1130.0,6
2015-03-02 11:12:00,1130.0,1130.0,1130.0,1130.0,28
2015-03-02 11:13:00,1130.0,1130.0,1130.0,1130.0,0
2015-03-02 11:14:00,1130.05,1130.05,1130.05,1130.05,1
2015-03-02 11:15:00,1130.05,1130.05,1130.0,1130.0,68
2015-03-02 11:16:00,1130.0,1130.0,1130.0,1130.0,1
2015-03-02 11:17:00,1130.0,1130.0,1130.0,1130.0,0
2015-03-02 11:18:00,1130.0,1130.0,1130.0,1130.0,0
2015-03-02 11:19:00,1130.0,1130.1,1130.0,1130.1,5
2015-03-02 11:20:00,1130.1,1130.1,1130.1,1130.1,5
2015-03-02 11:21:00,1131.0,1131.0,1131.0,1131.0,1
2015-03-02 11:22:00,1131.0,1131.0,1131.0,1131.0,0
2015-03-02 11:23:00,1131.0,1131.0,1131.0,1131.0,0
2015-03-02 11:24:00,1131.0,1131.0,1131.0,1131.0,0
2015-03-02 11:25:00,1131.0,1131.0,1131.0,1131.0,0
2015-03-02 11:26:00,1132.2,1132.2,1130.1,1130.1,59
2015-03-02 11:27:00,1130.1,1130.1,1130.1,1130.1,0
2015-03-02 11:28:00,1131.0,1131.0,1131.0,1131.0,0
2015-03-02 11:29:00,1130.1,1130.1,1130.1,1130.1,0
2015-03-02 11:30:00,1130.1,1130.1,1130.1,1130.1,0
2015-03-02 11:31:00,1130.1,1130.1,1130.1,1130.1,0
2015-03-02 11:32:00,1130.1,1130.1,1130.1,1130.1,4
2015-03-02 11:33:00,1130.1,1130.1,1130.1,1130.1,76
2015-03-02 11:34:00,1130.1,1130.1,1130.1,1130.1,0
2015-03-02 11:35:00,1130.1,1130.1,1130.1,1130.1,0
2015-03-02 11:36:00,1130.1,1130.1,1130.1,1130.1,0
2015-03-02 11:37:00,1130.1,1130.1,1130.1,1130.1,0
2015-03-02 11:38:00,1130.1,1130.1,1130.1,1130.1,0
2015-03-02 11:39:00,1130.1,1130.1,1130.1,1130.1,0
2015-03-02 11:40:00,1130.1,1130.5,1130.1,1130.5,25
2015-03-02 11:41:00,1130.5,1130.5,1130.5,1130.5,0
2015-03-02 11:42:00,1130.5,1130.5,1130.5,1130.5,0
2015-03-02 11:43:00,1130.5,1132.8,1129.25,1132.8,77
2015-03-02 11:44:00,1132.8,1132.8,1132.8,1132.8,0
2015-03-02 11:45:00,1132.8,1133.45,1132.8,1133.45,67
2015-03-02 11:46:00,1133.45,1133.45,1133.45,1133.45,0
2015-03-02 11:47:00,1133.45,1133.45,1133.45,1133.45,0
2015-03-02 11:48:00,1133.45,1133.45,1133.45,1133.45,0
2015-03-02 11:49:00,1133.45,1133.45,1133.45,1133.45,0
2015-03-02 11:50:00,1133.45,1133.45,1133.45,1133.45,0
2015-03-02 11:51:00,1133.45,1133.45,1133.45,1133.45,0
2015-03-02 11:52:00,1133.45,1133.45,1133.45,1133.45,0
2015-03-02 11:53:00,1134.0,1136.0,1134.0,1136.0,50
2015-03-02 11:54:00,1136.0,1136.0,1136.0,1136.0,0
2015-03-02 11:55:00,1136.0,1136.0,1136.0,1136.0,0
2015-03-02 11:56:00,1136.0,1136.0,1135.95,1136.0,60
2015-03-02 11:57:00,1136.0,1136.0,1136.0,1136.0,0
2015-03-02 11:58:00,1136.0,1136.0,1136.0,1136.0,0
2015-03-02 11:59:00,1136.0,1136.0,1136.0,1136.0,0
2015-03-02 12:00:00,1136.0,1136.0,1136.0,1136.0,10
2015-03-02 12:01:00,1136.0,1136.0,1136.0,1136.0,1
2015-03-02 12:02:00,1136.0,1136.0,1136.0,1136.0,20
2015-03-02 12:03:00,1136.0,1136.0,1136.0,1136.0,0
2015-03-02 12:04:00,1136.0,1136.0,1136.0,1136.0,0
2015-03-02 12:05:00,1136.0,1136.0,1136.0,1136.0,0
2015-03-02 12:06:00,1136.0,1136.0,1136.0,1136.0,5
2015-03-02 12:07:00,1136.0,1136.0,1136.0,1136.0,7
2015-03-02 12:08:00,1136.0,1136.0,1136.0,1136.0,0
2015-03-02 12:09:00,1136.0,1136.0,1136.0,1136.0,0
2015-03-02 12:10:00,1136.0,1136.0,1136.0,1136.0,0
2015-03-02 12:11:00,1136.0,1136.0,1136.0,1136.0,0
2015-03-02 12:12:00,1136.0,1136.0,1136.0,1136.0,0
2015-03-02 12:13:00,1136.0,1136.0,1136.0,1136.0,0
2015-03-02 12:14:00,1136.0,1136.0,1136.0,1136.0,0
2015-03-02 12:15:00,1136.0,1136.0,1136.0,1136.0,0
2015-03-02 12:16:00,1136.0,1136.0,1136.0,1136.0,0
2015-03-02 12:17:00,1136.0,1136.0,1136.0,1136.0,0
2015-03-02 12:18:00,1136.0,1136.0,1136.0,1136.0,0
2015-03-02 12:19:00,1136.0,1136.0,1136.0,1136.0,0
2015-03-02 12:20:00,1136.0,1136.0,1136.0,1136.0,0
2015-03-02 12:21:00,1134.0,1134.0,1134.0,1134.0,13
2015-03-02 12:22:00,1135.95,1135.95,1135.95,1135.95,1
2015-03-02 12:23:00,1135.0,1136.3,1135.0,1136.3,22
2015-03-02 12:24:00,1136.3,1136.3,1136.3,1136.3,0
2015-03-02 12:25:00,1136.3,1143.0,1136.3,1143.0,54
2015-03-02 12:26:00,1143.0,1145.0,1136.85,1136.85,232
2015-03-02 12:27:00,1145.0,1145.0,1145.0,1145.0,40
2015-03-02 12:28:00,1145.0,1145.0,1145.0,1145.0,0
2015-03-02 12:29:00,1145.0,1145.0,1145.0,1145.0,0
2015-03-02 12:30:00,1145.0,1145.0,1145.0,1145.0,0
2015-03-02 12:31:00,1145.0,1145.0,1145.0,1145.0,0
2015-03-02 12:32:00,1145.0,1145.0,1145.0,1145.0,0
2015-03-02 12:33:00,1145.0,1145.0,1145.0,1145.0,0
2015-03-02 12:34:00,1145.0,1145.0,1145.0,1145.0,0
2015-03-02 12:35:00,1145.0,1145.0,1145.0,1145.0,0
2015-03-02 12:36:00,1145.0,1145.0,1145.0,1145.0,0
2015-03-02 12:37:00,1145.0,1145.0,1145.0,1145.0,0
2015-03-02 12:38:00,1144.45,1144.45,1144.45,1144.45,2
2015-03-02 12:39:00,1144.45,1144.45,1144.45,1144.45,0
2015-03-02 12:40:00,1144.45,1144.45,1144.45,1144.45,0
2015-03-02 12:41:00,1144.45,1144.45,1144.45,1144.45,0
2015-03-02 12:42:00,1145.0,1145.0,1145.0,1145.0,0
2015-03-02 12:43:00,1144.45,1144.45,1144.45,1144.45,0
2015-03-02 12:44:00,1144.45,1144.45,1144.45,1144.45,0
2015-03-02 12:45:00,1144.45,1144.45,1144.45,1144.45,0
2015-03-02 12:46:00,1145.0,1145.0,1145.0,1145.0,0
2015-03-02 12:47:00,1144.45,1144.45,1144.45,1144.45,0
2015-03-02 12:48:00,1145.0,1145.0,1145.0,1145.0,0
2015-03-02 12:49:00,1144.45,1144.45,1143.0,1143.0,1
2015-03-02 12:50:00,1141.25,1141.25,1141.25,1141.25,8
2015-03-02 12:51:00,1141.25,1141.25,1141.05,1141.05,2
2015-03-02 12:52:00,1141.05,1141.05,1141.05,1141.05,10
2015-03-02 12:53:00,1141.0,1141.0,1141.0,1141.0,5
2015-03-02 12:54:00,1141.0,1141.0,1141.0,1141.0,0
2015-03-02 12:55:00,1141.05,1141.05,1141.05,1141.05,0
2015-03-02 12:56:00,1141.0,1141.0,1141.0,1141.0,0
2015-03-02 12:57:00,1141.05,1141.05,1141.05,1141.05,0
2015-03-02 12:58:00,1141.0,1141.0,1141.0,1141.0,0
2015-03-02 12:59:00,1140.0,1140.0,1140.0,1140.0,250
2015-03-02 13:00:00,1140.0,1140.0,1140.0,1140.0,0
2015-03-02 13:01:00,1141.05,1141.05,1141.05,1141.05,0
2015-03-02 13:02:00,1140.0,1140.0,1140.0,1140.0,0
2015-03-02 13:03:00,1140.0,1140.0,1140.0,1140.0,5
2015-03-02 13:04:00,1145.0,1145.0,1145.0,1145.0,290
2015-03-02 13:05:00,1145.0,1145.0,1145.0,1145.0,0
2015-03-02 13:06:00,1140.0,1140.0,1140.0,1140.0,0
2015-03-02 13:07:00,1145.0,1145.0,1145.0,1145.0,0
2015-03-02 13:08:00,1145.0,1145.0,1145.0,1145.0,0
2015-03-02 13:09:00,1145.0,1145.0,1145.0,1145.0,0
2015-03-02 13:10:00,1145.0,1145.0,1145.0,1145.0,0
2015-03-02 13:11:00,1145.0,1145.0,1145.0,1145.0,0
2015-03-02 13:12:00,1145.0,1145.0,1145.0,1145.0,0
2015-03-02 13:13:00,1145.0,1145.0,1145.0,1145.0,0
2015-03-02 13:14:00,1145.0,1145.0,1145.0,1145.0,0
2015-03-02 13:15:00,1145.0,1145.0,1145.0,1145.0,0
2015-03-02 13:16:00,1145.0,1145.0,1145.0,1145.0,0
2015-03-02 13:17:00,1145.0,1145.0,1145.0,1145.0,0
2015-03-02 13:18:00,1145.0,1145.0,1145.0,1145.0,0
2015-03-02 13:19:00,1145.0,1145.0,1145.0,1145.0,0
2015-03-02 13:20:00,1145.0,1145.0,1145.0,1145.0,0
2015-03-02 13:21:00,1145.0,1145.0,1145.0,1145.0,0
2015-03-02 13:22:00,1145.0,1145.0,1145.0,1145.0,0
2015-03-02 13:23:00,1145.0,1145.0,1145.0,1145.0,0
2015-03-02 13:24:00,1140.0,1140.0,1140.0,1140.0,379
2015-03-02 13:25:00,1140.0,1140.0,1140.0,1140.0,0
2015-03-02 13:26:00,1140.0,1140.0,1140.0,1140.0,0
2015-03-02 13:27:00,1140.0,1140.0,1140.0,1140.0,0
2015-03-02 13:28:00,1140.0,1140.0,1140.0,1140.0,0
2015-03-02 13:29:00,1140.0,1140.0,1140.0,1140.0,0
2015-03-02 13:30:00,1139.95,1139.95,1139.95,1139.95,2
2015-03-02 13:31:00,1139.95,1139.95,1139.95,1139.95,0
2015-03-02 13:32:00,1139.95,1139.95,1139.95,1139.95,5
2015-03-02 13:33:00,1139.95,1139.95,1139.95,1139.95,0
2015-03-02 13:34:00,1139.95,1139.95,1139.95,1139.95,0
2015-03-02 13:35:00,1139.95,1139.95,1139.95,1139.95,0
2015-03-02 13:36:00,1139.95,1139.95,1139.95,1139.95,0
2015-03-02 13:37:00,1139.95,1139.95,1139.95,1139.95,0
2015-03-02 13:38:00,1139.95,1139.95,1139.95,1139.95,0
2015-03-02 13:39:00,1139.95,1139.95,1139.95,1139.95,0
2015-03-02 13:40:00,1139.95,1139.95,1139.95,1139.95,0
2015-03-02 13:41:00,1140.0,1140.0,1140.0,1140.0,5
2015-03-02 13:42:00,1140.0,1140.0,1140.0,1140.0,10
2015-03-02 13:43:00,1140.0,1140.0,1140.0,1140.0,0
2015-03-02 13:44:00,1140.0,1140.0,1140.0,1140.0,0
2015-03-02 13:45:00,1140.0,1140.0,1140.0,1140.0,0
2015-03-02 13:46:00,1140.0,1140.0,1140.0,1140.0,0
2015-03-02 13:47:00,1140.0,1140.0,1140.0,1140.0,0
2015-03-02 13:48:00,1137.6,1137.6,1137.6,1137.6,42
2015-03-02 13:49:00,1137.6,1137.6,1137.6,1137.6,0
2015-03-02 13:50:00,1139.95,1139.95,1139.95,1139.95,1
2015-03-02 13:51:00,1139.95,1139.95,1139.95,1139.95,0
2015-03-02 13:52:00,1130.0,1135.0,1130.0,1135.0,127
2015-03-02 13:53:00,1135.0,1135.0,1133.45,1133.45,10
2015-03-02 13:54:00,1133.45,1134.0,1133.45,1134.0,40
2015-03-02 13:55:00,1133.95,1133.95,1133.95,1133.95,11
2015-03-02 13:56:00,1133.95,1133.95,1133.95,1133.95,0
2015-03-02 13:57:00,1129.3,1129.3,1129.3,1129.3,140
2015-03-02 13:58:00,1128.0,1128.0,1127.95,1128.0,228
2015-03-02 13:59:00,1128.0,1128.0,1128.0,1128.0,10
2015-03-02 14:00:00,1128.0,1128.0,1128.0,1128.0,47
2015-03-02 14:01:00,1127.95,1127.95,1127.95,1127.95,65
2015-03-02 14:02:00,1130.05,1130.05,1124.9,1124.9,1374
2015-03-02 14:03:00,1124.9,1125.0,1124.9,1125.0,1
2015-03-02 14:04:00,1113.7,1113.7,1113.35,1113.35,436
2015-03-02 14:05:00,1113.4,1115.0,1113.4,1115.0,168
2015-03-02 14:06:00,1115.0,1116.95,1114.05,1115.0,217
2015-03-02 14:07:00,1115.0,1115.0,1114.55,1114.55,378
2015-03-02 14:08:00,1115.0,1115.0,1114.9,1114.9,183
2015-03-02 14:09:00,1114.5,1115.0,1114.5,1115.0,122
2015-03-02 14:10:00,1114.75,1114.75,1114.75,1114.75,5
2015-03-02 14:11:00,1114.75,1114.9,1114.7,1114.9,77
2015-03-02 14:12:00,1114.9,1115.0,1111.05,1111.05,1597
2015-03-02 14:13:00,1111.25,1114.75,1111.25,1114.75,522
2015-03-02 14:14:00,1114.75,1114.75,1110.0,1114.7,451
2015-03-02 14:15:00,1114.7,1114.75,1114.7,1114.75,125
2015-03-02 14:16:00,1114.75,1114.75,1114.75,1114.75,74
2015-03-02 14:17:00,1114.75,1115.0,1114.75,1115.0,1822
2015-03-02 14:18:00,1115.0,1115.0,1114.95,1114.95,62
2015-03-02 14:19:00,1114.95,1114.95,1114.95,1114.95,0
2015-03-02 14:20:00,1114.95,1114.95,1114.95,1114.95,8
2015-03-02 14:21:00,1112.0,1112.0,1112.0,1112.0,152
2015-03-02 14:22:00,1112.0,1112.0,1111.55,1112.0,299
2015-03-02 14:23:00,1112.0,1112.0,1112.0,1112.0,15
2015-03-02 14:24:00,1112.0,1112.0,1112.0,1112.0,106
2015-03-02 14:25:00,1112.0,1112.0,1112.0,1112.0,81
2015-03-02 14:26:00,1112.0,1112.0,1111.95,1112.0,77
2015-03-02 14:27:00,1112.0,1112.0,1111.95,1112.0,80
2015-03-02 14:28:00,1112.0,1112.0,1112.0,1112.0,141
2015-03-02 14:29:00,1112.0,1112.0,1112.0,1112.0,56
2015-03-02 14:30:00,1112.0,1112.0,1112.0,1112.0,106
2015-03-02 14:31:00,1111.95,1111.95,1111.95,1111.95,46
2015-03-02 14:32:00,1112.0,1112.0,1112.0,1112.0,88
2015-03-02 14:33:00,1112.0,1115.0,1112.0,1115.0,91
2015-03-02 14:34:00,1115.0,1115.0,1114.0,1114.0,6
2015-03-02 14:35:00,1114.0,1115.0,1114.0,1115.0,56
2015-03-02 14:36:00,1114.95,1115.0,1114.95,1115.0,43
2015-03-02 14:37:00,1115.0,1115.0,1115.0,1115.0,49
2015-03-02 14:38:00,1115.0,1115.0,1115.0,1115.0,276
2015-03-02 14:39:00,1115.0,1115.0,1114.8,1114.8,7
2015-03-02 14:40:00,1114.95,1114.95,1114.8,1114.8,45
2015-03-02 14:41:00,1114.8,1114.95,1114.8,1114.95,10
2015-03-02 14:42:00,1114.95,1115.0,1114.95,1115.0,236
2015-03-02 14:43:00,1115.0,1115.0,1114.9,1115.0,59
2015-03-02 14:44:00,1114.95,1115.0,1114.95,1115.0,19
2015-03-02 14:45:00,1115.0,1115.0,1115.0,1115.0,0
2015-03-02 14:46:00,1115.0,1115.0,1114.75,1114.95,128
2015-03-02 14:47:00,1114.95,1114.95,1114.95,1114.95,4
2015-03-02 14:48:00,1114.85,1114.9,1114.85,1114.85,40
2015-03-02 14:49:00,1115.0,1115.0,1115.0,1115.0,134
2015-03-02 14:50:00,1115.0,1115.0,1115.0,1115.0,52
2015-03-02 14:51:00,1115.0,1115.0,1114.95,1114.95,161
2015-03-02 14:52:00,1114.2,1114.2,1114.2,1114.2,8
2015-03-02 14:53:00,1114.2,1114.95,1114.2,1114.95,11
2015-03-02 14:54:00,1114.95,1114.95,1114.95,1114.95,3
2015-03-02 14:55:00,1114.95,1114.95,1114.95,1114.95,5
2015-03-02 14:56:00,1114.95,1115.0,1114.95,1115.0,106
2015-03-02 14:57:00,1115.0,1115.0,1115.0,1115.0,105
2015-03-02 14:58:00,1115.0,1115.0,1115.0,1115.0,56
2015-03-02 14:59:00,1115.0,1115.0,1115.0,1115.0,30
2015-03-02 15:00:00,1115.0,1115.0,1115.0,1115.0,106
2015-03-02 15:01:00,1115.0,1115.0,1114.8,1114.8,36
2015-03-02 15:02:00,1114.8,1114.8,1114.0,1114.0,184
2015-03-02 15:03:00,1114.5,1115.0,1114.5,1115.0,68
2015-03-02 15:04:00,1115.0,1115.0,1115.0,1115.0,0
2015-03-02 15:05:00,1114.95,1114.95,1114.85,1114.85,41
2015-03-02 15:06:00,1114.85,1114.85,1114.85,1114.85,0
2015-03-02 15:07:00,1114.85,1114.95,1114.7,1114.95,11
2015-03-02 15:08:00,1114.95,1115.0,1114.0,1114.0,269
2015-03-02 15:09:00,1113.95,1114.25,1112.0,1112.0,150
2015-03-02 15:10:00,1112.0,1112.0,1112.0,1112.0,0
2015-03-02 15:11:00,1114.9,1114.95,1114.9,1114.95,19
2015-03-02 15:12:00,1114.9,1114.95,1114.9,1114.95,18
2015-03-02 15:13:00,1114.95,1114.95,1114.95,1114.95,12
2015-03-02 15:14:00,1114.95,1116.0,1114.95,1116.0,99
2015-03-02 15:15:00,1116.0,1116.0,1115.0,1115.0,45
2015-03-02 15:16:00,1116.85,1116.85,1116.3,1116.85,145
2015-03-02 15:17:00,1117.25,1122.0,1117.25,1122.0,104
2015-03-02 15:18:00,1120.0,1122.0,1120.0,1122.0,120
2015-03-02 15:19:00,1127.8,1128.85,1123.65,1124.0,224
2015-03-02 15:20:00,1123.0,1123.0,1123.0,1123.0,5
2015-03-02 15:21:00,1124.1,1132.0,1123.0,1132.0,454
2015-03-02 15:22:00,1125.05,1125.05,1123.0,1123.05,39
2015-03-02 15:23:00,1123.05,1131.95,1123.05,1130.0,356
2015-03-02 15:24:00,1126.35,1130.0,1126.35,1130.0,86
2015-03-02 15:25:00,1130.0,1130.0,1130.0,1130.0,250
2015-03-02 15:26:00,1129.9,1129.9,1127.15,1127.15,188
2015-03-02 15:27:00,1127.15,1130.0,1126.95,1130.0,424
2015-03-02 15:28:00,1130.0,1130.0,1125.05,1125.05,15
2015-03-02 15:29:00,1130.0,1130.0,1125.2,1125.2,62
2015-03-03 09:15:00,1125.2,1125.2,1125.2,1125.2,0
2015-03-03 09:16:00,1127.0,1127.0,1119.05,1119.65,45
2015-03-03 09:17:00,1119.65,1119.65,1116.0,1116.0,86
2015-03-03 09:18:00,1119.75,1119.75,1119.75,1119.75,6
2015-03-03 09:19:00,1119.75,1119.75,1119.75,1119.75,0
2015-03-03 09:20:00,1124.35,1124.35,1124.35,1124.35,20
2015-03-03 09:21:00,1124.35,1124.35,1124.35,1124.35,0
2015-03-03 09:22:00,1124.35,1124.4,1120.0,1120.0,69
2015-03-03 09:23:00,1120.0,1120.0,1120.0,1120.0,0
2015-03-03 09:24:00,1120.0,1120.0,1120.0,1120.0,30
2015-03-03 09:25:00,1125.9,1125.9,1125.9,1125.9,10
2015-03-03 09:26:00,1125.9,1127.0,1125.9,1127.0,40
2015-03-03 09:27:00,1127.0,1127.0,1127.0,1127.0,37
2015-03-03 09:28:00,1127.0,1127.0,1127.0,1127.0,0
2015-03-03 09:29:00,1129.2,1129.2,1129.2,1129.2,1
2015-03-03 09:30:00,1129.2,1129.2,1129.2,1129.2,0
2015-03-03 09:31:00,1129.2,1134.0,1129.2,1134.0,16
2015-03-03 09:32:00,1139.0,1139.0,1133.45,1133.45,34
2015-03-03 09:33:00,1133.45,1133.45,1125.0,1125.0,50
2015-03-03 09:34:00,1130.7,1130.7,1127.05,1128.0,120
2015-03-03 09:35:00,1128.0,1128.0,1128.0,1128.0,0
2015-03-03 09:36:00,1128.0,1135.15,1128.0,1132.15,124
2015-03-03 09:37:00,1129.15,1131.6,1129.15,1131.6,48
2015-03-03 09:38:00,1131.6,1131.6,1131.6,1131.6,0
2015-03-03 09:39:00,1131.6,1131.6,1131.6,1131.6,0
2015-03-03 09:40:00,1131.6,1131.6,1131.6,1131.6,0
2015-03-03 09:41:00,1131.6,1131.6,1131.6,1131.6,0
2015-03-03 09:42:00,1131.6,1131.6,1131.6,1131.6,0
2015-03-03 09:43:00,1131.6,1131.6,1131.6,1131.6,0
2015-03-03 09:44:00,1133.4,1134.6,1133.4,1134.6,7
2015-03-03 09:45:00,1133.4,1135.0,1133.4,1135.0,24
2015-03-03 09:46:00,1135.0,1135.0,1132.2,1132.2,11
2015-03-03 09:47:00,1132.2,1132.2,1132.2,1132.2,0
2015-03-03 09:48:00,1135.0,1135.0,1135.0,1135.0,0
2015-03-03 09:49:00,1132.2,1132.2,1132.2,1132.2,0
2015-03-03 09:50:00,1132.2,1132.2,1132.2,1132.2,0
2015-03-03 09:51:00,1132.2,1132.2,1132.2,1132.2,0
2015-03-03 09:52:00,1130.05,1130.05,1130.05,1130.05,10
2015-03-03 09:53:00,1130.05,1132.8,1130.05,1132.8,50
2015-03-03 09:54:00,1132.8,1135.0,1132.8,1135.0,50
2015-03-03 09:55:00,1135.0,1135.0,1135.0,1135.0,27
2015-03-03 09:56:00,1135.0,1135.0,1135.0,1135.0,0
2015-03-03 09:57:00,1135.0,1135.0,1135.0,1135.0,0
2015-03-03 09:58:00,1135.0,1135.0,1135.0,1135.0,0
2015-03-03 09:59:00,1136.05,1136.05,1136.05,1136.05,5
2015-03-03 10:00:00,1136.05,1136.05,1136.05,1136.05,0
2015-03-03 10:01:00,1136.25,1136.25,1136.25,1136.25,5
2015-03-03 10:02:00,1136.25,1136.25,1136.25,1136.25,0
2015-03-03 10:03:00,1137.15,1137.15,1137.15,1137.15,34
2015-03-03 10:04:00,1131.6,1131.6,1131.6,1131.6,8
2015-03-03 10:05:00,1131.6,1131.6,1130.0,1130.0,107
2015-03-03 10:06:00,1130.0,1130.0,1130.0,1130.0,0
2015-03-03 10:07:00,1130.0,1130.0,1130.0,1130.0,0
2015-03-03 10:08:00,1130.0,1130.0,1130.0,1130.0,0
2015-03-03 10:09:00,1130.0,1136.35,1130.0,1136.35,10
2015-03-03 10:10:00,1136.35,1137.85,1136.35,1137.85,10
2015-03-03 10:11:00,1138.0,1139.0,1131.9,1131.9,79
2015-03-03 10:12:00,1137.0,1137.0,1132.05,1132.05,28
2015-03-03 10:13:00,1135.75,1135.75,1135.75,1135.75,44
2015-03-03 10:14:00,1135.75,1135.75,1135.75,1135.75,0
2015-03-03 10:15:00,1135.75,1135.75,1135.75,1135.75,0
2015-03-03 10:16:00,1136.95,1136.95,1136.95,1136.95,2
2015-03-03 10:17:00,1136.95,1136.95,1136.95,1136.95,0
2015-03-03 10:18:00,1137.0,1137.0,1135.05,1135.05,62
2015-03-03 10:19:00,1135.05,1135.05,1135.05,1135.05,0
2015-03-03 10:20:00,1135.05,1135.05,1135.05,1135.05,0
2015-03-03 10:21:00,1135.05,1135.05,1135.05,1135.05,0
2015-03-03 10:22:00,1135.05,1135.05,1135.05,1135.05,5
2015-03-03 10:23:00,1135.05,1135.05,1135.05,1135.05,0
2015-03-03 10:24:00,1135.0,1135.0,1135.0,1135.0,10
2015-03-03 10:25:00,1135.0,1135.0,1135.0,1135.0,0
2015-03-03 10:26:00,1135.0,1135.0,1135.0,1135.0,0
2015-03-03 10:27:00,1135.0,1135.0,1135.0,1135.0,0
2015-03-03 10:28:00,1135.0,1135.0,1135.0,1135.0,0
2015-03-03 10:29:00,1135.0,1135.0,1135.0,1135.0,0
2015-03-03 10:30:00,1137.0,1137.0,1137.0,1137.0,1
2015-03-03 10:31:00,1137.0,1137.0,1137.0,1137.0,0
2015-03-03 10:32:00,1137.0,1137.0,1137.0,1137.0,0
2015-03-03 10:33:00,1137.0,1137.0,1137.0,1137.0,0
2015-03-03 10:34:00,1137.0,1137.0,1137.0,1137.0,0
2015-03-03 10:35:00,1137.0,1137.0,1137.0,1137.0,0
2015-03-03 10:36:00,1137.0,1137.0,1137.0,1137.0,0
2015-03-03 10:37:00,1137.0,1137.0,1137.0,1137.0,0
2015-03-03 10:38:00,1137.0,1137.0,1137.0,1137.0,4
2015-03-03 10:39:00,1137.0,1137.0,1137.0,1137.0,0
2015-03-03 10:40:00,1137.0,1137.0,1137.0,1137.0,0
2015-03-03 10:41:00,1137.0,1137.0,1137.0,1137.0,0
2015-03-03 10:42:00,1137.0,1137.0,1137.0,1137.0,0
2015-03-03 10:43:00,1137.0,1137.0,1137.0,1137.0,60
2015-03-03 10:44:00,1137.0,1137.0,1137.0,1137.0,2
2015-03-03 10:45:00,1137.0,1137.0,1137.0,1137.0,0
2015-03-03 10:46:00,1130.0,1130.0,1130.0,1130.0,199
2015-03-03 10:47:00,1130.0,1130.0,1130.0,1130.0,0
2015-03-03 10:48:00,1130.0,1130.0,1130.0,1130.0,0
2015-03-03 10:49:00,1134.0,1136.95,1134.0,1136.95,25
2015-03-03 10:50:00,1136.95,1136.95,1136.95,1136.95,0
2015-03-03 10:51:00,1136.95,1136.95,1136.95,1136.95,0
2015-03-03 10:52:00,1136.95,1136.95,1136.95,1136.95,0
2015-03-03 10:53:00,1136.95,1136.95,1135.75,1135.75,1
2015-03-03 10:54:00,1135.75,1135.75,1135.75,1135.75,0
2015-03-03 10:55:00,1131.45,1131.45,1131.45,1131.45,8
2015-03-03 10:56:00,1131.45,1131.45,1131.45,1131.45,0
2015-03-03 10:57:00,1131.45,1131.45,1131.45,1131.45,0
2015-03-03 10:58:00,1131.45,1133.4,1131.45,1133.4,9
2015-03-03 10:59:00,1133.4,1136.05,1133.4,1136.05,35
2015-03-03 11:00:00,1136.05,1136.05,1136.05,1136.05,5
2015-03-03 11:01:00,1136.05,1136.95,1136.05,1136.95,5
2015-03-03 11:02:00,1136.95,1136.95,1136.95,1136.95,0
2015-03-03 11:03:00,1136.95,1136.95,1136.95,1136.95,38
2015-03-03 11:04:00,1137.0,1137.0,1137.0,1137.0,7
2015-03-03 11:05:00,1137.0,1137.0,1137.0,1137.0,0
2015-03-03 11:06:00,1137.0,1137.0,1137.0,1137.0,0
2015-03-03 11:07:00,1140.45,1140.45,1140.05,1140.05,105
2015-03-03 11:08:00,1140.4,1140.45,1140.4,1140.45,26
2015-03-03 11:09:00,1140.45,1140.45,1140.45,1140.45,0
2015-03-03 11:10:00,1140.45,1142.0,1140.45,1142.0,46
2015-03-03 11:11:00,1142.0,1142.0,1142.0,1142.0,0
2015-03-03 11:12:00,1142.0,1142.0,1142.0,1142.0,0
2015-03-03 11:13:00,1142.0,1142.0,1142.0,1142.0,0
2015-03-03 11:14:00,1142.0,1142.0,1142.0,1142.0,0
2015-03-03 11:15:00,1142.0,1142.0,1142.0,1142.0,0
2015-03-03 11:16:00,1142.0,1142.0,1140.0,1140.0,64
2015-03-03 11:17:00,1140.05,1140.05,1136.5,1136.5,15
2015-03-03 11:18:00,1136.5,1136.5,1136.5,1136.5,0
2015-03-03 11:19:00,1140.55,1140.55,1140.55,1140.55,10
2015-03-03 11:20:00,1140.55,1140.55,1137.0,1137.0,25
2015-03-03 11:21:00,1137.0,1137.0,1136.5,1136.5,85
2015-03-03 11:22:00,1136.5,1136.5,1136.5,1136.5,4
2015-03-03 11:23:00,1136.5,1136.5,1136.5,1136.5,0
2015-03-03 11:24:00,1136.5,1136.5,1136.5,1136.5,10
2015-03-03 11:25:00,1136.5,1136.5,1136.5,1136.5,0
2015-03-03 11:26:00,1136.5,1136.5,1136.5,1136.5,2
2015-03-03 11:27:00,1133.05,1133.05,1133.0,1133.0,226
2015-03-03 11:28:00,1133.0,1133.0,1133.0,1133.0,0
2015-03-03 11:29:00,1132.95,1132.95,1132.95,1132.95,10
2015-03-03 11:30:00,1132.95,1132.95,1132.95,1132.95,0
2015-03-03 11:31:00,1132.95,1132.95,1132.95,1132.95,0
2015-03-03 11:32:00,1132.95,1133.0,1132.95,1133.0,79
2015-03-03 11:33:00,1133.95,1133.95,1133.95,1133.95,10
2015-03-03 11:34:00,1133.95,1133.95,1133.95,1133.95,0
2015-03-03 11:35:00,1133.95,1133.95,1133.95,1133.95,0
2015-03-03 11:36:00,1133.95,1133.95,1133.2,1133.2,2
2015-03-03 11:37:00,1133.2,1133.2,1133.2,1133.2,0
2015-03-03 11:38:00,1133.2,1133.2,1133.2,1133.2,0
2015-03-03 11:39:00,1133.2,1133.2,1133.2,1133.2,0
2015-03-03 11:40:00,1135.85,1135.85,1135.85,1135.85,215
2015-03-03 11:41:00,1135.85,1135.85,1135.85,1135.85,0
2015-03-03 11:42:00,1135.85,1135.85,1135.85,1135.85,10
2015-03-03 11:43:00,1138.15,1138.15,1138.15,1138.15,5
2015-03-03 11:44:00,1138.15,1138.15,1138.15,1138.15,0
2015-03-03 11:45:00,1138.15,1138.15,1136.85,1136.85,11
2015-03-03 11:46:00,1138.15,1138.15,1138.15,1138.15,100
2015-03-03 11:47:00,1138.15,1138.15,1138.15,1138.15,0
2015-03-03 11:48:00,1138.15,1138.15,1138.15,1138.15,0
2015-03-03 11:49:00,1138.15,1138.15,1135.85,1135.85,11
2015-03-03 11:50:00,1135.85,1135.85,1135.85,1135.85,0
2015-03-03 11:51:00,1135.85,1135.85,1135.85,1135.85,0
2015-03-03 11:52:00,1135.85,1135.85,1135.85,1135.85,0
2015-03-03 11:53:00,1135.85,1135.85,1135.85,1135.85,0
2015-03-03 11:54:00,1135.85,1135.85,1135.85,1135.85,0
2015-03-03 11:55:00,1135.85,1135.85,1135.85,1135.85,0
2015-03-03 11:56:00,1135.85,1135.85,1135.85,1135.85,0
2015-03-03 11:57:00,1135.85,1135.85,1135.85,1135.85,0
2015-03-03 11:58:00,1135.85,1135.85,1135.85,1135.85,0
2015-03-03 11:59:00,1135.85,1135.85,1135.85,1135.85,0
2015-03-03 12:00:00,1135.85,1135.85,1135.85,1135.85,0
2015-03-03 12:01:00,1141.0,1145.95,1141.0,1145.95,652
2015-03-03 12:02:00,1146.0,1147.5,1145.05,1145.05,90
2015-03-03 12:03:00,1145.05,1147.65,1145.05,1145.05,20
2015-03-03 12:04:00,1145.05,1147.45,1145.05,1147.45,4
2015-03-03 12:05:00,1147.75,1147.75,1147.75,1147.75,1
2015-03-03 12:06:00,1147.75,1147.75,1147.75,1147.75,0
2015-03-03 12:07:00,1145.05,1146.0,1145.05,1146.0,12
2015-03-03 12:08:00,1148.95,1149.6,1148.95,1149.6,378
2015-03-03 12:09:00,1149.6,1149.6,1149.6,1149.6,10
2015-03-03 12:10:00,1149.6,1149.6,1149.6,1149.6,0
2015-03-03 12:11:00,1149.6,1149.6,1147.35,1147.35,1
2015-03-03 12:12:00,1146.65,1147.7,1146.65,1147.7,7
2015-03-03 12:13:00,1150.0,1156.0,1150.0,1156.0,558
2015-03-03 12:14:00,1164.0,1165.95,1162.75,1163.4,1089
2015-03-03 12:15:00,1163.4,1165.95,1161.05,1164.0,197
2015-03-03 12:16:00,1160.0,1165.0,1157.15,1162.25,556
2015-03-03 12:17:00,1162.25,1166.0,1162.25,1166.0,274
2015-03-03 12:18:00,1168.0,1169.9,1166.05,1168.9,818
2015-03-03 12:19:00,1168.9,1168.9,1166.55,1168.0,80
2015-03-03 12:20:00,1168.0,1168.0,1164.0,1166.05,135
2015-03-03 12:21:00,1161.0,1165.75,1161.0,1164.8,142
2015-03-03 12:22:00,1161.05,1161.05,1159.2,1159.2,19
2015-03-03 12:23:00,1159.2,1165.0,1159.2,1165.0,70
2015-03-03 12:24:00,1165.0,1168.85,1164.15,1168.85,131
2015-03-03 12:25:00,1168.85,1168.85,1167.0,1167.0,110
2015-03-03 12:26:00,1167.0,1167.0,1165.0,1166.85,50
2015-03-03 12:27:00,1166.85,1166.85,1165.0,1165.0,20
2015-03-03 12:28:00,1167.05,1167.05,1167.0,1167.05,133
2015-03-03 12:29:00,1169.0,1170.0,1169.0,1170.0,280
2015-03-03 12:30:00,1170.0,1171.8,1170.0,1171.8,827
2015-03-03 12:31:00,1171.8,1171.8,1161.0,1161.0,421
2015-03-03 12:32:00,1163.95,1164.9,1163.95,1164.9,23
2015-03-03 12:33:00,1164.9,1165.0,1162.15,1164.9,233
2015-03-03 12:34:00,1163.5,1165.0,1163.5,1165.0,1028
2015-03-03 12:35:00,1165.0,1165.0,1165.0,1165.0,56
2015-03-03 12:36:00,1165.0,1165.0,1164.05,1165.0,411
2015-03-03 12:37:00,1165.0,1165.0,1165.0,1165.0,2000
2015-03-03 12:38:00,1165.0,1165.0,1162.0,1162.0,51
2015-03-03 12:39:00,1162.0,1162.0,1161.45,1162.0,64
2015-03-03 12:40:00,1162.0,1162.0,1162.0,1162.0,56
2015-03-03 12:41:00,1162.0,1162.0,1162.0,1162.0,0
2015-03-03 12:42:00,1161.3,1161.3,1161.3,1161.3,20
2015-03-03 12:43:00,1161.3,1161.3,1161.3,1161.3,0
2015-03-03 12:44:00,1161.3,1161.3,1161.3,1161.3,10
2015-03-03 12:45:00,1161.3,1161.3,1161.3,1161.3,10
2015-03-03 12:46:00,1161.3,1161.3,1161.3,1161.3,0
2015-03-03 12:47:00,1161.0,1161.0,1161.0,1161.0,4
2015-03-03 12:48:00,1162.5,1162.5,1162.5,1162.5,17
2015-03-03 12:49:00,1162.45,1162.45,1162.45,1162.45,9
2015-03-03 12:50:00,1162.45,1162.45,1162.45,1162.45,0
2015-03-03 12:51:00,1162.45,1162.45,1162.45,1162.45,23
2015-03-03 12:52:00,1162.45,1162.45,1162.45,1162.45,0
2015-03-03 12:53:00,1162.45,1162.45,1162.45,1162.45,0
2015-03-03 12:54:00,1162.45,1162.45,1162.45,1162.45,0
2015-03-03 12:55:00,1162.45,1162.45,1162.45,1162.45,0
2015-03-03 12:56:00,1162.0,1162.0,1162.0,1162.0,3
2015-03-03 12:57:00,1162.0,1162.0,1162.0,1162.0,1
2015-03-03 12:58:00,1161.0,1161.0,1161.0,1161.0,4
2015-03-03 12:59:00,1161.0,1161.0,1161.0,1161.0,0
2015-03-03 13:00:00,1161.0,1161.0,1161.0,1161.0,0
2015-03-03 13:01:00,1163.0,1163.0,1163.0,1163.0,25
2015-03-03 13:02:00,1163.0,1163.0,1163.0,1163.0,0
2015-03-03 13:03:00,1163.0,1164.45,1163.0,1164.45,50
2015-03-03 13:04:00,1164.45,1164.45,1162.9,1162.9,19
2015-03-03 13:05:00,1162.9,1163.0,1162.9,1163.0,51
2015-03-03 13:06:00,1163.05,1163.05,1163.0,1163.0,31
2015-03-03 13:07:00,1163.0,1163.0,1156.6,1159.15,271
2015-03-03 13:08:00,1160.0,1160.0,1160.0,1160.0,287
2015-03-03 13:09:00,1160.0,1160.0,1160.0,1160.0,25
2015-03-03 13:10:00,1160.1,1160.1,1160.1,1160.1,6
2015-03-03 13:11:00,1160.05,1160.05,1160.05,1160.05,33
2015-03-03 13:12:00,1160.0,1160.0,1160.0,1160.0,76
2015-03-03 13:13:00,1160.0,1160.0,1160.0,1160.0,0
2015-03-03 13:14:00,1162.45,1163.0,1162.45,1163.0,73
2015-03-03 13:15:00,1163.0,1163.0,1162.95,1162.95,137
2015-03-03 13:16:00,1165.0,1165.0,1165.0,1165.0,254
2015-03-03 13:17:00,1162.45,1162.45,1162.45,1162.45,1
2015-03-03 13:18:00,1164.0,1164.0,1161.05,1161.05,529
2015-03-03 13:19:00,1161.05,1163.35,1161.05,1161.05,10
2015-03-03 13:20:00,1161.05,1161.05,1161.05,1161.05,2
2015-03-03 13:21:00,1161.05,1161.05,1160.4,1160.4,11
2015-03-03 13:22:00,1160.4,1160.4,1160.4,1160.4,0
2015-03-03 13:23:00,1160.4,1160.4,1160.4,1160.4,1
2015-03-03 13:24:00,1160.4,1161.0,1160.4,1161.0,20
2015-03-03 13:25:00,1161.0,1161.0,1161.0,1161.0,25
2015-03-03 13:26:00,1161.0,1163.3,1160.05,1163.3,215
2015-03-03 13:27:00,1160.45,1160.45,1160.45,1160.45,1
2015-03-03 13:28:00,1160.45,1160.45,1160.45,1160.45,0
2015-03-03 13:29:00,1160.45,1160.45,1160.05,1160.05,50
2015-03-03 13:30:00,1160.05,1160.05,1160.05,1160.05,4
2015-03-03 13:31:00,1160.1,1160.1,1160.1,1160.1,25
2015-03-03 13:32:00,1160.1,1160.1,1160.1,1160.1,0
2015-03-03 13:33:00,1160.1,1161.6,1160.1,1161.6,5
2015-03-03 13:34:00,1160.1,1160.1,1160.1,1160.1,6
2015-03-03 13:35:00,1160.1,1160.1,1160.1,1160.1,0
2015-03-03 13:36:00,1160.1,1160.1,1160.1,1160.1,14
2015-03-03 13:37:00,1162.8,1162.8,1160.1,1160.1,77
2015-03-03 13:38:00,1160.1,1160.1,1160.1,1160.1,5
2015-03-03 13:39:00,1160.1,1162.8,1160.1,1160.1,393
2015-03-03 13:40:00,1162.65,1162.9,1160.2,1162.4,572
2015-03-03 13:41:00,1160.75,1163.0,1160.45,1161.0,306
2015-03-03 13:42:00,1162.45,1162.45,1162.45,1162.45,41
2015-03-03 13:43:00,1162.45,1162.45,1162.45,1162.45,0
2015-03-03 13:44:00,1162.7,1162.7,1159.0,1159.0,343
2015-03-03 13:45:00,1159.0,1159.0,1159.0,1159.0,0
2015-03-03 13:46:00,1160.0,1160.9,1160.0,1160.9,75
2015-03-03 13:47:00,1160.0,1161.5,1160.0,1160.85,58
2015-03-03 13:48:00,1160.85,1160.85,1160.85,1160.85,60
2015-03-03 13:49:00,1160.85,1160.85,1160.85,1160.85,10
2015-03-03 13:50:00,1160.85,1160.85,1160.85,1160.85,3
2015-03-03 13:51:00,1160.85,1161.0,1160.85,1161.0,5
2015-03-03 13:52:00,1161.0,1161.0,1161.0,1161.0,0
2015-03-03 13:53:00,1160.85,1160.85,1160.85,1160.85,0
2015-03-03 13:54:00,1161.0,1161.0,1161.0,1161.0,0
2015-03-03 13:55:00,1160.85,1160.85,1160.85,1160.85,0
2015-03-03 13:56:00,1160.4,1160.4,1160.4,1160.4,35
2015-03-03 13:57:00,1159.05,1159.05,1159.05,1159.05,10
2015-03-03 13:58:00,1159.2,1159.2,1159.2,1159.2,10
2015-03-03 13:59:00,1159.2,1160.4,1159.0,1159.0,6
2015-03-03 14:00:00,1159.0,1159.0,1159.0,1159.0,0
2015-03-03 14:01:00,1160.0,1160.0,1159.05,1159.05,30
2015-03-03 14:02:00,1159.05,1159.05,1159.05,1159.05,10
2015-03-03 14:03:00,1159.2,1159.2,1154.65,1155.0,683
2015-03-03 14:04:00,1152.05,1153.95,1152.05,1152.5,13
2015-03-03 14:05:00,1153.0,1153.95,1153.0,1153.95,8
2015-03-03 14:06:00,1153.95,1154.05,1153.0,1153.0,7
2015-03-03 14:07:00,1153.95,1154.0,1153.0,1154.0,21
2015-03-03 14:08:00,1154.0,1154.0,1154.0,1154.0,10
2015-03-03 14:09:00,1154.0,1154.0,1154.0,1154.0,21
2015-03-03 14:10:00,1154.0,1154.0,1154.0,1154.0,10
2015-03-03 14:11:00,1155.0,1155.0,1155.0,1155.0,301
2015-03-03 14:12:00,1155.0,1155.0,1155.0,1155.0,0
2015-03-03 14:13:00,1155.0,1155.0,1155.0,1155.0,0
2015-03-03 14:14:00,1155.0,1155.0,1155.0,1155.0,0
2015-03-03 14:15:00,1155.0,1155.0,1155.0,1155.0,0
2015-03-03 14:16:00,1155.0,1155.0,1155.0,1155.0,0
2015-03-03 14:17:00,1155.0,1155.0,1155.0,1155.0,50
2015-03-03 14:18:00,1155.0,1155.0,1155.0,1155.0,0
2015-03-03 14:19:00,1155.0,1155.0,1155.0,1155.0,0
2015-03-03 14:20:00,1155.0,1155.0,1155.0,1155.0,6
2015-03-03 14:21:00,1155.0,1155.0,1155.0,1155.0,0
2015-03-03 14:22:00,1153.25,1155.0,1153.25,1155.0,160
2015-03-03 14:23:00,1155.0,1155.05,1155.0,1155.0,136
2015-03-03 14:24:00,1155.0,1155.0,1155.0,1155.0,59
2015-03-03 14:25:00,1155.0,1155.95,1155.0,1155.95,10
2015-03-03 14:26:00,1155.95,1156.55,1155.95,1156.55,40
2015-03-03 14:27:00,1156.55,1156.55,1156.55,1156.55,81
2015-03-03 14:28:00,1156.55,1156.55,1156.55,1156.55,0
2015-03-03 14:29:00,1156.55,1156.55,1156.55,1156.55,0
2015-03-03 14:30:00,1156.55,1160.0,1156.55,1160.0,199
2015-03-03 14:31:00,1160.0,1161.35,1160.0,1161.35,37
2015-03-03 14:32:00,1161.35,1162.75,1161.35,1162.75,15
2015-03-03 14:33:00,1165.55,1165.95,1165.0,1165.0,148
2015-03-03 14:34:00,1165.0,1165.0,1165.0,1165.0,18
2015-03-03 14:35:00,1165.0,1165.8,1165.0,1165.8,1
2015-03-03 14:36:00,1165.95,1169.85,1165.95,1165.95,367
2015-03-03 14:37:00,1166.4,1166.4,1165.0,1165.0,37
2015-03-03 14:38:00,1165.0,1165.1,1165.0,1165.1,46
2015-03-03 14:39:00,1165.1,1167.85,1165.1,1167.85,17
2015-03-03 14:40:00,1168.55,1170.0,1168.55,1170.0,250
2015-03-03 14:41:00,1169.95,1169.95,1169.95,1169.95,14
2015-03-03 14:42:00,1169.95,1169.95,1169.95,1169.95,5
2015-03-03 14:43:00,1169.5,1169.5,1165.0,1165.0,100
2015-03-03 14:44:00,1160.0,1160.0,1159.0,1159.0,44
2015-03-03 14:45:00,1159.0,1159.0,1159.0,1159.0,4
2015-03-03 14:46:00,1159.0,1161.85,1159.0,1161.85,31
2015-03-03 14:47:00,1161.85,1163.75,1161.85,1163.75,20
2015-03-03 14:48:00,1162.8,1162.8,1162.8,1162.8,20
2015-03-03 14:49:00,1162.8,1165.0,1162.8,1165.0,37
2015-03-03 14:50:00,1165.0,1168.45,1164.95,1164.95,76
2015-03-03 14:51:00,1164.95,1164.95,1164.95,1164.95,27
2015-03-03 14:52:00,1164.55,1164.65,1164.55,1164.65,404
2015-03-03 14:53:00,1164.65,1166.4,1164.5,1164.5,17
2015-03-03 14:54:00,1164.5,1165.4,1164.5,1165.4,33
2015-03-03 14:55:00,1165.4,1165.4,1165.4,1165.4,0
2015-03-03 14:56:00,1165.55,1165.6,1165.3,1165.3,81
2015-03-03 14:57:00,1165.3,1165.3,1165.3,1165.3,0
2015-03-03 14:58:00,1168.15,1169.4,1168.15,1169.4,37
2015-03-03 14:59:00,1169.2,1169.2,1169.2,1169.2,37
2015-03-03 15:00:00,1169.55,1169.55,1169.55,1169.55,17
2015-03-03 15:01:00,1169.55,1169.55,1169.55,1169.55,2
2015-03-03 15:02:00,1169.55,1169.55,1168.0,1168.0,67
2015-03-03 15:03:00,1168.95,1168.95,1168.0,1168.0,216
2015-03-03 15:04:00,1168.0,1169.0,1168.0,1169.0,68
2015-03-03 15:05:00,1169.0,1169.0,1166.45,1166.45,34
2015-03-03 15:06:00,1167.3,1167.3,1165.0,1165.0,43
2015-03-03 15:07:00,1165.0,1165.0,1165.0,1165.0,15
2015-03-03 15:08:00,1166.8,1169.0,1166.8,1168.95,174
2015-03-03 15:09:00,1169.0,1172.6,1168.95,1172.6,503
2015-03-03 15:10:00,1171.0,1173.9,1171.0,1173.9,1123
2015-03-03 15:11:00,1173.85,1173.85,1172.0,1173.7,79
2015-03-03 15:12:00,1173.7,1174.0,1173.7,1174.0,325
2015-03-03 15:13:00,1175.0,1175.0,1170.25,1170.25,870
2015-03-03 15:14:00,1172.0,1173.75,1172.0,1172.05,46
2015-03-03 15:15:00,1172.95,1174.0,1172.1,1174.0,192
2015-03-03 15:16:00,1172.35,1174.65,1172.35,1174.65,505
2015-03-03 15:17:00,1174.0,1177.0,1173.5,1176.8,440
2015-03-03 15:18:00,1176.8,1176.95,1175.0,1175.5,392
2015-03-03 15:19:00,1175.5,1176.85,1175.5,1176.85,346
2015-03-03 15:20:00,1176.8,1176.8,1176.8,1176.8,32
2015-03-03 15:21:00,1176.8,1176.8,1176.45,1176.75,82
2015-03-03 15:22:00,1176.75,1176.75,1175.0,1175.0,60
2015-03-03 15:23:00,1175.0,1175.0,1174.35,1174.35,69
2015-03-03 15:24:00,1172.0,1172.7,1172.0,1172.7,363
2015-03-03 15:25:00,1172.0,1172.0,1170.2,1170.2,319
2015-03-03 15:26:00,1171.65,1171.65,1170.3,1170.3,54
2015-03-03 15:27:00,1171.2,1171.2,1170.25,1170.25,12
2015-03-03 15:28:00,1171.0,1171.9,1170.2,1171.9,183
2015-03-03 15:29:00,1171.9,1171.9,1170.05,1170.5,126
2015-03-04 09:15:00,1177.0,1177.0,1176.95,1176.95,35
2015-03-04 09:16:00,1176.95,1176.95,1176.95,1176.95,0
2015-03-04 09:17:00,1177.0,1177.0,1170.0,1170.0,88
2015-03-04 09:18:00,1169.95,1169.95,1169.95,1169.95,65
2015-03-04 09:19:00,1169.95,1169.95,1169.95,1169.95,0
2015-03-04 09:20:00,1169.0,1170.0,1166.2,1170.0,121
2015-03-04 09:21:00,1172.55,1174.0,1172.55,1174.0,125
2015-03-04 09:22:00,1170.6,1170.6,1170.6,1170.6,2
2015-03-04 09:23:00,1170.6,1170.6,1170.6,1170.6,0
2015-03-04 09:24:00,1172.0,1172.0,1170.2,1170.2,75
2015-03-04 09:25:00,1170.2,1170.2,1170.2,1170.2,0
2015-03-04 09:26:00,1172.0,1172.0,1172.0,1172.0,79
2015-03-04 09:27:00,1172.05,1174.0,1172.05,1172.05,70
2015-03-04 09:28:00,1175.0,1175.0,1172.1,1172.1,35
2015-03-04 09:29:00,1172.1,1174.0,1172.1,1174.0,200
2015-03-04 09:30:00,1174.0,1174.0,1173.0,1173.0,10
2015-03-04 09:31:00,1170.0,1170.0,1170.0,1170.0,274
2015-03-04 09:32:00,1170.0,1170.0,1170.0,1170.0,0
2015-03-04 09:33:00,1170.0,1170.0,1170.0,1170.0,0
2015-03-04 09:34:00,1169.15,1169.15,1165.0,1165.0,822
2015-03-04 09:35:00,1165.0,1165.0,1162.6,1162.6,20
2015-03-04 09:36:00,1162.6,1162.6,1162.6,1162.6,0
2015-03-04 09:37:00,1165.8,1169.2,1165.8,1167.0,151
2015-03-04 09:38:00,1167.0,1167.5,1167.0,1167.5,67
2015-03-04 09:39:00,1168.0,1169.9,1168.0,1169.9,37
2015-03-04 09:40:00,1169.9,1170.0,1169.85,1170.0,60
2015-03-04 09:41:00,1168.7,1168.7,1168.7,1168.7,5
2015-03-04 09:42:00,1168.7,1168.7,1168.7,1168.7,0
2015-03-04 09:43:00,1168.7,1168.7,1168.7,1168.7,2
2015-03-04 09:44:00,1160.15,1160.15,1160.15,1160.15,73
2015-03-04 09:45:00,1160.15,1165.0,1160.15,1165.0,202
2015-03-04 09:46:00,1165.0,1165.0,1165.0,1165.0,0
2015-03-04 09:47:00,1165.0,1165.0,1165.0,1165.0,0
2015-03-04 09:48:00,1165.0,1165.0,1165.0,1165.0,0
2015-03-04 09:49:00,1164.8,1165.0,1164.8,1165.0,150
2015-03-04 09:50:00,1165.0,1165.0,1165.0,1165.0,0
2015-03-04 09:51:00,1161.0,1161.0,1160.55,1160.55,58
2015-03-04 09:52:00,1160.55,1160.55,1160.55,1160.55,0
2015-03-04 09:53:00,1160.55,1160.55,1160.55,1160.55,0
2015-03-04 09:54:00,1160.55,1160.55,1160.55,1160.55,0
2015-03-04 09:55:00,1160.55,1165.0,1160.55,1165.0,115
2015-03-04 09:56:00,1165.0,1165.0,1165.0,1165.0,170
2015-03-04 09:57:00,1165.0,1165.0,1165.0,1165.0,0
2015-03-04 09:58:00,1165.0,1165.0,1165.0,1165.0,0
2015-03-04 09:59:00,1165.0,1165.0,1165.0,1165.0,0
2015-03-04 10:00:00,1165.0,1165.0,1165.0,1165.0,0
2015-03-04 10:01:00,1165.0,1165.0,1165.0,1165.0,0
2015-03-04 10:02:00,1165.0,1165.0,1165.0,1165.0,0
2015-03-04 10:03:00,1165.0,1165.0,1165.0,1165.0,0
2015-03-04 10:04:00,1165.0,1165.0,1165.0,1165.0,0
2015-03-04 10:05:00,1165.0,1165.0,1165.0,1165.0,0
2015-03-04 10:06:00,1165.0,1165.0,1165.0,1165.0,0
2015-03-04 10:07:00,1165.0,1165.0,1165.0,1165.0,1
2015-03-04 10:08:00,1165.0,1165.0,1165.0,1165.0,0
2015-03-04 10:09:00,1165.0,1165.0,1165.0,1165.0,201
2015-03-04 10:10:00,1165.0,1165.0,1165.0,1165.0,0
2015-03-04 10:11:00,1164.3,1164.3,1164.3,1164.3,10
2015-03-04 10:12:00,1164.3,1164.3,1162.5,1162.5,13
2015-03-04 10:13:00,1162.5,1162.5,1162.5,1162.5,0
2015-03-04 10:14:00,1162.5,1162.5,1162.5,1162.5,0
2015-03-04 10:15:00,1162.5,1162.5,1162.5,1162.5,0
2015-03-04 10:16:00,1165.0,1165.0,1165.0,1165.0,25
2015-03-04 10:17:00,1165.0,1165.0,1165.0,1165.0,0
2015-03-04 10:18:00,1165.0,1165.0,1165.0,1165.0,0
2015-03-04 10:19:00,1165.0,1165.0,1165.0,1165.0,326
2015-03-04 10:20:00,1165.0,1165.0,1165.0,1165.0,0
2015-03-04 10:21:00,1165.0,1165.0,1163.45,1163.45,6
2015-03-04 10:22:00,1164.15,1164.15,1164.15,1164.15,123
2015-03-04 10:23:00,1164.15,1165.0,1164.15,1165.0,300
2015-03-04 10:24:00,1164.15,1164.15,1164.15,1164.15,11
2015-03-04 10:25:00,1160.0,1160.0,1154.5,1154.5,238
2015-03-04 10:26:00,1159.05,1159.05,1159.05,1159.05,20
2015-03-04 10:27:00,1159.05,1159.05,1159.05,1159.05,0
2015-03-04 10:28:00,1159.05,1159.75,1159.05,1159.75,11
2015-03-04 10:29:00,1159.75,1159.75,1159.75,1159.75,0
2015-03-04 10:30:00,1160.0,1160.0,1160.0,1160.0,49
2015-03-04 10:31:00,1160.0,1160.0,1160.0,1160.0,4
2015-03-04 10:32:00,1155.65,1155.65,1155.65,1155.65,25
2015-03-04 10:33:00,1155.65,1155.65,1155.65,1155.65,0
2015-03-04 10:34:00,1155.65,1159.5,1155.65,1159.5,1
2015-03-04 10:35:00,1159.5,1159.5,1159.5,1159.5,0
2015-03-04 10:36:00,1159.5,1159.5,1159.5,1159.5,0
2015-03-04 10:37:00,1156.65,1156.65,1156.65,1156.65,25
2015-03-04 10:38:00,1156.65,1160.0,1156.65,1160.0,138
2015-03-04 10:39:00,1160.0,1160.0,1160.0,1160.0,0
2015-03-04 10:40:00,1160.0,1160.0,1160.0,1160.0,0
2015-03-04 10:41:00,1160.0,1160.0,1160.0,1160.0,0
2015-03-04 10:42:00,1159.95,1159.95,1159.95,1159.95,39
2015-03-04 10:43:00,1159.75,1159.95,1159.75,1159.95,91
2015-03-04 10:44:00,1160.0,1160.0,1160.0,1160.0,25
2015-03-04 10:45:00,1160.0,1160.0,1160.0,1160.0,0
2015-03-04 10:46:00,1160.0,1160.0,1160.0,1160.0,0
2015-03-04 10:47:00,1160.0,1160.0,1160.0,1160.0,0
2015-03-04 10:48:00,1160.0,1160.0,1160.0,1160.0,0
2015-03-04 10:49:00,1159.95,1159.95,1159.95,1159.95,60
2015-03-04 10:50:00,1159.5,1159.5,1159.0,1159.0,63
2015-03-04 10:51:00,1159.0,1159.0,1159.0,1159.0,2
2015-03-04 10:52:00,1158.15,1158.15,1158.15,1158.15,1
2015-03-04 10:53:00,1158.15,1158.15,1158.15,1158.15,0
2015-03-04 10:54:00,1160.0,1160.0,1160.0,1160.0,100
2015-03-04 10:55:00,1160.0,1160.0,1160.0,1160.0,0
2015-03-04 10:56:00,1160.0,1160.0,1160.0,1160.0,23
2015-03-04 10:57:00,1160.0,1160.0,1160.0,1160.0,21
2015-03-04 10:58:00,1159.65,1159.65,1159.65,1159.65,7
2015-03-04 10:59:00,1159.65,1159.65,1159.65,1159.65,0
2015-03-04 11:00:00,1159.0,1159.0,1158.0,1158.0,80
2015-03-04 11:01:00,1158.0,1158.0,1158.0,1158.0,0
2015-03-04 11:02:00,1158.0,1158.0,1158.0,1158.0,5
2015-03-04 11:03:00,1158.0,1158.0,1158.0,1158.0,0
2015-03-04 11:04:00,1158.0,1158.0,1158.0,1158.0,0
2015-03-04 11:05:00,1157.55,1157.55,1157.55,1157.55,3
2015-03-04 11:06:00,1157.55,1157.55,1157.55,1157.55,0
2015-03-04 11:07:00,1158.0,1158.0,1158.0,1158.0,0
2015-03-04 11:08:00,1157.55,1158.0,1157.55,1158.0,10
2015-03-04 11:09:00,1158.0,1158.0,1158.0,1158.0,0
2015-03-04 11:10:00,1158.0,1158.0,1158.0,1158.0,0
2015-03-04 11:11:00,1158.0,1158.0,1158.0,1158.0,25
2015-03-04 11:12:00,1158.0,1158.0,1158.0,1158.0,0
2015-03-04 11:13:00,1158.0,1158.0,1158.0,1158.0,0
2015-03-04 11:14:00,1158.0,1158.0,1158.0,1158.0,0
2015-03-04 11:15:00,1158.0,1158.0,1158.0,1158.0,151
2015-03-04 11:16:00,1158.0,1158.0,1158.0,1158.0,0
2015-03-04 11:17:00,1158.0,1158.0,1158.0,1158.0,0
2015-03-04 11:18:00,1158.0,1158.0,1158.0,1158.0,0
2015-03-04 11:19:00,1158.0,1158.0,1158.0,1158.0,10
2015-03-04 11:20:00,1158.0,1158.0,1158.0,1158.0,25
2015-03-04 11:21:00,1158.0,1158.0,1158.0,1158.0,0
2015-03-04 11:22:00,1158.0,1158.0,1158.0,1158.0,0
2015-03-04 11:23:00,1158.0,1158.0,1158.0,1158.0,0
2015-03-04 11:24:00,1158.0,1158.0,1158.0,1158.0,0
2015-03-04 11:25:00,1158.0,1158.0,1158.0,1158.0,0
2015-03-04 11:26:00,1158.0,1158.0,1158.0,1158.0,0
2015-03-04 11:27:00,1157.5,1157.55,1157.5,1157.55,25
2015-03-04 11:28:00,1157.55,1157.55,1157.55,1157.55,0
2015-03-04 11:29:00,1157.55,1157.55,1157.55,1157.55,0
2015-03-04 11:30:00,1157.55,1158.0,1157.55,1158.0,100
2015-03-04 11:31:00,1158.0,1158.0,1158.0,1158.0,0
2015-03-04 11:32:00,1158.0,1158.0,1158.0,1158.0,0
2015-03-04 11:33:00,1158.0,1158.0,1158.0,1158.0,0
2015-03-04 11:34:00,1158.0,1158.0,1155.6,1155.6,65
2015-03-04 11:35:00,1157.35,1157.35,1154.1,1154.1,70
2015-03-04 11:36:00,1154.1,1154.1,1154.1,1154.1,1
2015-03-04 11:37:00,1155.05,1155.05,1155.05,1155.05,2
2015-03-04 11:38:00,1155.05,1155.05,1155.05,1155.05,0
2015-03-04 11:39:00,1155.05,1155.05,1155.05,1155.05,0
2015-03-04 11:40:00,1155.05,1155.05,1155.05,1155.05,0
2015-03-04 11:41:00,1155.05,1155.05,1155.05,1155.05,0
2015-03-04 11:42:00,1155.25,1161.55,1155.25,1161.55,176
2015-03-04 11:43:00,1161.55,1162.0,1161.1,1162.0,53
2015-03-04 11:44:00,1162.0,1162.0,1162.0,1162.0,0
2015-03-04 11:45:00,1162.0,1162.0,1162.0,1162.0,0
2015-03-04 11:46:00,1161.0,1161.0,1160.0,1160.0,68
2015-03-04 11:47:00,1160.0,1163.4,1160.0,1163.4,12
2015-03-04 11:48:00,1163.4,1163.4,1163.4,1163.4,0
2015-03-04 11:49:00,1163.4,1163.4,1163.4,1163.4,0
2015-03-04 11:50:00,1163.4,1164.8,1163.4,1164.8,13
2015-03-04 11:51:00,1164.8,1164.8,1163.0,1163.0,28
2015-03-04 11:52:00,1163.0,1163.0,1163.0,1163.0,0
2015-03-04 11:53:00,1161.05,1161.05,1161.05,1161.05,28
2015-03-04 11:54:00,1158.6,1158.6,1158.6,1158.6,113
2015-03-04 11:55:00,1158.6,1158.6,1158.6,1158.6,0
2015-03-04 11:56:00,1158.6,1158.6,1158.6,1158.6,0
2015-03-04 11:57:00,1158.6,1158.6,1158.6,1158.6,0
2015-03-04 11:58:00,1158.6,1164.0,1158.6,1164.0,16
2015-03-04 11:59:00,1164.9,1164.9,1164.0,1164.0,19
2015-03-04 12:00:00,1164.0,1164.0,1164.0,1164.0,0
2015-03-04 12:01:00,1164.0,1164.0,1164.0,1164.0,0
2015-03-04 12:02:00,1160.0,1160.0,1160.0,1160.0,73
2015-03-04 12:03:00,1155.2,1155.2,1155.2,1155.2,40
2015-03-04 12:04:00,1157.2,1157.2,1157.2,1157.2,1
2015-03-04 12:05:00,1157.2,1157.2,1157.2,1157.2,0
2015-03-04 12:06:00,1157.2,1157.2,1157.2,1157.2,0
2015-03-04 12:07:00,1157.2,1157.2,1157.2,1157.2,0
2015-03-04 12:08:00,1157.2,1157.2,1157.2,1157.2,0
2015-03-04 12:09:00,1157.2,1157.2,1157.2,1157.2,0
2015-03-04 12:10:00,1157.2,1157.2,1157.2,1157.2,0
2015-03-04 12:11:00,1157.2,1157.2,1157.2,1157.2,0
2015-03-04 12:12:00,1159.35,1159.35,1159.35,1159.35,10
2015-03-04 12:13:00,1159.35,1159.35,1158.05,1158.05,9
2015-03-04 12:14:00,1158.05,1159.35,1158.05,1159.35,3
2015-03-04 12:15:00,1159.4,1159.8,1159.4,1159.8,75
2015-03-04 12:16:00,1155.0,1155.0,1155.0,1155.0,170
2015-03-04 12:17:00,1160.0,1160.0,1159.2,1159.2,130
2015-03-04 12:18:00,1159.2,1159.2,1159.2,1159.2,0
2015-03-04 12:19:00,1155.05,1155.05,1155.05,1155.05,10
2015-03-04 12:20:00,1155.05,1155.05,1155.05,1155.05,0
2015-03-04 12:21:00,1155.05,1159.9,1155.05,1159.9,10
2015-03-04 12:22:00,1159.9,1159.9,1156.2,1156.2,15
2015-03-04 12:23:00,1156.2,1157.95,1156.2,1157.5,12
2015-03-04 12:24:00,1157.5,1157.5,1157.5,1157.5,0
2015-03-04 12:25:00,1157.5,1157.5,1157.5,1157.5,0
2015-03-04 12:26:00,1154.0,1154.0,1154.0,1154.0,75
2015-03-04 12:27:00,1154.0,1154.0,1154.0,1154.0,0
2015-03-04 12:28:00,1154.0,1154.0,1154.0,1154.0,0
2015-03-04 12:29:00,1154.0,1154.0,1154.0,1154.0,0
2015-03-04 12:30:00,1154.0,1154.0,1154.0,1154.0,22
2015-03-04 12:31:00,1154.0,1154.0,1154.0,1154.0,0
2015-03-04 12:32:00,1154.0,1154.0,1154.0,1154.0,110
2015-03-04 12:33:00,1153.0,1156.95,1153.0,1156.95,27
2015-03-04 12:34:00,1156.95,1156.95,1156.95,1156.95,0
2015-03-04 12:35:00,1156.95,1156.95,1156.95,1156.95,0
2015-03-04 12:36:00,1156.95,1156.95,1156.95,1156.95,0
2015-03-04 12:37:00,1156.95,1156.95,1156.95,1156.95,0
2015-03-04 12:38:00,1156.95,1156.95,1156.95,1156.95,0
2015-03-04 12:39:00,1153.0,1153.0,1153.0,1153.0,5
2015-03-04 12:40:00,1153.0,1153.0,1153.0,1153.0,0
2015-03-04 12:41:00,1155.55,1155.55,1155.55,1155.55,4
2015-03-04 12:42:00,1157.0,1157.0,1157.0,1157.0,259
2015-03-04 12:43:00,1157.05,1157.05,1157.05,1157.05,11
2015-03-04 12:44:00,1157.05,1157.05,1157.05,1157.05,5
2015-03-04 12:45:00,1159.8,1164.95,1159.8,1164.95,852
2015-03-04 12:46:00,1164.95,1164.95,1164.95,1164.95,0
2015-03-04 12:47:00,1165.0,1165.0,1165.0,1165.0,163
2015-03-04 12:48:00,1165.0,1165.0,1165.0,1165.0,0
2015-03-04 12:49:00,1165.0,1165.0,1165.0,1165.0,0
2015-03-04 12:50:00,1162.25,1162.25,1162.25,1162.25,362
2015-03-04 12:51:00,1162.25,1162.25,1155.05,1155.05,61
2015-03-04 12:52:00,1155.05,1155.05,1155.05,1155.05,0
2015-03-04 12:53:00,1155.05,1155.05,1155.05,1155.05,0
2015-03-04 12:54:00,1155.05,1159.95,1155.05,1159.95,2
2015-03-04 12:55:00,1159.95,1159.95,1159.95,1159.95,2
2015-03-04 12:56:00,1159.95,1159.95,1159.95,1159.95,0
2015-03-04 12:57:00,1159.95,1159.95,1159.95,1159.95,0
2015-03-04 12:58:00,1159.95,1159.95,1159.95,1159.95,0
2015-03-04 12:59:00,1159.95,1159.95,1159.95,1159.95,0
2015-03-04 13:00:00,1159.95,1159.95,1159.95,1159.95,0
2015-03-04 13:01:00,1159.95,1159.95,1159.95,1159.95,0
2015-03-04 13:02:00,1159.95,1159.95,1159.95,1159.95,0
2015-03-04 13:03:00,1159.95,1159.95,1159.95,1159.95,0
2015-03-04 13:04:00,1159.95,1159.95,1159.95,1159.95,0
2015-03-04 13:05:00,1153.0,1153.0,1153.0,1153.0,65
2015-03-04 13:06:00,1153.0,1159.2,1153.0,1159.2,13
2015-03-04 13:07:00,1157.2,1157.2,1157.2,1157.2,5
2015-03-04 13:08:00,1157.2,1157.2,1153.55,1153.55,35
2015-03-04 13:09:00,1153.55,1153.55,1153.55,1153.55,0
2015-03-04 13:10:00,1153.55,1153.55,1153.55,1153.55,0
2015-03-04 13:11:00,1153.55,1153.55,1153.55,1153.55,0
2015-03-04 13:12:00,1153.55,1153.55,1153.55,1153.55,0
2015-03-04 13:13:00,1153.55,1153.55,1153.55,1153.55,0
2015-03-04 13:14:00,1153.55,1153.55,1153.55,1153.55,0
2015-03-04 13:15:00,1153.55,1153.55,1153.55,1153.55,0
2015-03-04 13:16:00,1153.55,1153.55,1153.55,1153.55,0
2015-03-04 13:17:00,1154.0,1154.0,1154.0,1154.0,4
2015-03-04 13:18:00,1154.0,1154.0,1154.0,1154.0,0
2015-03-04 13:19:00,1156.0,1156.6,1155.0,1156.6,58
2015-03-04 13:20:00,1159.15,1159.15,1159.15,1159.15,58
2015-03-04 13:21:00,1159.15,1159.15,1159.15,1159.15,0
2015-03-04 13:22:00,1159.15,1159.15,1159.15,1159.15,0
2015-03-04 13:23:00,1159.15,1159.15,1159.15,1159.15,0
2015-03-04 13:24:00,1156.6,1156.6,1156.6,1156.6,0
2015-03-04 13:25:00,1159.15,1159.15,1159.15,1159.15,0
2015-03-04 13:26:00,1154.0,1154.0,1152.3,1152.6,78
2015-03-04 13:27:00,1152.6,1152.6,1152.6,1152.6,0
2015-03-04 13:28:00,1157.95,1157.95,1157.95,1157.95,5
2015-03-04 13:29:00,1157.95,1157.95,1157.95,1157.95,0
2015-03-04 13:30:00,1157.95,1157.95,1157.95,1157.95,0
2015-03-04 13:31:00,1157.95,1157.95,1157.95,1157.95,0
2015-03-04 13:32:00,1154.0,1154.0,1154.0,1154.0,61
2015-03-04 13:33:00,1154.0,1154.0,1154.0,1154.0,0
2015-03-04 13:34:00,1154.0,1154.0,1154.0,1154.0,0
2015-03-04 13:35:00,1154.0,1154.0,1154.0,1154.0,0
2015-03-04 13:36:00,1154.0,1154.0,1154.0,1154.0,0
2015-03-04 13:37:00,1154.0,1154.0,1154.0,1154.0,0
2015-03-04 13:38:00,1154.0,1154.0,1154.0,1154.0,0
2015-03-04 13:39:00,1154.0,1154.0,1154.0,1154.0,0
2015-03-04 13:40:00,1154.0,1154.0,1154.0,1154.0,0
2015-03-04 13:41:00,1154.0,1154.0,1154.0,1154.0,0
2015-03-04 13:42:00,1154.0,1154.0,1154.0,1154.0,0
2015-03-04 13:43:00,1154.0,1154.0,1154.0,1154.0,0
2015-03-04 13:44:00,1154.0,1154.0,1154.0,1154.0,0
2015-03-04 13:45:00,1154.0,1154.0,1154.0,1154.0,0
2015-03-04 13:46:00,1154.0,1154.0,1154.0,1154.0,0
2015-03-04 13:47:00,1154.0,1154.0,1154.0,1154.0,0
2015-03-04 13:48:00,1155.05,1155.05,1155.05,1155.05,20
2015-03-04 13:49:00,1155.05,1155.05,1155.05,1155.05,0
2015-03-04 13:50:00,1154.55,1154.55,1154.55,1154.55,90
2015-03-04 13:51:00,1154.55,1156.75,1154.55,1156.75,10
2015-03-04 13:52:00,1156.75,1156.75,1156.75,1156.75,0
2015-03-04 13:53:00,1156.75,1158.5,1156.75,1158.5,67
2015-03-04 13:54:00,1156.75,1156.75,1156.75,1156.75,1
2015-03-04 13:55:00,1156.75,1156.75,1156.75,1156.75,6
2015-03-04 13:56:00,1156.75,1156.75,1156.75,1156.75,0
2015-03-04 13:57:00,1156.75,1158.55,1156.75,1158.55,6
2015-03-04 13:58:00,1158.55,1159.0,1158.55,1159.0,69
2015-03-04 13:59:00,1159.0,1160.0,1151.1,1152.95,104
2015-03-04 14:00:00,1153.2,1153.2,1153.2,1153.2,1
2015-03-04 14:01:00,1157.95,1157.95,1157.95,1157.95,10
2015-03-04 14:02:00,1157.95,1157.95,1157.95,1157.95,0
2015-03-04 14:03:00,1159.95,1159.95,1159.95,1159.95,10
2015-03-04 14:04:00,1156.05,1156.05,1156.05,1156.05,10
2015-03-04 14:05:00,1156.05,1156.05,1156.05,1156.05,0
2015-03-04 14:06:00,1156.05,1156.05,1156.05,1156.05,10
2015-03-04 14:07:00,1156.0,1156.0,1156.0,1156.0,10
2015-03-04 14:08:00,1156.0,1156.0,1156.0,1156.0,0
2015-03-04 14:09:00,1156.0,1158.55,1156.0,1158.55,3
2015-03-04 14:10:00,1158.55,1158.55,1158.55,1158.55,0
2015-03-04 14:11:00,1158.55,1158.55,1158.55,1158.55,0
2015-03-04 14:12:00,1158.55,1158.55,1154.4,1154.4,17
2015-03-04 14:13:00,1154.4,1154.4,1154.4,1154.4,0
2015-03-04 14:14:00,1154.4,1154.4,1154.4,1154.4,0
2015-03-04 14:15:00,1154.4,1154.4,1154.4,1154.4,0
2015-03-04 14:16:00,1154.4,1154.4,1154.4,1154.4,0
2015-03-04 14:17:00,1154.4,1154.4,1154.4,1154.4,0
2015-03-04 14:18:00,1155.7,1160.0,1155.7,1160.0,30
2015-03-04 14:19:00,1164.0,1164.0,1154.45,1154.45,28
2015-03-04 14:20:00,1154.45,1154.45,1154.45,1154.45,0
2015-03-04 14:21:00,1154.45,1160.0,1154.45,1160.0,100
2015-03-04 14:22:00,1160.0,1160.0,1160.0,1160.0,0
2015-03-04 14:23:00,1160.0,1160.0,1160.0,1160.0,0
2015-03-04 14:24:00,1160.0,1160.0,1160.0,1160.0,10
2015-03-04 14:25:00,1160.0,1160.0,1160.0,1160.0,0
2015-03-04 14:26:00,1160.0,1160.0,1160.0,1160.0,0
2015-03-04 14:27:00,1158.75,1161.55,1150.0,1150.0,216
2015-03-04 14:28:00,1150.0,1150.0,1150.0,1150.0,0
2015-03-04 14:29:00,1165.0,1165.0,1165.0,1165.0,115
2015-03-04 14:30:00,1157.35,1157.35,1155.9,1155.95,40
2015-03-04 14:31:00,1155.95,1155.95,1151.4,1151.4,33
2015-03-04 14:32:00,1151.4,1151.4,1151.4,1151.4,0
2015-03-04 14:33:00,1151.4,1151.4,1151.4,1151.4,0
2015-03-04 14:34:00,1151.4,1151.4,1151.4,1151.4,0
2015-03-04 14:35:00,1151.4,1151.4,1151.4,1151.4,0
2015-03-04 14:36:00,1153.0,1153.0,1153.0,1153.0,25
2015-03-04 14:37:00,1153.0,1153.0,1153.0,1153.0,0
2015-03-04 14:38:00,1153.0,1153.0,1152.5,1152.5,1
2015-03-04 14:39:00,1152.5,1152.5,1150.05,1150.05,25
2015-03-04 14:40:00,1150.05,1151.4,1150.05,1151.0,132
2015-03-04 14:41:00,1150.6,1150.6,1150.0,1150.0,23
2015-03-04 14:42:00,1150.0,1150.0,1150.0,1150.0,1
2015-03-04 14:43:00,1150.0,1150.0,1150.0,1150.0,0
2015-03-04 14:44:00,1150.0,1150.0,1145.65,1145.65,197
2015-03-04 14:45:00,1145.7,1145.7,1145.7,1145.7,29
2015-03-04 14:46:00,1145.7,1145.7,1145.7,1145.7,30
2015-03-04 14:47:00,1145.7,1145.7,1145.65,1145.65,50
2015-03-04 14:48:00,1145.65,1145.65,1145.65,1145.65,0
2015-03-04 14:49:00,1145.65,1147.0,1145.65,1147.0,1
2015-03-04 14:50:00,1149.3,1150.2,1149.3,1150.2,92
2015-03-04 14:51:00,1150.2,1150.5,1150.2,1150.5,10
2015-03-04 14:52:00,1150.5,1150.5,1150.5,1150.5,25
2015-03-04 14:53:00,1150.5,1150.5,1150.5,1150.5,1
2015-03-04 14:54:00,1150.5,1150.5,1147.0,1150.45,19
2015-03-04 14:55:00,1150.45,1150.45,1150.45,1150.45,0
2015-03-04 14:56:00,1150.45,1150.45,1150.45,1150.45,0
2015-03-04 14:57:00,1149.6,1149.6,1149.6,1149.6,25
2015-03-04 14:58:00,1149.6,1149.6,1149.6,1149.6,0
2015-03-04 14:59:00,1148.25,1149.95,1148.25,1149.0,62
2015-03-04 15:00:00,1149.0,1149.0,1149.0,1149.0,0
2015-03-04 15:01:00,1149.0,1149.0,1149.0,1149.0,0
2015-03-04 15:02:00,1149.95,1149.95,1149.95,1149.95,14
2015-03-04 15:03:00,1147.6,1147.6,1147.6,1147.6,5
2015-03-04 15:04:00,1146.05,1146.05,1146.05,1146.05,70
2015-03-04 15:05:00,1146.05,1146.05,1146.05,1146.05,0
2015-03-04 15:06:00,1146.05,1146.8,1146.05,1146.8,55
2015-03-04 15:07:00,1147.0,1147.0,1147.0,1147.0,15
2015-03-04 15:08:00,1145.65,1145.65,1144.95,1144.95,103
2015-03-04 15:09:00,1144.95,1144.95,1144.95,1144.95,1
2015-03-04 15:10:00,1144.0,1144.95,1144.0,1144.95,26
2015-03-04 15:11:00,1146.85,1146.85,1146.85,1146.85,7
2015-03-04 15:12:00,1146.85,1146.85,1142.0,1142.0,49
2015-03-04 15:13:00,1142.0,1147.0,1142.0,1147.0,46
2015-03-04 15:14:00,1147.0,1147.0,1147.0,1147.0,0
2015-03-04 15:15:00,1147.0,1147.0,1147.0,1147.0,0
2015-03-04 15:16:00,1147.0,1147.0,1147.0,1147.0,0
2015-03-04 15:17:00,1147.65,1150.4,1145.0,1150.4,154
2015-03-04 15:18:00,1150.4,1153.65,1150.4,1151.2,18
2015-03-04 15:19:00,1145.2,1145.2,1145.2,1145.2,66
2015-03-04 15:20:00,1142.05,1154.25,1142.0,1154.25,143
2015-03-04 15:21:00,1154.25,1154.25,1143.0,1143.0,67
2015-03-04 15:22:00,1152.8,1152.8,1144.25,1144.25,28
2015-03-04 15:23:00,1144.25,1144.25,1144.25,1144.25,0
2015-03-04 15:24:00,1144.25,1150.95,1144.25,1150.95,1
2015-03-04 15:25:00,1150.95,1150.95,1149.0,1149.0,2
2015-03-04 15:26:00,1149.0,1149.0,1144.0,1144.0,30
2015-03-04 15:27:00,1144.05,1144.05,1144.05,1144.05,14
2015-03-04 15:28:00,1144.0,1144.0,1144.0,1144.0,8
2015-03-04 15:29:00,1144.0,1149.0,1144.0,1149.0,96
2015-03-05 09:15:00,1150.0,1150.0,1149.95,1149.95,2
2015-03-05 09:16:00,1149.95,1149.95,1149.95,1149.95,0
2015-03-05 09:17:00,1149.95,1149.95,1149.95,1149.95,0
2015-03-05 09:18:00,1145.35,1145.35,1145.1,1145.1,15
2015-03-05 09:19:00,1145.0,1145.0,1145.0,1145.0,18
2015-03-05 09:20:00,1145.0,1145.0,1145.0,1145.0,0
2015-03-05 09:21:00,1142.2,1142.2,1142.2,1142.2,3
2015-03-05 09:22:00,1142.2,1142.2,1142.2,1142.2,0
2015-03-05 09:23:00,1142.2,1142.2,1142.2,1142.2,0
2015-03-05 09:24:00,1142.2,1142.2,1142.2,1142.2,0
2015-03-05 09:25:00,1142.2,1142.2,1142.2,1142.2,0
2015-03-05 09:26:00,1142.2,1142.2,1142.2,1142.2,0
2015-03-05 09:27:00,1144.05,1144.05,1144.05,1144.05,1
2015-03-05 09:28:00,1144.05,1148.95,1144.05,1148.95,10
2015-03-05 09:29:00,1148.95,1149.95,1148.95,1149.95,10
2015-03-05 09:30:00,1149.95,1150.0,1149.95,1150.0,46
2015-03-05 09:31:00,1150.0,1150.0,1150.0,1150.0,0
2015-03-05 09:32:00,1154.95,1154.95,1154.95,1154.95,20
2015-03-05 09:33:00,1154.95,1154.95,1154.95,1154.95,0
2015-03-05 09:34:00,1154.95,1154.95,1154.95,1154.95,0
2015-03-05 09:35:00,1152.0,1152.0,1152.0,1152.0,25
2015-03-05 09:36:00,1152.0,1152.0,1150.0,1150.0,100
2015-03-05 09:37:00,1150.0,1151.95,1150.0,1151.95,8
2015-03-05 09:38:00,1152.0,1152.0,1150.0,1150.0,150
2015-03-05 09:39:00,1150.0,1152.0,1150.0,1150.0,52
2015-03-05 09:40:00,1150.0,1150.0,1150.0,1150.0,0
2015-03-05 09:41:00,1150.0,1150.0,1150.0,1150.0,0
2015-03-05 09:42:00,1150.0,1150.0,1150.0,1150.0,50
2015-03-05 09:43:00,1150.0,1150.0,1150.0,1150.0,0
2015-03-05 09:44:00,1150.0,1150.0,1150.0,1150.0,0
2015-03-05 09:45:00,1150.0,1150.05,1150.0,1150.05,1
2015-03-05 09:46:00,1150.05,1150.05,1150.05,1150.05,10
2015-03-05 09:47:00,1150.05,1150.05,1150.05,1150.05,0
2015-03-05 09:48:00,1150.05,1150.05,1150.05,1150.05,20
2015-03-05 09:49:00,1150.05,1150.05,1150.05,1150.05,0
2015-03-05 09:50:00,1150.05,1150.05,1150.05,1150.05,0
2015-03-05 09:51:00,1150.05,1150.05,1150.0,1150.0,2
2015-03-05 09:52:00,1150.0,1150.0,1150.0,1150.0,0
2015-03-05 09:53:00,1150.0,1150.0,1150.0,1150.0,0
2015-03-05 09:54:00,1150.0,1150.0,1150.0,1150.0,0
2015-03-05 09:55:00,1150.0,1150.0,1150.0,1150.0,0
2015-03-05 09:56:00,1150.0,1150.0,1150.0,1150.0,0
2015-03-05 09:57:00,1150.0,1150.0,1150.0,1150.0,0
2015-03-05 09:58:00,1150.0,1150.0,1150.0,1150.0,0
2015-03-05 09:59:00,1150.0,1150.0,1150.0,1150.0,0
2015-03-05 10:00:00,1150.0,1150.0,1150.0,1150.0,0
2015-03-05 10:01:00,1150.0,1150.0,1148.15,1148.15,3
2015-03-05 10:02:00,1148.15,1148.15,1148.15,1148.15,0
2015-03-05 10:03:00,1149.95,1149.95,1149.95,1149.95,6
2015-03-05 10:04:00,1149.95,1149.95,1149.0,1149.0,2
2015-03-05 10:05:00,1149.0,1149.0,1149.0,1149.0,0
2015-03-05 10:06:00,1149.0,1149.0,1149.0,1149.0,23
2015-03-05 10:07:00,1148.15,1148.15,1148.15,1148.15,1
2015-03-05 10:08:00,1148.15,1148.15,1148.15,1148.15,0
2015-03-05 10:09:00,1148.15,1148.15,1148.15,1148.15,10
2015-03-05 10:10:00,1148.15,1148.15,1148.15,1148.15,0
2015-03-05 10:11:00,1147.0,1147.0,1147.0,1147.0,80
2015-03-05 10:12:00,1147.0,1147.0,1146.0,1146.0,7
2015-03-05 10:13:00,1148.0,1148.0,1148.0,1148.0,43
2015-03-05 10:14:00,1146.95,1146.95,1146.95,1146.95,2
2015-03-05 10:15:00,1146.95,1146.95,1146.95,1146.95,0
2015-03-05 10:16:00,1146.95,1146.95,1146.95,1146.95,0
2015-03-05 10:17:00,1146.95,1146.95,1146.95,1146.95,0
2015-03-05 10:18:00,1146.6,1147.95,1146.6,1147.95,25
2015-03-05 10:19:00,1147.95,1147.95,1147.95,1147.95,0
2015-03-05 10:20:00,1146.0,1146.0,1146.0,1146.0,79
2015-03-05 10:21:00,1146.0,1146.0,1146.0,1146.0,0
2015-03-05 10:22:00,1146.0,1146.0,1146.0,1146.0,0
2015-03-05 10:23:00,1146.0,1146.0,1146.0,1146.0,0
2015-03-05 10:24:00,1146.0,1146.0,1146.0,1146.0,0
2015-03-05 10:25:00,1146.0,1146.0,1146.0,1146.0,0
2015-03-05 10:26:00,1146.0,1146.0,1146.0,1146.0,0
2015-03-05 10:27:00,1146.0,1146.0,1146.0,1146.0,0
2015-03-05 10:28:00,1146.0,1146.0,1146.0,1146.0,0
2015-03-05 10:29:00,1146.0,1146.0,1146.0,1146.0,0
2015-03-05 10:30:00,1146.0,1146.0,1146.0,1146.0,0
2015-03-05 10:31:00,1150.1,1150.1,1150.1,1150.1,10
2015-03-05 10:32:00,1150.1,1150.1,1150.1,1150.1,46
2015-03-05 10:33:00,1150.1,1150.1,1145.5,1145.5,35
2015-03-05 10:34:00,1145.5,1145.5,1145.5,1145.5,0
2015-03-05 10:35:00,1145.5,1145.5,1145.5,1145.5,0
2015-03-05 10:36:00,1145.5,1145.5,1145.5,1145.5,0
2015-03-05 10:37:00,1145.5,1145.5,1145.5,1145.5,0
2015-03-05 10:38:00,1145.5,1145.5,1145.5,1145.5,0
2015-03-05 10:39:00,1160.0,1170.0,1160.0,1169.55,611
2015-03-05 10:40:00,1169.5,1169.5,1169.45,1169.45,16
2015-03-05 10:41:00,1168.0,1168.0,1167.95,1167.95,131
2015-03-05 10:42:00,1166.05,1166.05,1166.05,1166.05,3
2015-03-05 10:43:00,1166.05,1166.05,1163.95,1163.95,12
2015-03-05 10:44:00,1163.95,1166.05,1163.95,1166.05,55
2015-03-05 10:45:00,1160.65,1160.65,1156.55,1156.55,28
2015-03-05 10:46:00,1156.55,1165.85,1156.55,1165.85,35
2015-03-05 10:47:00,1165.85,1165.85,1159.1,1159.1,32
2015-03-05 10:48:00,1159.1,1159.1,1159.1,1159.1,0
2015-03-05 10:49:00,1159.1,1159.1,1159.1,1159.1,0
2015-03-05 10:50:00,1159.1,1159.1,1159.1,1159.1,0
2015-03-05 10:51:00,1159.1,1159.1,1159.1,1159.1,0
2015-03-05 10:52:00,1159.1,1159.1,1159.1,1159.1,0
2015-03-05 10:53:00,1159.1,1159.1,1159.1,1159.1,0
2015-03-05 10:54:00,1159.1,1159.1,1159.1,1159.1,0
2015-03-05 10:55:00,1159.1,1159.1,1159.1,1159.1,0
2015-03-05 10:56:00,1160.0,1160.0,1160.0,1160.0,1
2015-03-05 10:57:00,1160.0,1160.0,1160.0,1160.0,0
2015-03-05 10:58:00,1160.0,1160.0,1160.0,1160.0,0
2015-03-05 10:59:00,1160.0,1160.0,1160.0,1160.0,5
2015-03-05 11:00:00,1160.0,1160.0,1160.0,1160.0,0
2015-03-05 11:01:00,1155.15,1155.15,1155.15,1155.15,10
2015-03-05 11:02:00,1155.15,1159.95,1155.15,1159.95,15
2015-03-05 11:03:00,1159.95,1159.95,1159.95,1159.95,0
2015-03-05 11:04:00,1159.95,1159.95,1159.95,1159.95,0
2015-03-05 11:05:00,1159.95,1159.95,1159.95,1159.95,0
2015-03-05 11:06:00,1159.95,1159.95,1159.95,1159.95,0
2015-03-05 11:07:00,1159.95,1159.95,1159.95,1159.95,5
2015-03-05 11:08:00,1159.95,1159.95,1159.95,1159.95,0
2015-03-05 11:09:00,1155.7,1155.75,1155.7,1155.75,16
2015-03-05 11:10:00,1159.45,1159.45,1159.45,1159.45,10
2015-03-05 11:11:00,1161.65,1161.65,1161.65,1161.65,12
2015-03-05 11:12:00,1161.65,1161.65,1161.65,1161.65,0
2015-03-05 11:13:00,1161.65,1161.65,1161.65,1161.65,0
2015-03-05 11:14:00,1161.65,1162.9,1161.65,1162.9,100
2015-03-05 11:15:00,1162.9,1162.9,1162.9,1162.9,0
2015-03-05 11:16:00,1165.9,1165.9,1165.9,1165.9,78
2015-03-05 11:17:00,1165.9,1165.9,1165.9,1165.9,5
2015-03-05 11:18:00,1165.9,1165.9,1165.9,1165.9,14
2015-03-05 11:19:00,1165.9,1165.9,1165.9,1165.9,0
2015-03-05 11:20:00,1165.9,1165.9,1165.9,1165.9,0
2015-03-05 11:21:00,1165.9,1165.9,1165.9,1165.9,0
2015-03-05 11:22:00,1165.9,1165.9,1165.9,1165.9,0
2015-03-05 11:23:00,1165.9,1165.9,1165.9,1165.9,0
2015-03-05 11:24:00,1165.9,1165.9,1165.9,1165.9,0
2015-03-05 11:25:00,1165.9,1165.9,1165.9,1165.9,0
2015-03-05 11:26:00,1165.9,1165.9,1165.9,1165.9,0
2015-03-05 11:27:00,1165.9,1165.9,1165.9,1165.9,0
2015-03-05 11:28:00,1165.9,1165.9,1165.05,1165.05,4
2015-03-05 11:29:00,1165.05,1165.05,1165.05,1165.05,0
2015-03-05 11:30:00,1165.05,1165.05,1165.05,1165.05,0
2015-03-05 11:31:00,1165.05,1165.05,1165.05,1165.05,0
2015-03-05 11:32:00,1165.05,1165.05,1165.05,1165.05,0
2015-03-05 11:33:00,1165.05,1165.05,1165.05,1165.05,0
2015-03-05 11:34:00,1165.05,1165.05,1165.05,1165.05,0
2015-03-05 11:35:00,1165.05,1165.05,1165.05,1165.05,0
2015-03-05 11:36:00,1165.05,1165.05,1165.05,1165.05,0
2015-03-05 11:37:00,1165.05,1165.05,1165.05,1165.05,0
2015-03-05 11:38:00,1155.25,1157.55,1155.25,1157.55,15
2015-03-05 11:39:00,1157.55,1161.0,1157.55,1161.0,50
2015-03-05 11:40:00,1161.0,1161.0,1161.0,1161.0,0
2015-03-05 11:41:00,1155.95,1155.95,1155.95,1155.95,7
2015-03-05 11:42:00,1155.95,1155.95,1155.25,1155.25,26
2015-03-05 11:43:00,1155.25,1155.25,1155.25,1155.25,0
2015-03-05 11:44:00,1155.95,1155.95,1155.95,1155.95,0
2015-03-05 11:45:00,1155.25,1155.25,1155.25,1155.25,0
2015-03-05 11:46:00,1155.95,1155.95,1155.95,1155.95,0
2015-03-05 11:47:00,1155.25,1155.25,1155.25,1155.25,0
2015-03-05 11:48:00,1155.2,1159.95,1155.2,1159.95,60
2015-03-05 11:49:00,1159.95,1159.95,1159.95,1159.95,1
2015-03-05 11:50:00,1159.95,1159.95,1159.95,1159.95,0
2015-03-05 11:51:00,1159.95,1159.95,1159.95,1159.95,0
2015-03-05 11:52:00,1159.95,1159.95,1159.95,1159.95,0
2015-03-05 11:53:00,1159.95,1159.95,1159.95,1159.95,0
2015-03-05 11:54:00,1159.95,1159.95,1159.4,1159.4,51
2015-03-05 11:55:00,1159.4,1159.4,1159.4,1159.4,0
2015-03-05 11:56:00,1159.4,1159.4,1159.4,1159.4,0
2015-03-05 11:57:00,1159.4,1159.4,1159.4,1159.4,0
2015-03-05 11:58:00,1159.4,1159.4,1159.4,1159.4,0
2015-03-05 11:59:00,1159.4,1159.4,1159.4,1159.4,0
2015-03-05 12:00:00,1159.4,1159.4,1159.4,1159.4,0
2015-03-05 12:01:00,1159.4,1159.4,1159.4,1159.4,0
2015-03-05 12:02:00,1159.4,1159.4,1159.4,1159.4,0
2015-03-05 12:03:00,1159.4,1159.4,1159.4,1159.4,0
2015-03-05 12:04:00,1159.4,1159.4,1159.4,1159.4,0
2015-03-05 12:05:00,1159.4,1159.4,1159.4,1159.4,0
2015-03-05 12:06:00,1159.4,1159.4,1158.8,1158.8,7
2015-03-05 12:07:00,1158.8,1158.8,1158.8,1158.8,0
2015-03-05 12:08:00,1158.8,1158.8,1155.2,1155.2,35
2015-03-05 12:09:00,1155.2,1155.2,1155.2,1155.2,69
2015-03-05 12:10:00,1155.2,1155.2,1155.2,1155.2,28
2015-03-05 12:11:00,1155.2,1155.2,1155.2,1155.2,10
2015-03-05 12:12:00,1155.0,1155.0,1155.0,1155.0,15
2015-03-05 12:13:00,1153.95,1153.95,1153.95,1153.95,10
2015-03-05 12:14:00,1152.95,1152.95,1152.0,1152.0,19
2015-03-05 12:15:00,1152.0,1152.0,1152.0,1152.0,0
2015-03-05 12:16:00,1150.1,1153.95,1150.1,1153.95,11
2015-03-05 12:17:00,1153.95,1153.95,1153.95,1153.95,0
2015-03-05 12:18:00,1154.0,1154.0,1154.0,1154.0,19
2015-03-05 12:19:00,1154.0,1154.0,1150.2,1150.2,20
2015-03-05 12:20:00,1150.2,1150.2,1150.2,1150.2,0
2015-03-05 12:21:00,1154.0,1154.0,1154.0,1154.0,0
2015-03-05 12:22:00,1150.2,1150.2,1150.2,1150.2,0
2015-03-05 12:23:00,1154.0,1154.0,1154.0,1154.0,0
2015-03-05 12:24:00,1150.2,1150.2,1150.2,1150.2,0
2015-03-05 12:25:00,1154.0,1154.0,1154.0,1154.0,15
2015-03-05 12:26:00,1154.0,1154.0,1154.0,1154.0,0
2015-03-05 12:27:00,1154.0,1154.0,1154.0,1154.0,0
2015-03-05 12:28:00,1154.0,1154.0,1154.0,1154.0,0
2015-03-05 12:29:00,1154.0,1154.0,1154.0,1154.0,0
2015-03-05 12:30:00,1154.0,1154.0,1154.0,1154.0,0
2015-03-05 12:31:00,1154.0,1154.0,1154.0,1154.0,0
2015-03-05 12:32:00,1154.0,1154.0,1154.0,1154.0,0
2015-03-05 12:33:00,1154.0,1154.0,1154.0,1154.0,0
2015-03-05 12:34:00,1154.0,1154.0,1154.0,1154.0,0
2015-03-05 12:35:00,1154.0,1154.0,1154.0,1154.0,0
2015-03-05 12:36:00,1154.0,1154.0,1154.0,1154.0,0
2015-03-05 12:37:00,1154.0,1154.0,1154.0,1154.0,0
2015-03-05 12:38:00,1150.7,1157.55,1150.7,1157.55,25
2015-03-05 12:39:00,1157.55,1157.55,1157.55,1157.55,0
2015-03-05 12:40:00,1157.55,1157.55,1157.55,1157.55,0
2015-03-05 12:41:00,1152.35,1152.35,1152.35,1152.35,2
2015-03-05 12:42:00,1152.35,1152.35,1152.35,1152.35,0
2015-03-05 12:43:00,1152.35,1152.35,1152.35,1152.35,0
2015-03-05 12:44:00,1152.35,1152.35,1152.35,1152.35,0
2015-03-05 12:45:00,1158.0,1158.0,1158.0,1158.0,51
2015-03-05 12:46:00,1158.0,1158.0,1155.05,1155.05,2
2015-03-05 12:47:00,1155.05,1155.05,1155.05,1155.05,0
2015-03-05 12:48:00,1158.0,1158.0,1158.0,1158.0,0
2015-03-05 12:49:00,1155.05,1155.05,1155.05,1155.05,0
2015-03-05 12:50:00,1158.0,1158.0,1158.0,1158.0,0
2015-03-05 12:51:00,1155.05,1155.05,1155.05,1155.05,0
2015-03-05 12:52:00,1155.05,1155.05,1155.05,1155.05,0
2015-03-05 12:53:00,1153.5,1153.5,1153.5,1153.5,31
2015-03-05 12:54:00,1153.5,1153.5,1150.7,1150.7,2
2015-03-05 12:55:00,1150.7,1150.7,1150.7,1150.7,0
2015-03-05 12:56:00,1150.7,1150.7,1150.7,1150.7,0
2015-03-05 12:57:00,1150.7,1150.7,1150.7,1150.7,0
2015-03-05 12:58:00,1150.7,1150.7,1150.7,1150.7,0
2015-03-05 12:59:00,1150.7,1150.7,1150.65,1150.65,22
2015-03-05 13:00:00,1150.65,1150.65,1150.65,1150.65,0
2015-03-05 13:01:00,1150.7,1150.7,1150.7,1150.7,0
2015-03-05 13:02:00,1150.65,1150.65,1150.65,1150.65,40
2015-03-05 13:03:00,1150.65,1150.65,1150.65,1150.65,3
2015-03-05 13:04:00,1150.65,1150.65,1150.65,1150.65,0
2015-03-05 13:05:00,1150.65,1150.65,1150.65,1150.65,2
2015-03-05 13:06:00,1150.65,1150.65,1150.65,1150.65,0
2015-03-05 13:07:00,1150.65,1150.65,1150.65,1150.65,0
2015-03-05 13:08:00,1150.65,1150.65,1150.65,1150.65,0
2015-03-05 13:09:00,1150.65,1150.65,1150.65,1150.65,0
2015-03-05 13:10:00,1150.65,1150.65,1150.65,1150.65,0
2015-03-05 13:11:00,1150.65,1150.65,1150.65,1150.65,0
2015-03-05 13:12:00,1150.65,1150.65,1150.65,1150.65,100
2015-03-05 13:13:00,1150.65,1150.65,1150.65,1150.65,40
2015-03-05 13:14:00,1150.65,1150.65,1150.65,1150.65,0
2015-03-05 13:15:00,1150.65,1150.65,1150.65,1150.65,0
2015-03-05 13:16:00,1150.65,1150.65,1150.65,1150.65,0
2015-03-05 13:17:00,1150.65,1150.65,1150.65,1150.65,0
2015-03-05 13:18:00,1150.65,1150.65,1150.65,1150.65,0
2015-03-05 13:19:00,1150.65,1150.65,1150.65,1150.65,0
2015-03-05 13:20:00,1150.65,1150.65,1150.65,1150.65,0
2015-03-05 13:21:00,1150.65,1150.65,1150.65,1150.65,0
2015-03-05 13:22:00,1150.65,1150.65,1150.65,1150.65,0
2015-03-05 13:23:00,1150.65,1150.65,1150.65,1150.65,0
2015-03-05 13:24:00,1150.65,1150.65,1150.65,1150.65,0
2015-03-05 13:25:00,1150.65,1150.65,1150.65,1150.65,0
2015-03-05 13:26:00,1150.65,1150.65,1150.65,1150.65,0
2015-03-05 13:27:00,1150.65,1150.65,1150.65,1150.65,0
2015-03-05 13:28:00,1150.65,1150.65,1150.65,1150.65,0
2015-03-05 13:29:00,1150.65,1150.65,1150.65,1150.65,0
2015-03-05 13:30:00,1150.65,1150.65,1150.65,1150.65,0
2015-03-05 13:31:00,1150.65,1150.65,1150.65,1150.65,0
2015-03-05 13:32:00,1150.65,1150.65,1150.65,1150.65,0
2015-03-05 13:33:00,1150.65,1150.65,1150.65,1150.65,0
2015-03-05 13:34:00,1150.65,1150.65,1150.65,1150.65,0
2015-03-05 13:35:00,1150.65,1150.65,1150.65,1150.65,0
2015-03-05 13:36:00,1150.65,1150.65,1150.65,1150.65,0
2015-03-05 13:37:00,1150.65,1150.65,1150.65,1150.65,0
2015-03-05 13:38:00,1150.65,1150.65,1150.65,1150.65,0
2015-03-05 13:39:00,1150.65,1150.65,1150.65,1150.65,0
2015-03-05 13:40:00,1150.65,1150.65,1150.65,1150.65,0
2015-03-05 13:41:00,1150.65,1150.65,1150.65,1150.65,0
2015-03-05 13:42:00,1150.65,1150.65,1150.65,1150.65,0
2015-03-05 13:43:00,1150.65,1150.65,1150.65,1150.65,0
2015-03-05 13:44:00,1150.65,1150.65,1150.65,1150.65,0
2015-03-05 13:45:00,1150.65,1150.65,1150.65,1150.65,0
2015-03-05 13:46:00,1150.65,1150.65,1150.65,1150.65,75
2015-03-05 13:47:00,1150.65,1150.65,1150.65,1150.65,0
2015-03-05 13:48:00,1150.65,1150.65,1150.65,1150.65,0
2015-03-05 13:49:00,1150.65,1150.65,1150.65,1150.65,0
2015-03-05 13:50:00,1150.65,1150.65,1150.65,1150.65,0
2015-03-05 13:51:00,1150.65,1150.85,1150.65,1150.85,1
2015-03-05 13:52:00,1150.85,1150.85,1150.85,1150.85,0
2015-03-05 13:53:00,1150.85,1153.0,1150.85,1153.0,5
2015-03-05 13:54:00,1153.0,1153.0,1153.0,1153.0,0
2015-03-05 13:55:00,1154.95,1155.0,1154.95,1155.0,250
2015-03-05 13:56:00,1155.0,1155.0,1155.0,1155.0,0
2015-03-05 13:57:00,1153.0,1153.0,1153.0,1153.0,0
2015-03-05 13:58:00,1155.0,1155.0,1155.0,1155.0,35
2015-03-05 13:59:00,1155.0,1155.0,1155.0,1155.0,0
2015-03-05 14:00:00,1155.0,1155.0,1155.0,1155.0,0
2015-03-05 14:01:00,1155.0,1155.0,1155.0,1155.0,0
2015-03-05 14:02:00,1160.0,1160.0,1160.0,1160.0,12
2015-03-05 14:03:00,1160.0,1160.0,1160.0,1160.0,0
2015-03-05 14:04:00,1160.95,1160.95,1160.95,1160.95,3
2015-03-05 14:05:00,1161.0,1161.0,1161.0,1161.0,229
2015-03-05 14:06:00,1160.95,1160.95,1160.95,1160.95,3
2015-03-05 14:07:00,1160.95,1160.95,1160.95,1160.95,0
2015-03-05 14:08:00,1160.95,1160.95,1160.95,1160.95,0
2015-03-05 14:09:00,1161.0,1161.0,1161.0,1161.0,10
2015-03-05 14:10:00,1161.0,1161.0,1161.0,1161.0,0
2015-03-05 14:11:00,1161.0,1161.0,1161.0,1161.0,8
2015-03-05 14:12:00,1161.0,1164.0,1161.0,1164.0,1
2015-03-05 14:13:00,1164.0,1164.0,1164.0,1164.0,13
2015-03-05 14:14:00,1164.0,1164.0,1164.0,1164.0,3
2015-03-05 14:15:00,1164.0,1164.0,1164.0,1164.0,0
2015-03-05 14:16:00,1164.0,1164.0,1164.0,1164.0,0
2015-03-05 14:17:00,1164.5,1165.05,1164.05,1165.05,49
2015-03-05 14:18:00,1164.95,1164.95,1164.95,1164.95,1
2015-03-05 14:19:00,1164.95,1168.5,1164.95,1168.5,100
2015-03-05 14:20:00,1168.5,1168.5,1168.5,1168.5,63
2015-03-05 14:21:00,1168.5,1168.5,1168.5,1168.5,40
2015-03-05 14:22:00,1168.5,1168.5,1168.5,1168.5,0
2015-03-05 14:23:00,1168.5,1168.5,1161.9,1161.9,20
2015-03-05 14:24:00,1161.9,1161.9,1161.9,1161.9,0
2015-03-05 14:25:00,1161.9,1161.9,1161.9,1161.9,0
2015-03-05 14:26:00,1161.9,1161.9,1161.9,1161.9,0
2015-03-05 14:27:00,1161.9,1161.9,1161.9,1161.9,0
2015-03-05 14:28:00,1161.9,1161.9,1161.9,1161.9,0
2015-03-05 14:29:00,1161.9,1161.9,1161.9,1161.9,0
2015-03-05 14:30:00,1161.9,1167.05,1161.9,1167.05,170
2015-03-05 14:31:00,1167.05,1167.05,1167.05,1167.05,0
2015-03-05 14:32:00,1167.05,1167.9,1167.05,1167.9,83
2015-03-05 14:33:00,1167.9,1167.9,1161.55,1165.3,51
2015-03-05 14:34:00,1165.3,1165.3,1165.3,1165.3,0
2015-03-05 14:35:00,1165.3,1165.3,1164.95,1165.0,25
2015-03-05 14:36:00,1165.0,1167.15,1165.0,1167.15,18
2015-03-05 14:37:00,1167.15,1167.15,1167.15,1167.15,10
2015-03-05 14:38:00,1167.15,1167.15,1167.15,1167.15,0
2015-03-05 14:39:00,1167.15,1167.15,1167.15,1167.15,27
2015-03-05 14:40:00,1167.5,1167.5,1167.5,1167.5,28
2015-03-05 14:41:00,1167.5,1167.5,1167.5,1167.5,0
2015-03-05 14:42:00,1170.0,1170.0,1170.0,1170.0,202
2015-03-05 14:43:00,1170.0,1170.0,1170.0,1170.0,1
2015-03-05 14:44:00,1170.0,1170.0,1170.0,1170.0,0
2015-03-05 14:45:00,1170.0,1170.0,1170.0,1170.0,0
2015-03-05 14:46:00,1170.0,1170.0,1170.0,1170.0,0
2015-03-05 14:47:00,1170.0,1170.0,1170.0,1170.0,0
2015-03-05 14:48:00,1170.0,1170.0,1165.25,1165.25,6
2015-03-05 14:49:00,1165.25,1165.25,1165.25,1165.25,0
2015-03-05 14:50:00,1161.6,1161.6,1161.6,1161.6,1
2015-03-05 14:51:00,1165.0,1165.0,1165.0,1165.0,95
2015-03-05 14:52:00,1165.0,1165.0,1165.0,1165.0,0
2015-03-05 14:53:00,1165.0,1165.0,1165.0,1165.0,0
2015-03-05 14:54:00,1165.0,1165.0,1165.0,1165.0,100
2015-03-05 14:55:00,1165.0,1165.0,1165.0,1165.0,0
2015-03-05 14:56:00,1165.0,1165.0,1165.0,1165.0,5
2015-03-05 14:57:00,1165.0,1165.0,1165.0,1165.0,10
2015-03-05 14:58:00,1165.0,1165.0,1165.0,1165.0,0
2015-03-05 14:59:00,1164.95,1164.95,1164.95,1164.95,115
2015-03-05 15:00:00,1164.95,1164.95,1164.95,1164.95,0
2015-03-05 15:01:00,1164.95,1164.95,1164.95,1164.95,5
2015-03-05 15:02:00,1164.95,1165.0,1164.95,1165.0,100
2015-03-05 15:03:00,1165.0,1165.0,1165.0,1165.0,0
2015-03-05 15:04:00,1165.0,1165.0,1165.0,1165.0,0
2015-03-05 15:05:00,1165.0,1165.0,1161.7,1161.7,100
2015-03-05 15:06:00,1161.7,1161.7,1161.5,1161.5,5
2015-03-05 15:07:00,1161.5,1161.5,1161.5,1161.5,0
2015-03-05 15:08:00,1164.8,1164.8,1164.8,1164.8,40
2015-03-05 15:09:00,1170.0,1170.0,1165.9,1165.9,210
2015-03-05 15:10:00,1165.9,1165.9,1165.0,1165.0,12
2015-03-05 15:11:00,1165.0,1165.0,1165.0,1165.0,0
2015-03-05 15:12:00,1165.0,1165.0,1165.0,1165.0,0
2015-03-05 15:13:00,1161.75,1161.75,1161.75,1161.75,2
2015-03-05 15:14:00,1161.75,1161.75,1161.75,1161.75,0
2015-03-05 15:15:00,1164.45,1164.45,1164.45,1164.45,29
2015-03-05 15:16:00,1164.45,1164.45,1164.45,1164.45,0
2015-03-05 15:17:00,1164.45,1164.45,1164.45,1164.45,46
2015-03-05 15:18:00,1164.45,1165.8,1164.0,1165.8,128
2015-03-05 15:19:00,1165.8,1165.8,1165.8,1165.8,0
2015-03-05 15:20:00,1165.8,1167.0,1165.8,1167.0,64
2015-03-05 15:21:00,1170.0,1173.6,1170.0,1170.0,375
2015-03-05 15:22:00,1170.0,1170.0,1168.05,1168.95,11
2015-03-05 15:23:00,1168.95,1169.2,1166.65,1166.65,15
2015-03-05 15:24:00,1169.0,1170.0,1167.4,1170.0,205
2015-03-05 15:25:00,1170.0,1170.0,1170.0,1170.0,0
2015-03-05 15:26:00,1170.0,1170.0,1162.2,1165.0,103
2015-03-05 15:27:00,1169.7,1169.7,1166.05,1166.05,30
2015-03-05 15:28:00,1169.0,1169.0,1169.0,1169.0,10
2015-03-05 15:29:00,1165.0,1169.0,1165.0,1169.0,79
2015-03-09 09:15:00,1163.0,1163.0,1163.0,1163.0,25
2015-03-09 09:16:00,1163.0,1163.0,1163.0,1163.0,0
2015-03-09 09:17:00,1163.0,1163.0,1163.0,1163.0,0
2015-03-09 09:18:00,1163.0,1163.0,1163.0,1163.0,52
2015-03-09 09:19:00,1163.0,1163.0,1163.0,1163.0,0
2015-03-09 09:20:00,1163.0,1163.0,1163.0,1163.0,0
2015-03-09 09:21:00,1151.85,1151.85,1151.85,1151.85,2
2015-03-09 09:22:00,1151.85,1151.85,1151.85,1151.85,0
2015-03-09 09:23:00,1151.85,1164.0,1151.85,1164.0,30
2015-03-09 09:24:00,1164.0,1164.0,1153.05,1153.05,31
2015-03-09 09:25:00,1153.05,1153.05,1153.05,1153.05,0
2015-03-09 09:26:00,1152.05,1152.05,1152.05,1152.05,2
2015-03-09 09:27:00,1152.05,1152.05,1152.05,1152.05,0
2015-03-09 09:28:00,1152.05,1152.05,1152.05,1152.05,0
2015-03-09 09:29:00,1156.0,1156.0,1156.0,1156.0,1
2015-03-09 09:30:00,1156.0,1156.0,1156.0,1156.0,0
2015-03-09 09:31:00,1156.0,1156.0,1156.0,1156.0,9
2015-03-09 09:32:00,1164.6,1164.6,1164.6,1164.6,2
2015-03-09 09:33:00,1164.6,1164.6,1164.6,1164.6,0
2015-03-09 09:34:00,1164.6,1164.6,1164.6,1164.6,0
2015-03-09 09:35:00,1164.6,1164.6,1164.6,1164.6,0
2015-03-09 09:36:00,1164.95,1164.95,1164.95,1164.95,10
2015-03-09 09:37:00,1164.95,1164.95,1164.95,1164.95,0
2015-03-09 09:38:00,1164.95,1164.95,1164.95,1164.95,0
2015-03-09 09:39:00,1164.95,1164.95,1164.95,1164.95,0
2015-03-09 09:40:00,1163.0,1163.0,1163.0,1163.0,2
2015-03-09 09:41:00,1163.0,1163.0,1163.0,1163.0,0
2015-03-09 09:42:00,1163.0,1163.0,1163.0,1163.0,0
2015-03-09 09:43:00,1163.0,1163.0,1163.0,1163.0,0
2015-03-09 09:44:00,1163.0,1163.0,1162.85,1162.85,100
2015-03-09 09:45:00,1162.85,1162.85,1162.85,1162.85,0
2015-03-09 09:46:00,1162.85,1163.9,1161.2,1163.9,63
2015-03-09 09:47:00,1163.9,1163.9,1163.9,1163.9,0
2015-03-09 09:48:00,1163.9,1163.9,1163.9,1163.9,0
2015-03-09 09:49:00,1164.0,1164.0,1160.05,1160.05,106
2015-03-09 09:50:00,1160.05,1165.0,1160.0,1165.0,301
2015-03-09 09:51:00,1160.0,1160.0,1158.15,1158.15,29
2015-03-09 09:52:00,1158.15,1161.8,1158.15,1161.8,37
2015-03-09 09:53:00,1163.0,1163.0,1163.0,1163.0,213
2015-03-09 09:54:00,1163.0,1163.0,1163.0,1163.0,89
2015-03-09 09:55:00,1167.0,1167.0,1166.45,1166.45,201
2015-03-09 09:56:00,1166.45,1166.45,1161.2,1161.2,5
2015-03-09 09:57:00,1161.2,1161.95,1161.0,1161.95,12
2015-03-09 09:58:00,1161.95,1164.8,1161.95,1164.8,36
2015-03-09 09:59:00,1164.8,1164.8,1164.8,1164.8,0
2015-03-09 10:00:00,1167.0,1167.0,1158.0,1158.0,74
2015-03-09 10:01:00,1158.0,1160.75,1158.0,1160.75,8
2015-03-09 10:02:00,1160.75,1160.75,1160.75,1160.75,0
2015-03-09 10:03:00,1160.75,1160.75,1160.75,1160.75,0
2015-03-09 10:04:00,1160.75,1160.75,1160.75,1160.75,0
2015-03-09 10:05:00,1160.75,1160.75,1160.75,1160.75,0
2015-03-09 10:06:00,1160.75,1160.75,1160.75,1160.75,0
2015-03-09 10:07:00,1160.75,1160.75,1160.75,1160.75,0
2015-03-09 10:08:00,1162.1,1162.1,1162.1,1162.1,1
2015-03-09 10:09:00,1162.1,1162.1,1160.2,1160.2,2
2015-03-09 10:10:00,1160.2,1160.2,1160.2,1160.2,0
2015-03-09 10:11:00,1160.2,1160.2,1160.2,1160.2,0
2015-03-09 10:12:00,1160.2,1160.2,1160.2,1160.2,0
2015-03-09 10:13:00,1162.0,1162.0,1162.0,1162.0,133
2015-03-09 10:14:00,1162.0,1162.0,1162.0,1162.0,0
2015-03-09 10:15:00,1162.0,1162.0,1162.0,1162.0,0
2015-03-09 10:16:00,1162.0,1162.0,1162.0,1162.0,0
2015-03-09 10:17:00,1162.0,1162.0,1161.0,1161.0,11
2015-03-09 10:18:00,1161.0,1161.0,1161.0,1161.0,0
2015-03-09 10:19:00,1160.0,1160.0,1160.0,1160.0,12
2015-03-09 10:20:00,1160.0,1160.0,1159.95,1159.95,5
2015-03-09 10:21:00,1159.95,1159.95,1159.95,1159.95,0
2015-03-09 10:22:00,1158.0,1160.0,1158.0,1160.0,11
2015-03-09 10:23:00,1160.0,1160.0,1158.0,1158.0,1
2015-03-09 10:24:00,1160.0,1160.0,1160.0,1160.0,10
2015-03-09 10:25:00,1160.0,1160.0,1160.0,1160.0,0
2015-03-09 10:26:00,1158.0,1158.0,1158.0,1158.0,0
2015-03-09 10:27:00,1160.0,1160.0,1160.0,1160.0,20
2015-03-09 10:28:00,1160.0,1160.0,1160.0,1160.0,0
2015-03-09 10:29:00,1160.0,1160.0,1160.0,1160.0,0
2015-03-09 10:30:00,1160.0,1160.0,1160.0,1160.0,0
2015-03-09 10:31:00,1160.0,1161.0,1160.0,1161.0,102
2015-03-09 10:32:00,1161.0,1161.0,1161.0,1161.0,0
2015-03-09 10:33:00,1160.0,1160.0,1160.0,1160.0,0
2015-03-09 10:34:00,1161.0,1161.0,1161.0,1161.0,0
2015-03-09 10:35:00,1161.0,1161.0,1161.0,1161.0,0
2015-03-09 10:36:00,1161.0,1161.0,1161.0,1161.0,0
2015-03-09 10:37:00,1161.0,1161.0,1161.0,1161.0,0
2015-03-09 10:38:00,1161.95,1161.95,1161.95,1161.95,5
2015-03-09 10:39:00,1161.95,1161.95,1161.95,1161.95,16
2015-03-09 10:40:00,1161.95,1161.95,1161.95,1161.95,0
2015-03-09 10:41:00,1161.95,1161.95,1161.95,1161.95,0
2015-03-09 10:42:00,1161.95,1161.95,1161.95,1161.95,0
2015-03-09 10:43:00,1161.95,1161.95,1161.95,1161.95,0
2015-03-09 10:44:00,1161.95,1161.95,1161.95,1161.95,0
2015-03-09 10:45:00,1161.95,1161.95,1161.95,1161.95,0
2015-03-09 10:46:00,1161.95,1161.95,1161.95,1161.95,0
2015-03-09 10:47:00,1161.95,1161.95,1161.95,1161.95,0
2015-03-09 10:48:00,1160.0,1160.0,1160.0,1160.0,50
2015-03-09 10:49:00,1160.0,1160.0,1160.0,1160.0,0
2015-03-09 10:50:00,1160.0,1160.0,1160.0,1160.0,0
2015-03-09 10:51:00,1160.0,1160.0,1160.0,1160.0,0
2015-03-09 10:52:00,1160.0,1160.0,1160.0,1160.0,0
2015-03-09 10:53:00,1160.0,1160.0,1154.95,1154.95,64
2015-03-09 10:54:00,1152.95,1152.95,1152.95,1152.95,10
2015-03-09 10:55:00,1152.95,1152.95,1152.95,1152.95,0
2015-03-09 10:56:00,1150.0,1150.0,1149.7,1149.7,91
2015-03-09 10:57:00,1149.7,1149.7,1149.7,1149.7,2
2015-03-09 10:58:00,1141.1,1148.0,1141.1,1148.0,350
2015-03-09 10:59:00,1147.1,1147.9,1147.1,1147.9,12
2015-03-09 11:00:00,1147.9,1148.75,1147.85,1148.75,32
2015-03-09 11:01:00,1148.75,1148.75,1148.75,1148.75,0
2015-03-09 11:02:00,1158.0,1160.0,1158.0,1160.0,58
2015-03-09 11:03:00,1160.0,1160.0,1160.0,1160.0,0
2015-03-09 11:04:00,1156.4,1156.4,1156.4,1156.4,11
2015-03-09 11:05:00,1156.55,1156.55,1156.55,1156.55,1
2015-03-09 11:06:00,1156.55,1156.55,1156.55,1156.55,0
2015-03-09 11:07:00,1154.0,1154.0,1154.0,1154.0,50
2015-03-09 11:08:00,1154.0,1154.0,1154.0,1154.0,0
2015-03-09 11:09:00,1156.4,1156.4,1156.4,1156.4,0
2015-03-09 11:10:00,1154.0,1154.0,1154.0,1154.0,0
2015-03-09 11:11:00,1154.0,1154.0,1154.0,1154.0,0
2015-03-09 11:12:00,1154.0,1154.0,1154.0,1154.0,0
2015-03-09 11:13:00,1160.0,1160.0,1156.6,1156.6,51
2015-03-09 11:14:00,1156.6,1156.6,1156.6,1156.6,0
2015-03-09 11:15:00,1156.6,1156.6,1156.6,1156.6,0
2015-03-09 11:16:00,1156.6,1156.6,1156.6,1156.6,0
2015-03-09 11:17:00,1156.6,1156.6,1156.6,1156.6,0
2015-03-09 11:18:00,1159.95,1159.95,1159.95,1159.95,5
2015-03-09 11:19:00,1159.95,1159.95,1159.95,1159.95,0
2015-03-09 11:20:00,1159.95,1159.95,1159.95,1159.95,0
2015-03-09 11:21:00,1159.95,1159.95,1159.95,1159.95,0
2015-03-09 11:22:00,1159.95,1159.95,1158.95,1158.95,3
2015-03-09 11:23:00,1158.95,1158.95,1158.95,1158.95,1
2015-03-09 11:24:00,1158.95,1158.95,1158.95,1158.95,0
2015-03-09 11:25:00,1158.95,1158.95,1158.95,1158.95,0
2015-03-09 11:26:00,1158.95,1158.95,1158.95,1158.95,1
2015-03-09 11:27:00,1158.95,1159.95,1158.95,1159.95,106
2015-03-09 11:28:00,1160.0,1160.0,1151.15,1159.95,94
2015-03-09 11:29:00,1159.95,1159.95,1159.95,1159.95,0
2015-03-09 11:30:00,1159.95,1159.95,1159.95,1159.95,0
2015-03-09 11:31:00,1159.95,1159.95,1159.95,1159.95,0
2015-03-09 11:32:00,1159.95,1159.95,1159.95,1159.95,0
2015-03-09 11:33:00,1159.95,1159.95,1159.95,1159.95,0
2015-03-09 11:34:00,1159.95,1159.95,1159.95,1159.95,0
2015-03-09 11:35:00,1159.95,1159.95,1159.95,1159.95,2
2015-03-09 11:36:00,1159.95,1159.95,1159.95,1159.95,0
2015-03-09 11:37:00,1159.95,1159.95,1159.95,1159.95,4
2015-03-09 11:38:00,1159.95,1159.95,1159.95,1159.95,0
2015-03-09 11:39:00,1159.95,1159.95,1159.95,1159.95,0
2015-03-09 11:40:00,1159.95,1159.95,1159.95,1159.95,0
2015-03-09 11:41:00,1159.95,1159.95,1159.95,1159.95,0
2015-03-09 11:42:00,1159.95,1159.95,1159.95,1159.95,15
2015-03-09 11:43:00,1159.95,1159.95,1159.95,1159.95,0
2015-03-09 11:44:00,1159.95,1159.95,1159.95,1159.95,0
2015-03-09 11:45:00,1159.95,1159.95,1159.95,1159.95,0
2015-03-09 11:46:00,1159.95,1159.95,1159.95,1159.95,0
2015-03-09 11:47:00,1159.95,1159.95,1159.95,1159.95,0
2015-03-09 11:48:00,1159.95,1159.95,1159.95,1159.95,0
2015-03-09 11:49:00,1159.95,1159.95,1159.95,1159.95,0
2015-03-09 11:50:00,1159.95,1159.95,1159.95,1159.95,0
2015-03-09 11:51:00,1159.95,1159.95,1159.95,1159.95,0
2015-03-09 11:52:00,1159.95,1159.95,1159.95,1159.95,0
2015-03-09 11:53:00,1159.95,1159.95,1159.95,1159.95,0
2015-03-09 11:54:00,1159.95,1159.95,1159.95,1159.95,0
2015-03-09 11:55:00,1159.95,1159.95,1159.95,1159.95,0
2015-03-09 11:56:00,1159.95,1159.95,1159.95,1159.95,0
2015-03-09 11:57:00,1159.95,1159.95,1159.95,1159.95,0
2015-03-09 11:58:00,1158.25,1158.25,1158.25,1158.25,25
2015-03-09 11:59:00,1158.25,1158.25,1158.25,1158.25,0
2015-03-09 12:00:00,1159.95,1159.95,1159.95,1159.95,0
2015-03-09 12:01:00,1158.25,1158.25,1158.25,1158.25,0
2015-03-09 12:02:00,1158.25,1158.25,1158.25,1158.25,0
2015-03-09 12:03:00,1158.25,1158.25,1158.25,1158.25,0
2015-03-09 12:04:00,1158.25,1158.25,1158.25,1158.25,0
2015-03-09 12:05:00,1158.25,1158.25,1158.25,1158.25,0
2015-03-09 12:06:00,1158.25,1158.25,1158.25,1158.25,0
2015-03-09 12:07:00,1158.25,1158.25,1158.25,1158.25,0
2015-03-09 12:08:00,1158.25,1158.25,1158.25,1158.25,0
2015-03-09 12:09:00,1158.0,1158.0,1156.0,1156.0,88
2015-03-09 12:10:00,1156.0,1156.0,1156.0,1156.0,0
2015-03-09 12:11:00,1158.25,1158.25,1158.25,1158.25,0
2015-03-09 12:12:00,1156.0,1156.0,1156.0,1156.0,0
2015-03-09 12:13:00,1156.0,1156.0,1156.0,1156.0,0
2015-03-09 12:14:00,1156.0,1156.0,1156.0,1156.0,0
2015-03-09 12:15:00,1156.0,1160.0,1156.0,1160.0,100
2015-03-09 12:16:00,1160.0,1160.0,1160.0,1160.0,0
2015-03-09 12:17:00,1160.0,1160.0,1160.0,1160.0,0
2015-03-09 12:18:00,1160.0,1160.0,1160.0,1160.0,0
2015-03-09 12:19:00,1160.0,1160.0,1160.0,1160.0,0
2015-03-09 12:20:00,1160.0,1160.0,1160.0,1160.0,0
2015-03-09 12:21:00,1160.0,1160.0,1160.0,1160.0,0
2015-03-09 12:22:00,1160.0,1160.0,1160.0,1160.0,0
2015-03-09 12:23:00,1160.0,1160.0,1160.0,1160.0,0
2015-03-09 12:24:00,1160.0,1160.0,1160.0,1160.0,0
2015-03-09 12:25:00,1155.0,1155.0,1151.1,1151.1,156
2015-03-09 12:26:00,1151.1,1151.1,1151.1,1151.1,0
2015-03-09 12:27:00,1154.95,1154.95,1154.95,1154.95,42
2015-03-09 12:28:00,1154.95,1154.95,1154.95,1154.95,0
2015-03-09 12:29:00,1160.0,1160.0,1160.0,1160.0,0
2015-03-09 12:30:00,1154.95,1154.95,1154.95,1154.95,0
2015-03-09 12:31:00,1160.0,1160.0,1160.0,1160.0,0
2015-03-09 12:32:00,1154.95,1154.95,1154.95,1154.95,0
2015-03-09 12:33:00,1154.95,1154.95,1154.95,1154.95,0
2015-03-09 12:34:00,1154.95,1154.95,1154.95,1154.95,0
2015-03-09 12:35:00,1154.95,1154.95,1154.95,1154.95,0
2015-03-09 12:36:00,1155.0,1155.0,1155.0,1155.0,2
2015-03-09 12:37:00,1155.0,1155.0,1155.0,1155.0,0
2015-03-09 12:38:00,1154.95,1154.95,1154.95,1154.95,0
2015-03-09 12:39:00,1155.0,1155.0,1155.0,1155.0,0
2015-03-09 12:40:00,1155.0,1155.0,1155.0,1155.0,10
2015-03-09 12:41:00,1155.0,1155.0,1155.0,1155.0,0
2015-03-09 12:42:00,1154.95,1154.95,1154.95,1154.95,0
2015-03-09 12:43:00,1155.0,1155.0,1155.0,1155.0,0
2015-03-09 12:44:00,1155.0,1155.0,1155.0,1155.0,0
2015-03-09 12:45:00,1155.0,1155.0,1155.0,1155.0,0
2015-03-09 12:46:00,1155.0,1155.0,1155.0,1155.0,0
2015-03-09 12:47:00,1155.0,1155.0,1155.0,1155.0,0
2015-03-09 12:48:00,1155.0,1155.0,1155.0,1155.0,0
2015-03-09 12:49:00,1154.95,1154.95,1154.95,1154.95,3
2015-03-09 12:50:00,1154.95,1154.95,1154.95,1154.95,0
2015-03-09 12:51:00,1154.95,1154.95,1154.95,1154.95,0
2015-03-09 12:52:00,1154.95,1154.95,1154.95,1154.95,10
2015-03-09 12:53:00,1154.95,1154.95,1154.95,1154.95,0
2015-03-09 12:54:00,1154.95,1154.95,1154.95,1154.95,0
2015-03-09 12:55:00,1154.95,1154.95,1154.95,1154.95,0
2015-03-09 12:56:00,1154.95,1154.95,1154.95,1154.95,0
2015-03-09 12:57:00,1154.95,1154.95,1154.95,1154.95,0
2015-03-09 12:58:00,1154.95,1154.95,1154.95,1154.95,0
2015-03-09 12:59:00,1154.95,1154.95,1154.95,1154.95,0
2015-03-09 13:00:00,1154.95,1154.95,1154.95,1154.95,0
2015-03-09 13:01:00,1154.95,1154.95,1154.95,1154.95,0
2015-03-09 13:02:00,1154.95,1154.95,1154.95,1154.95,1
2015-03-09 13:03:00,1154.95,1154.95,1154.95,1154.95,0
2015-03-09 13:04:00,1154.95,1154.95,1154.95,1154.95,0
2015-03-09 13:05:00,1154.95,1154.95,1154.95,1154.95,0
2015-03-09 13:06:00,1154.95,1154.95,1154.95,1154.95,0
2015-03-09 13:07:00,1154.95,1154.95,1154.95,1154.95,0
2015-03-09 13:08:00,1154.95,1154.95,1154.95,1154.95,0
2015-03-09 13:09:00,1154.95,1154.95,1154.95,1154.95,0
2015-03-09 13:10:00,1154.95,1154.95,1154.95,1154.95,0
2015-03-09 13:11:00,1154.95,1154.95,1154.95,1154.95,5
2015-03-09 13:12:00,1154.95,1154.95,1154.95,1154.95,0
2015-03-09 13:13:00,1154.95,1154.95,1154.95,1154.95,0
2015-03-09 13:14:00,1154.95,1154.95,1154.95,1154.95,0
2015-03-09 13:15:00,1154.95,1154.95,1154.95,1154.95,0
2015-03-09 13:16:00,1154.95,1154.95,1154.95,1154.95,0
2015-03-09 13:17:00,1155.0,1155.0,1155.0,1155.0,10
2015-03-09 13:18:00,1155.0,1155.0,1155.0,1155.0,14
2015-03-09 13:19:00,1155.0,1155.6,1155.0,1155.6,9
2015-03-09 13:20:00,1156.0,1156.0,1156.0,1156.0,8
2015-03-09 13:21:00,1156.0,1156.0,1156.0,1156.0,0
2015-03-09 13:22:00,1156.0,1156.0,1156.0,1156.0,0
2015-03-09 13:23:00,1156.0,1156.0,1156.0,1156.0,0
2015-03-09 13:24:00,1156.0,1156.0,1156.0,1156.0,0
2015-03-09 13:25:00,1159.0,1159.0,1159.0,1159.0,31
2015-03-09 13:26:00,1159.0,1159.0,1159.0,1159.0,0
2015-03-09 13:27:00,1159.0,1159.0,1159.0,1159.0,8
2015-03-09 13:28:00,1159.0,1159.0,1159.0,1159.0,0
2015-03-09 13:29:00,1159.0,1159.0,1159.0,1159.0,0
2015-03-09 13:30:00,1159.0,1159.0,1159.0,1159.0,0
2015-03-09 13:31:00,1158.95,1158.95,1158.95,1158.95,51
2015-03-09 13:32:00,1160.0,1160.0,1160.0,1160.0,223
2015-03-09 13:33:00,1162.0,1162.0,1162.0,1162.0,50
2015-03-09 13:34:00,1160.0,1160.0,1160.0,1160.0,50
2015-03-09 13:35:00,1160.0,1160.0,1160.0,1160.0,0
2015-03-09 13:36:00,1160.0,1160.0,1160.0,1160.0,0
2015-03-09 13:37:00,1160.0,1160.0,1160.0,1160.0,0
2015-03-09 13:38:00,1160.0,1160.0,1160.0,1160.0,0
2015-03-09 13:39:00,1160.0,1160.0,1160.0,1160.0,0
2015-03-09 13:40:00,1157.25,1157.25,1157.25,1157.25,5
2015-03-09 13:41:00,1162.0,1162.0,1156.0,1156.0,117
2015-03-09 13:42:00,1156.0,1156.0,1156.0,1156.0,0
2015-03-09 13:43:00,1155.0,1155.0,1155.0,1155.0,2
2015-03-09 13:44:00,1156.45,1160.25,1156.45,1156.7,70
2015-03-09 13:45:00,1156.7,1161.05,1156.7,1160.5,107
2015-03-09 13:46:00,1160.5,1160.5,1157.65,1158.45,92
2015-03-09 13:47:00,1158.45,1160.55,1158.0,1160.5,129
2015-03-09 13:48:00,1160.5,1160.5,1160.5,1160.5,10
2015-03-09 13:49:00,1160.5,1160.5,1160.5,1160.5,0
2015-03-09 13:50:00,1160.5,1160.5,1160.5,1160.5,0
2015-03-09 13:51:00,1160.5,1160.5,1157.35,1159.1,69
2015-03-09 13:52:00,1159.1,1160.5,1157.95,1160.5,39
2015-03-09 13:53:00,1160.5,1160.5,1160.5,1160.5,0
2015-03-09 13:54:00,1160.5,1160.5,1160.5,1160.5,0
2015-03-09 13:55:00,1160.5,1160.5,1160.5,1160.5,0
2015-03-09 13:56:00,1160.5,1160.5,1160.5,1160.5,0
2015-03-09 13:57:00,1160.5,1160.5,1160.5,1160.5,0
2015-03-09 13:58:00,1160.5,1160.5,1160.5,1160.5,0
2015-03-09 13:59:00,1160.5,1160.5,1160.5,1160.5,0
2015-03-09 14:00:00,1160.5,1160.5,1160.5,1160.5,0
2015-03-09 14:01:00,1160.5,1160.5,1160.5,1160.5,0
2015-03-09 14:02:00,1160.5,1160.5,1160.5,1160.5,0
2015-03-09 14:03:00,1160.5,1160.5,1160.5,1160.5,0
2015-03-09 14:04:00,1160.5,1160.5,1160.5,1160.5,0
2015-03-09 14:05:00,1160.5,1160.5,1160.5,1160.5,0
2015-03-09 14:06:00,1160.5,1160.5,1160.5,1160.5,0
2015-03-09 14:07:00,1160.5,1160.5,1160.5,1160.5,0
2015-03-09 14:08:00,1159.9,1159.9,1159.9,1159.9,4
2015-03-09 14:09:00,1159.9,1159.9,1159.9,1159.9,0
2015-03-09 14:10:00,1160.5,1160.5,1160.5,1160.5,0
2015-03-09 14:11:00,1159.9,1159.9,1159.9,1159.9,0
2015-03-09 14:12:00,1160.5,1160.5,1160.5,1160.5,0
2015-03-09 14:13:00,1159.9,1159.9,1159.9,1159.9,10
2015-03-09 14:14:00,1159.9,1159.9,1159.9,1159.9,0
2015-03-09 14:15:00,1159.9,1159.9,1159.9,1159.9,0
2015-03-09 14:16:00,1159.9,1159.9,1159.9,1159.9,0
2015-03-09 14:17:00,1159.9,1159.9,1159.9,1159.9,0
2015-03-09 14:18:00,1159.9,1159.9,1159.9,1159.9,0
2015-03-09 14:19:00,1159.9,1159.9,1159.9,1159.9,0
2015-03-09 14:20:00,1159.9,1159.9,1159.9,1159.9,0
2015-03-09 14:21:00,1159.9,1159.9,1159.9,1159.9,0
2015-03-09 14:22:00,1159.9,1159.9,1159.9,1159.9,0
2015-03-09 14:23:00,1159.9,1159.9,1159.9,1159.9,5
2015-03-09 14:24:00,1159.9,1159.9,1159.9,1159.9,0
2015-03-09 14:25:00,1159.9,1159.9,1159.9,1159.9,0
2015-03-09 14:26:00,1159.9,1159.9,1159.9,1159.9,0
2015-03-09 14:27:00,1160.0,1160.95,1160.0,1160.95,100
2015-03-09 14:28:00,1160.95,1160.95,1160.95,1160.95,10
2015-03-09 14:29:00,1160.95,1160.95,1160.95,1160.95,0
2015-03-09 14:30:00,1160.95,1160.95,1160.95,1160.95,0
2015-03-09 14:31:00,1160.95,1160.95,1160.95,1160.95,0
2015-03-09 14:32:00,1157.25,1157.25,1157.25,1157.25,10
2015-03-09 14:33:00,1157.25,1157.25,1157.25,1157.25,0
2015-03-09 14:34:00,1160.0,1160.0,1160.0,1160.0,17
2015-03-09 14:35:00,1160.0,1162.0,1160.0,1162.0,47
2015-03-09 14:36:00,1162.0,1162.0,1162.0,1162.0,0
2015-03-09 14:37:00,1162.0,1162.0,1162.0,1162.0,0
2015-03-09 14:38:00,1162.0,1162.0,1162.0,1162.0,0
2015-03-09 14:39:00,1162.0,1162.0,1162.0,1162.0,0
2015-03-09 14:40:00,1162.0,1162.0,1162.0,1162.0,0
2015-03-09 14:41:00,1162.0,1162.0,1162.0,1162.0,0
2015-03-09 14:42:00,1162.0,1162.0,1162.0,1162.0,0
2015-03-09 14:43:00,1162.0,1162.0,1162.0,1162.0,0
2015-03-09 14:44:00,1162.0,1162.0,1162.0,1162.0,0
2015-03-09 14:45:00,1162.0,1162.0,1162.0,1162.0,0
2015-03-09 14:46:00,1162.0,1162.0,1162.0,1162.0,0
2015-03-09 14:47:00,1162.0,1162.0,1162.0,1162.0,0
2015-03-09 14:48:00,1162.0,1162.0,1162.0,1162.0,0
2015-03-09 14:49:00,1162.0,1162.0,1162.0,1162.0,0
2015-03-09 14:50:00,1162.0,1162.0,1162.0,1162.0,0
2015-03-09 14:51:00,1162.0,1162.0,1162.0,1162.0,0
2015-03-09 14:52:00,1162.0,1162.0,1162.0,1162.0,0
2015-03-09 14:53:00,1162.0,1162.0,1162.0,1162.0,0
2015-03-09 14:54:00,1162.0,1162.0,1162.0,1162.0,0
2015-03-09 14:55:00,1162.0,1162.0,1160.0,1160.5,14
2015-03-09 14:56:00,1160.5,1160.5,1160.5,1160.5,0
2015-03-09 14:57:00,1160.5,1160.5,1160.5,1160.5,0
2015-03-09 14:58:00,1160.5,1160.5,1160.5,1160.5,0
2015-03-09 14:59:00,1160.5,1160.5,1160.5,1160.5,0
2015-03-09 15:00:00,1160.5,1160.5,1160.5,1160.5,0
2015-03-09 15:01:00,1160.5,1160.5,1160.5,1160.5,0
2015-03-09 15:02:00,1160.5,1160.5,1160.5,1160.5,0
2015-03-09 15:03:00,1160.5,1160.5,1160.5,1160.5,0
2015-03-09 15:04:00,1160.5,1160.5,1160.5,1160.5,0
2015-03-09 15:05:00,1160.5,1160.5,1160.5,1160.5,1
2015-03-09 15:06:00,1160.5,1160.5,1160.5,1160.5,0
2015-03-09 15:07:00,1160.5,1160.5,1160.5,1160.5,0
2015-03-09 15:08:00,1160.5,1160.5,1160.5,1160.5,0
2015-03-09 15:09:00,1160.5,1160.5,1160.5,1160.5,0
2015-03-09 15:10:00,1160.5,1160.5,1160.5,1160.5,0
2015-03-09 15:11:00,1159.7,1159.7,1159.7,1159.7,13
2015-03-09 15:12:00,1159.7,1159.7,1159.7,1159.7,0
2015-03-09 15:13:00,1154.0,1154.0,1148.0,1148.0,210
2015-03-09 15:14:00,1148.0,1150.2,1148.0,1150.2,10
2015-03-09 15:15:00,1150.2,1150.2,1150.2,1150.2,0
2015-03-09 15:16:00,1150.2,1150.2,1150.2,1150.2,10
2015-03-09 15:17:00,1150.2,1150.2,1145.05,1145.1,188
2015-03-09 15:18:00,1145.1,1145.1,1145.1,1145.1,0
2015-03-09 15:19:00,1145.1,1145.1,1145.1,1145.1,0
2015-03-09 15:20:00,1145.1,1149.0,1145.1,1147.2,112
2015-03-09 15:21:00,1147.2,1147.2,1147.2,1147.2,0
2015-03-09 15:22:00,1147.2,1147.2,1142.05,1142.05,152
2015-03-09 15:23:00,1142.05,1142.05,1142.05,1142.05,0
2015-03-09 15:24:00,1142.05,1142.05,1142.05,1142.05,0
2015-03-09 15:25:00,1142.05,1144.0,1142.05,1144.0,33
2015-03-09 15:26:00,1142.1,1142.1,1142.1,1142.1,38
2015-03-09 15:27:00,1142.0,1142.0,1141.2,1141.2,237
2015-03-09 15:28:00,1141.2,1157.65,1141.2,1157.65,47
2015-03-09 15:29:00,1157.65,1157.65,1157.65,1157.65,0
2015-03-10 09:15:00,1151.0,1151.0,1151.0,1151.0,72
2015-03-10 09:16:00,1152.0,1152.0,1152.0,1152.0,18
2015-03-10 09:17:00,1152.0,1152.0,1152.0,1152.0,52
2015-03-10 09:18:00,1152.0,1152.0,1152.0,1152.0,157
2015-03-10 09:19:00,1152.0,1152.0,1152.0,1152.0,0
2015-03-10 09:20:00,1152.0,1152.0,1152.0,1152.0,0
2015-03-10 09:21:00,1152.0,1152.0,1152.0,1152.0,0
2015-03-10 09:22:00,1152.0,1152.0,1152.0,1152.0,0
2015-03-10 09:23:00,1158.25,1158.25,1158.25,1158.25,33
2015-03-10 09:24:00,1158.25,1158.25,1158.25,1158.25,0
2015-03-10 09:25:00,1158.25,1158.9,1158.25,1158.9,1
2015-03-10 09:26:00,1158.9,1158.9,1158.9,1158.9,0
2015-03-10 09:27:00,1158.9,1158.9,1157.0,1157.0,166
2015-03-10 09:28:00,1157.0,1157.0,1157.0,1157.0,15
2015-03-10 09:29:00,1157.0,1157.0,1151.45,1151.45,92
2015-03-10 09:30:00,1151.45,1151.45,1151.45,1151.45,0
2015-03-10 09:31:00,1159.0,1159.0,1159.0,1159.0,200
2015-03-10 09:32:00,1159.0,1159.0,1159.0,1159.0,0
2015-03-10 09:33:00,1159.0,1159.0,1159.0,1159.0,0
2015-03-10 09:34:00,1159.0,1159.0,1159.0,1159.0,0
2015-03-10 09:35:00,1159.0,1159.0,1159.0,1159.0,10
2015-03-10 09:36:00,1159.0,1159.0,1159.0,1159.0,0
2015-03-10 09:37:00,1159.0,1159.0,1159.0,1159.0,0
2015-03-10 09:38:00,1159.0,1159.0,1159.0,1159.0,0
2015-03-10 09:39:00,1159.0,1159.0,1159.0,1159.0,0
2015-03-10 09:40:00,1159.0,1159.0,1159.0,1159.0,0
2015-03-10 09:41:00,1159.0,1159.0,1159.0,1159.0,0
2015-03-10 09:42:00,1159.0,1159.0,1159.0,1159.0,0
2015-03-10 09:43:00,1159.0,1159.0,1159.0,1159.0,0
2015-03-10 09:44:00,1155.0,1155.0,1155.0,1155.0,2
2015-03-10 09:45:00,1155.0,1155.0,1155.0,1155.0,0
2015-03-10 09:46:00,1155.0,1155.0,1155.0,1155.0,0
2015-03-10 09:47:00,1155.0,1155.0,1155.0,1155.0,10
2015-03-10 09:48:00,1155.0,1155.0,1155.0,1155.0,0
2015-03-10 09:49:00,1155.0,1155.0,1155.0,1155.0,0
2015-03-10 09:50:00,1155.0,1155.0,1155.0,1155.0,0
2015-03-10 09:51:00,1155.0,1155.0,1155.0,1155.0,0
2015-03-10 09:52:00,1155.0,1155.0,1155.0,1155.0,51
2015-03-10 09:53:00,1155.0,1155.0,1155.0,1155.0,0
2015-03-10 09:54:00,1155.0,1155.0,1155.0,1155.0,0
2015-03-10 09:55:00,1155.0,1155.0,1155.0,1155.0,0
2015-03-10 09:56:00,1155.0,1155.0,1155.0,1155.0,0
2015-03-10 09:57:00,1155.0,1155.0,1155.0,1155.0,0
2015-03-10 09:58:00,1155.0,1155.0,1155.0,1155.0,0
2015-03-10 09:59:00,1151.0,1151.0,1151.0,1151.0,300
2015-03-10 10:00:00,1151.0,1151.0,1151.0,1151.0,0
2015-03-10 10:01:00,1151.05,1154.95,1151.05,1154.95,13
2015-03-10 10:02:00,1154.95,1154.95,1154.95,1154.95,0
2015-03-10 10:03:00,1151.0,1151.0,1151.0,1151.0,74
2015-03-10 10:04:00,1151.0,1151.0,1151.0,1151.0,0
2015-03-10 10:05:00,1151.0,1151.0,1151.0,1151.0,26
2015-03-10 10:06:00,1151.0,1151.0,1151.0,1151.0,0
2015-03-10 10:07:00,1151.0,1151.0,1150.55,1150.55,50
2015-03-10 10:08:00,1150.55,1150.55,1150.55,1150.55,0
2015-03-10 10:09:00,1150.55,1150.55,1150.55,1150.55,47
2015-03-10 10:10:00,1150.55,1150.55,1150.55,1150.55,0
2015-03-10 10:11:00,1150.55,1150.55,1150.55,1150.55,0
2015-03-10 10:12:00,1150.55,1152.5,1150.55,1152.5,2
2015-03-10 10:13:00,1152.5,1152.5,1152.5,1152.5,0
2015-03-10 10:14:00,1152.5,1152.5,1152.5,1152.5,0
2015-03-10 10:15:00,1152.5,1152.5,1152.5,1152.5,0
2015-03-10 10:16:00,1150.55,1150.55,1150.55,1150.55,1
2015-03-10 10:17:00,1150.55,1150.55,1150.55,1150.55,0
2015-03-10 10:18:00,1150.55,1150.55,1150.55,1150.55,0
2015-03-10 10:19:00,1150.55,1150.55,1150.55,1150.55,0
2015-03-10 10:20:00,1150.55,1150.55,1150.55,1150.55,0
2015-03-10 10:21:00,1149.95,1149.95,1149.95,1149.95,47
2015-03-10 10:22:00,1149.95,1149.95,1149.95,1149.95,0
2015-03-10 10:23:00,1149.95,1149.95,1145.15,1145.15,54
2015-03-10 10:24:00,1145.15,1145.15,1145.15,1145.15,6
2015-03-10 10:25:00,1145.15,1145.15,1145.15,1145.15,0
2015-03-10 10:26:00,1145.15,1145.15,1145.15,1145.15,0
2015-03-10 10:27:00,1145.15,1145.15,1145.15,1145.15,0
2015-03-10 10:28:00,1145.15,1145.5,1145.15,1145.5,56
2015-03-10 10:29:00,1145.5,1145.5,1145.5,1145.5,0
2015-03-10 10:30:00,1145.5,1145.5,1145.5,1145.5,0
2015-03-10 10:31:00,1145.5,1145.5,1145.5,1145.5,0
2015-03-10 10:32:00,1145.55,1145.55,1145.05,1145.05,51
2015-03-10 10:33:00,1145.05,1145.05,1145.05,1145.05,0
2015-03-10 10:34:00,1145.5,1145.5,1145.5,1145.5,0
2015-03-10 10:35:00,1145.05,1145.05,1145.05,1145.05,0
2015-03-10 10:36:00,1145.05,1145.05,1145.05,1145.05,0
2015-03-10 10:37:00,1145.05,1145.05,1145.05,1145.05,0
2015-03-10 10:38:00,1148.0,1148.0,1148.0,1148.0,1
2015-03-10 10:39:00,1153.0,1153.0,1153.0,1153.0,27
2015-03-10 10:40:00,1153.0,1153.0,1153.0,1153.0,0
2015-03-10 10:41:00,1153.0,1153.0,1153.0,1153.0,0
2015-03-10 10:42:00,1153.0,1153.0,1150.0,1150.0,4
2015-03-10 10:43:00,1150.0,1150.0,1150.0,1150.0,0
2015-03-10 10:44:00,1153.0,1153.0,1153.0,1153.0,0
2015-03-10 10:45:00,1150.0,1150.0,1150.0,1150.0,0
2015-03-10 10:46:00,1153.0,1153.0,1153.0,1153.0,0
2015-03-10 10:47:00,1150.0,1150.0,1150.0,1150.0,0
2015-03-10 10:48:00,1150.0,1150.0,1150.0,1150.0,0
2015-03-10 10:49:00,1150.0,1150.0,1150.0,1150.0,0
2015-03-10 10:50:00,1150.0,1150.0,1150.0,1150.0,0
2015-03-10 10:51:00,1150.0,1150.0,1150.0,1150.0,0
2015-03-10 10:52:00,1150.0,1150.0,1150.0,1150.0,0
2015-03-10 10:53:00,1150.0,1150.0,1150.0,1150.0,0
2015-03-10 10:54:00,1150.0,1150.0,1150.0,1150.0,0
2015-03-10 10:55:00,1150.0,1150.0,1150.0,1150.0,0
2015-03-10 10:56:00,1150.0,1150.0,1150.0,1150.0,1
2015-03-10 10:57:00,1150.0,1150.0,1150.0,1150.0,0
2015-03-10 10:58:00,1150.0,1150.0,1150.0,1150.0,0
2015-03-10 10:59:00,1150.0,1150.0,1150.0,1150.0,0
2015-03-10 11:00:00,1150.0,1150.0,1150.0,1150.0,0
2015-03-10 11:01:00,1150.0,1150.0,1150.0,1150.0,0
2015-03-10 11:02:00,1150.0,1150.0,1150.0,1150.0,6
2015-03-10 11:03:00,1150.0,1150.0,1150.0,1150.0,0
2015-03-10 11:04:00,1150.0,1150.0,1150.0,1150.0,0
2015-03-10 11:05:00,1150.0,1150.0,1150.0,1150.0,0
2015-03-10 11:06:00,1150.0,1150.0,1150.0,1150.0,0
2015-03-10 11:07:00,1150.0,1150.0,1150.0,1150.0,0
2015-03-10 11:08:00,1150.0,1150.0,1149.05,1149.05,10
2015-03-10 11:09:00,1149.05,1149.55,1146.05,1149.55,40
2015-03-10 11:10:00,1147.45,1150.0,1147.45,1149.8,51
2015-03-10 11:11:00,1146.95,1149.55,1146.05,1146.05,43
2015-03-10 11:12:00,1146.05,1146.05,1146.05,1146.05,0
2015-03-10 11:13:00,1149.8,1149.8,1149.8,1149.8,0
2015-03-10 11:14:00,1146.05,1146.05,1146.05,1146.05,0
2015-03-10 11:15:00,1149.8,1149.8,1149.8,1149.8,0
2015-03-10 11:16:00,1146.05,1146.05,1146.05,1146.05,0
2015-03-10 11:17:00,1146.05,1146.05,1146.05,1146.05,20
2015-03-10 11:18:00,1146.05,1146.05,1146.05,1146.05,0
2015-03-10 11:19:00,1145.05,1145.05,1145.05,1145.05,50
2015-03-10 11:20:00,1145.05,1145.05,1145.05,1145.05,0
2015-03-10 11:21:00,1145.05,1145.05,1145.05,1145.05,0
2015-03-10 11:22:00,1145.05,1145.05,1145.05,1145.05,0
2015-03-10 11:23:00,1145.15,1145.15,1145.15,1145.15,2
2015-03-10 11:24:00,1145.15,1145.15,1145.15,1145.15,5
2015-03-10 11:25:00,1145.15,1145.15,1145.15,1145.15,0
2015-03-10 11:26:00,1145.15,1145.15,1145.15,1145.15,30
2015-03-10 11:27:00,1145.15,1145.15,1145.15,1145.15,0
2015-03-10 11:28:00,1150.0,1150.0,1150.0,1150.0,20
2015-03-10 11:29:00,1150.0,1150.0,1150.0,1150.0,0
2015-03-10 11:30:00,1145.15,1145.15,1145.15,1145.15,0
2015-03-10 11:31:00,1150.0,1150.0,1150.0,1150.0,0
2015-03-10 11:32:00,1150.0,1150.0,1150.0,1150.0,0
2015-03-10 11:33:00,1150.0,1150.0,1150.0,1150.0,0
2015-03-10 11:34:00,1150.0,1150.0,1150.0,1150.0,0
2015-03-10 11:35:00,1150.0,1150.0,1150.0,1150.0,0
2015-03-10 11:36:00,1145.15,1145.15,1145.15,1145.15,0
2015-03-10 11:37:00,1150.0,1150.0,1150.0,1150.0,0
2015-03-10 11:38:00,1150.0,1150.0,1150.0,1150.0,0
2015-03-10 11:39:00,1150.0,1150.0,1150.0,1150.0,0
2015-03-10 11:40:00,1150.0,1150.0,1150.0,1150.0,0
2015-03-10 11:41:00,1150.0,1150.0,1150.0,1150.0,3
2015-03-10 11:42:00,1150.0,1150.0,1150.0,1150.0,0
2015-03-10 11:43:00,1150.0,1150.0,1150.0,1150.0,0
2015-03-10 11:44:00,1150.0,1150.0,1150.0,1150.0,0
2015-03-10 11:45:00,1150.0,1150.0,1150.0,1150.0,0
2015-03-10 11:46:00,1150.0,1150.0,1150.0,1150.0,0
2015-03-10 11:47:00,1150.0,1150.0,1150.0,1150.0,0
2015-03-10 11:48:00,1150.0,1150.0,1150.0,1150.0,0
2015-03-10 11:49:00,1150.0,1150.0,1150.0,1150.0,2
2015-03-10 11:50:00,1145.2,1145.2,1145.1,1145.1,180
2015-03-10 11:51:00,1145.1,1145.1,1145.1,1145.1,0
2015-03-10 11:52:00,1145.1,1145.1,1145.1,1145.1,0
2015-03-10 11:53:00,1145.05,1145.05,1145.05,1145.05,90
2015-03-10 11:54:00,1145.05,1145.05,1145.0,1145.0,376
2015-03-10 11:55:00,1145.0,1145.0,1145.0,1145.0,190
2015-03-10 11:56:00,1140.0,1141.95,1140.0,1141.95,127
2015-03-10 11:57:00,1141.95,1141.95,1141.95,1141.95,0
2015-03-10 11:58:00,1139.75,1139.75,1139.75,1139.75,1
2015-03-10 11:59:00,1139.75,1139.75,1139.75,1139.75,0
2015-03-10 12:00:00,1139.75,1139.75,1139.75,1139.75,0
2015-03-10 12:01:00,1139.75,1139.75,1139.75,1139.75,0
2015-03-10 12:02:00,1139.75,1139.75,1139.75,1139.75,0
2015-03-10 12:03:00,1139.75,1139.75,1139.75,1139.75,0
2015-03-10 12:04:00,1144.65,1144.65,1144.65,1144.65,2
2015-03-10 12:05:00,1144.65,1144.95,1144.65,1144.95,4
2015-03-10 12:06:00,1144.95,1144.95,1144.95,1144.95,0
2015-03-10 12:07:00,1144.95,1144.95,1144.95,1144.95,0
2015-03-10 12:08:00,1144.95,1144.95,1144.95,1144.95,0
2015-03-10 12:09:00,1144.95,1144.95,1144.95,1144.95,0
2015-03-10 12:10:00,1144.95,1144.95,1144.95,1144.95,0
2015-03-10 12:11:00,1144.95,1144.95,1144.95,1144.95,0
2015-03-10 12:12:00,1144.95,1144.95,1144.95,1144.95,0
2015-03-10 12:13:00,1144.5,1145.0,1144.5,1145.0,15
2015-03-10 12:14:00,1145.0,1145.0,1145.0,1145.0,0
2015-03-10 12:15:00,1145.0,1145.0,1145.0,1145.0,0
2015-03-10 12:16:00,1145.0,1145.0,1145.0,1145.0,0
2015-03-10 12:17:00,1145.0,1145.0,1145.0,1145.0,0
2015-03-10 12:18:00,1145.0,1145.0,1145.0,1145.0,0
2015-03-10 12:19:00,1145.0,1145.0,1140.0,1140.0,66
2015-03-10 12:20:00,1140.0,1140.0,1140.0,1140.0,0
2015-03-10 12:21:00,1140.0,1140.0,1140.0,1140.0,0
2015-03-10 12:22:00,1140.0,1140.0,1140.0,1140.0,0
2015-03-10 12:23:00,1140.0,1140.0,1140.0,1140.0,0
2015-03-10 12:24:00,1143.55,1143.55,1143.55,1143.55,15
2015-03-10 12:25:00,1143.55,1143.55,1143.55,1143.55,0
2015-03-10 12:26:00,1143.55,1143.55,1143.55,1143.55,0
2015-03-10 12:27:00,1143.55,1143.55,1143.55,1143.55,0
2015-03-10 12:28:00,1143.55,1143.55,1143.55,1143.55,0
2015-03-10 12:29:00,1143.55,1143.55,1141.8,1141.8,2
2015-03-10 12:30:00,1141.8,1141.8,1141.8,1141.8,0
2015-03-10 12:31:00,1143.55,1143.55,1143.55,1143.55,0
2015-03-10 12:32:00,1141.05,1141.05,1141.05,1141.05,10
2015-03-10 12:33:00,1141.0,1141.0,1141.0,1141.0,13
2015-03-10 12:34:00,1141.0,1141.0,1141.0,1141.0,0
2015-03-10 12:35:00,1141.0,1141.0,1141.0,1141.0,0
2015-03-10 12:36:00,1141.0,1141.0,1141.0,1141.0,0
2015-03-10 12:37:00,1141.0,1141.0,1141.0,1141.0,0
2015-03-10 12:38:00,1142.0,1142.0,1142.0,1142.0,12
2015-03-10 12:39:00,1142.0,1142.0,1142.0,1142.0,0
2015-03-10 12:40:00,1142.0,1142.0,1142.0,1142.0,0
2015-03-10 12:41:00,1142.0,1142.0,1142.0,1142.0,0
2015-03-10 12:42:00,1142.0,1142.0,1142.0,1142.0,0
2015-03-10 12:43:00,1142.0,1142.0,1142.0,1142.0,0
2015-03-10 12:44:00,1142.0,1142.0,1142.0,1142.0,0
2015-03-10 12:45:00,1142.0,1142.0,1142.0,1142.0,0
2015-03-10 12:46:00,1142.0,1142.0,1140.1,1140.1,80
2015-03-10 12:47:00,1140.1,1140.1,1140.1,1140.1,0
2015-03-10 12:48:00,1140.1,1140.1,1139.95,1139.95,20
2015-03-10 12:49:00,1143.05,1143.05,1139.95,1143.05,60
2015-03-10 12:50:00,1142.55,1142.55,1138.0,1139.95,169
2015-03-10 12:51:00,1139.95,1141.95,1136.9,1136.9,30
2015-03-10 12:52:00,1140.05,1140.05,1139.05,1139.05,78
2015-03-10 12:53:00,1139.05,1139.55,1139.05,1139.55,30
2015-03-10 12:54:00,1137.45,1139.05,1137.45,1139.05,81
2015-03-10 12:55:00,1138.0,1138.0,1138.0,1138.0,3
2015-03-10 12:56:00,1137.45,1139.05,1137.45,1137.5,65
2015-03-10 12:57:00,1137.5,1139.0,1137.5,1139.0,5
2015-03-10 12:58:00,1136.05,1136.05,1135.25,1135.25,15
2015-03-10 12:59:00,1135.25,1135.25,1135.0,1135.0,20
2015-03-10 13:00:00,1135.0,1135.0,1135.0,1135.0,0
2015-03-10 13:01:00,1135.0,1135.0,1135.0,1135.0,0
2015-03-10 13:02:00,1135.0,1136.5,1135.0,1136.5,7
2015-03-10 13:03:00,1140.0,1140.0,1140.0,1140.0,13
2015-03-10 13:04:00,1140.0,1141.9,1140.0,1140.0,100
2015-03-10 13:05:00,1140.0,1142.0,1140.0,1142.0,100
2015-03-10 13:06:00,1142.0,1145.0,1142.0,1144.05,210
2015-03-10 13:07:00,1145.05,1149.0,1140.0,1148.95,420
2015-03-10 13:08:00,1145.1,1148.0,1145.1,1148.0,130
2015-03-10 13:09:00,1148.0,1149.0,1148.0,1149.0,100
2015-03-10 13:10:00,1157.85,1158.25,1157.85,1158.25,509
2015-03-10 13:11:00,1158.25,1158.25,1157.95,1157.95,15
2015-03-10 13:12:00,1157.95,1157.95,1157.9,1157.9,11
2015-03-10 13:13:00,1157.9,1157.9,1153.3,1153.3,7
2015-03-10 13:14:00,1153.3,1155.85,1153.3,1155.85,10
2015-03-10 13:15:00,1154.05,1154.05,1153.0,1153.0,216
2015-03-10 13:16:00,1153.0,1153.0,1141.45,1143.2,426
2015-03-10 13:17:00,1143.2,1149.05,1143.2,1149.05,3
2015-03-10 13:18:00,1149.05,1149.1,1149.05,1149.1,25
2015-03-10 13:19:00,1149.1,1152.2,1149.1,1152.2,27
2015-03-10 13:20:00,1152.2,1154.9,1152.2,1154.9,10
2015-03-10 13:21:00,1154.95,1154.95,1152.95,1152.95,11
2015-03-10 13:22:00,1152.95,1152.95,1152.95,1152.95,0
2015-03-10 13:23:00,1154.95,1154.95,1152.5,1152.5,27
2015-03-10 13:24:00,1152.5,1152.5,1152.0,1152.0,80
2015-03-10 13:25:00,1152.0,1152.0,1152.0,1152.0,0
2015-03-10 13:26:00,1150.0,1150.0,1149.1,1149.1,36
2015-03-10 13:27:00,1149.1,1149.1,1149.05,1149.05,30
2015-03-10 13:28:00,1149.1,1149.1,1149.1,1149.1,20
2015-03-10 13:29:00,1149.1,1149.1,1149.1,1149.1,15
2015-03-10 13:30:00,1149.1,1149.1,1149.1,1149.1,0
2015-03-10 13:31:00,1149.1,1149.1,1149.1,1149.1,0
2015-03-10 13:32:00,1149.1,1152.5,1149.1,1152.5,101
2015-03-10 13:33:00,1152.5,1155.95,1152.5,1155.95,50
2015-03-10 13:34:00,1155.95,1155.95,1155.95,1155.95,0
2015-03-10 13:35:00,1155.95,1155.95,1155.95,1155.95,0
2015-03-10 13:36:00,1152.05,1152.05,1152.05,1152.05,1
2015-03-10 13:37:00,1152.05,1155.95,1152.05,1155.95,32
2015-03-10 13:38:00,1155.95,1155.95,1155.95,1155.95,122
2015-03-10 13:39:00,1155.95,1155.95,1155.95,1155.95,0
2015-03-10 13:40:00,1155.95,1155.95,1155.95,1155.95,0
2015-03-10 13:41:00,1157.95,1157.95,1157.95,1157.95,100
2015-03-10 13:42:00,1157.95,1157.95,1157.95,1157.95,0
2015-03-10 13:43:00,1149.65,1150.0,1149.65,1150.0,438
2015-03-10 13:44:00,1150.0,1150.0,1150.0,1150.0,2
2015-03-10 13:45:00,1149.15,1149.15,1149.15,1149.15,1
2015-03-10 13:46:00,1149.15,1149.15,1149.15,1149.15,0
2015-03-10 13:47:00,1149.1,1149.1,1149.1,1149.1,65
2015-03-10 13:48:00,1150.0,1150.0,1150.0,1150.0,40
2015-03-10 13:49:00,1150.0,1150.0,1149.1,1149.1,10
2015-03-10 13:50:00,1149.1,1149.1,1149.1,1149.1,0
2015-03-10 13:51:00,1149.1,1150.0,1149.1,1150.0,37
2015-03-10 13:52:00,1149.2,1149.95,1149.2,1149.95,35
2015-03-10 13:53:00,1149.95,1149.95,1149.95,1149.95,0
2015-03-10 13:54:00,1150.0,1150.0,1150.0,1150.0,0
2015-03-10 13:55:00,1150.0,1150.0,1150.0,1150.0,18
2015-03-10 13:56:00,1150.0,1150.0,1150.0,1150.0,0
2015-03-10 13:57:00,1149.2,1150.0,1148.0,1150.0,161
2015-03-10 13:58:00,1150.0,1150.0,1150.0,1150.0,0
2015-03-10 13:59:00,1158.8,1158.8,1157.4,1157.4,530
2015-03-10 14:00:00,1157.4,1157.4,1150.95,1151.0,126
2015-03-10 14:01:00,1150.95,1150.95,1150.0,1150.0,25
2015-03-10 14:02:00,1150.0,1150.0,1150.0,1150.0,0
2015-03-10 14:03:00,1150.0,1150.0,1150.0,1150.0,0
2015-03-10 14:04:00,1150.0,1150.0,1150.0,1150.0,35
2015-03-10 14:05:00,1150.0,1150.0,1150.0,1150.0,0
2015-03-10 14:06:00,1150.0,1150.0,1150.0,1150.0,0
2015-03-10 14:07:00,1150.0,1150.0,1150.0,1150.0,1
2015-03-10 14:08:00,1150.0,1150.0,1150.0,1150.0,0
2015-03-10 14:09:00,1150.0,1150.0,1150.0,1150.0,0
2015-03-10 14:10:00,1150.0,1150.0,1150.0,1150.0,0
2015-03-10 14:11:00,1150.0,1150.0,1148.05,1148.05,20
2015-03-10 14:12:00,1148.05,1148.05,1148.0,1148.0,31
2015-03-10 14:13:00,1148.0,1148.0,1148.0,1148.0,0
2015-03-10 14:14:00,1148.05,1148.05,1148.05,1148.05,0
2015-03-10 14:15:00,1148.0,1148.0,1148.0,1148.0,0
2015-03-10 14:16:00,1148.0,1150.0,1148.0,1150.0,20
2015-03-10 14:17:00,1150.0,1150.0,1150.0,1150.0,0
2015-03-10 14:18:00,1150.0,1150.0,1150.0,1150.0,0
2015-03-10 14:19:00,1149.95,1149.95,1149.95,1149.95,3
2015-03-10 14:20:00,1149.95,1149.95,1149.95,1149.95,0
2015-03-10 14:21:00,1149.95,1149.95,1149.95,1149.95,0
2015-03-10 14:22:00,1149.95,1149.95,1148.0,1148.0,5
2015-03-10 14:23:00,1148.0,1148.0,1148.0,1148.0,0
2015-03-10 14:24:00,1148.0,1148.0,1148.0,1148.0,0
2015-03-10 14:25:00,1148.0,1148.0,1148.0,1148.0,0
2015-03-10 14:26:00,1148.0,1148.0,1148.0,1148.0,0
2015-03-10 14:27:00,1148.0,1148.0,1148.0,1148.0,0
2015-03-10 14:28:00,1148.0,1148.0,1148.0,1148.0,44
2015-03-10 14:29:00,1144.0,1144.0,1144.0,1144.0,37
2015-03-10 14:30:00,1144.0,1144.0,1142.1,1142.1,29
2015-03-10 14:31:00,1147.9,1147.9,1140.0,1140.0,80
2015-03-10 14:32:00,1140.0,1140.0,1140.0,1140.0,0
2015-03-10 14:33:00,1140.0,1140.0,1140.0,1140.0,0
2015-03-10 14:34:00,1139.95,1140.0,1139.95,1140.0,87
2015-03-10 14:35:00,1138.6,1138.6,1138.6,1138.6,51
2015-03-10 14:36:00,1138.6,1138.6,1138.6,1138.6,5
2015-03-10 14:37:00,1138.6,1138.6,1138.6,1138.6,0
2015-03-10 14:38:00,1138.6,1138.6,1138.6,1138.6,0
2015-03-10 14:39:00,1138.6,1138.6,1138.6,1138.6,5
2015-03-10 14:40:00,1138.6,1138.6,1138.6,1138.6,69
2015-03-10 14:41:00,1139.95,1139.95,1139.95,1139.95,10
2015-03-10 14:42:00,1139.95,1139.95,1139.95,1139.95,0
2015-03-10 14:43:00,1140.0,1140.0,1138.6,1140.0,65
2015-03-10 14:44:00,1140.0,1140.0,1140.0,1140.0,34
2015-03-10 14:45:00,1140.0,1140.0,1140.0,1140.0,67
2015-03-10 14:46:00,1140.0,1140.0,1140.0,1140.0,0
2015-03-10 14:47:00,1140.0,1140.0,1140.0,1140.0,0
2015-03-10 14:48:00,1140.0,1140.0,1140.0,1140.0,0
2015-03-10 14:49:00,1140.0,1140.0,1140.0,1140.0,100
2015-03-10 14:50:00,1138.0,1138.0,1138.0,1138.0,86
2015-03-10 14:51:00,1136.0,1136.0,1136.0,1136.0,64
2015-03-10 14:52:00,1136.0,1136.0,1136.0,1136.0,0
2015-03-10 14:53:00,1136.0,1136.0,1136.0,1136.0,0
2015-03-10 14:54:00,1140.0,1140.0,1140.0,1140.0,100
2015-03-10 14:55:00,1140.0,1140.0,1140.0,1140.0,100
2015-03-10 14:56:00,1140.0,1140.0,1137.4,1137.4,6
2015-03-10 14:57:00,1142.9,1142.9,1142.9,1142.9,20
2015-03-10 14:58:00,1142.9,1142.9,1142.9,1142.9,0
2015-03-10 14:59:00,1142.9,1142.9,1142.0,1142.0,10
2015-03-10 15:00:00,1142.0,1142.0,1142.0,1142.0,0
2015-03-10 15:01:00,1140.0,1140.0,1140.0,1140.0,5
2015-03-10 15:02:00,1140.0,1140.0,1140.0,1140.0,0
2015-03-10 15:03:00,1140.0,1140.0,1140.0,1140.0,11
2015-03-10 15:04:00,1140.0,1140.0,1137.4,1137.4,100
2015-03-10 15:05:00,1137.4,1137.4,1137.4,1137.4,0
2015-03-10 15:06:00,1137.4,1137.4,1137.4,1137.4,0
2015-03-10 15:07:00,1137.4,1137.4,1137.4,1137.4,0
2015-03-10 15:08:00,1137.4,1137.4,1137.4,1137.4,0
2015-03-10 15:09:00,1137.45,1139.9,1137.45,1139.9,20
2015-03-10 15:10:00,1139.9,1139.9,1139.9,1139.9,0
2015-03-10 15:11:00,1139.95,1139.95,1139.95,1139.95,20
2015-03-10 15:12:00,1139.95,1139.95,1139.95,1139.95,0
2015-03-10 15:13:00,1139.95,1139.95,1139.0,1139.9,20
2015-03-10 15:14:00,1140.0,1140.0,1140.0,1140.0,110
2015-03-10 15:15:00,1140.0,1140.0,1140.0,1140.0,210
2015-03-10 15:16:00,1135.6,1136.3,1135.6,1136.3,353
2015-03-10 15:17:00,1139.85,1143.0,1139.85,1143.0,152
2015-03-10 15:18:00,1144.0,1144.0,1144.0,1144.0,75
2015-03-10 15:19:00,1144.0,1144.0,1144.0,1144.0,0
2015-03-10 15:20:00,1144.0,1149.0,1144.0,1144.25,34
2015-03-10 15:21:00,1141.65,1141.65,1141.65,1141.65,15
2015-03-10 15:22:00,1141.65,1143.7,1141.65,1143.7,60
2015-03-10 15:23:00,1143.7,1143.7,1142.6,1142.6,4
2015-03-10 15:24:00,1142.6,1143.7,1142.6,1143.7,70
2015-03-10 15:25:00,1143.7,1144.2,1143.7,1144.2,50
2015-03-10 15:26:00,1144.2,1144.2,1144.2,1144.2,0
2015-03-10 15:27:00,1144.2,1147.8,1144.2,1147.8,31
2015-03-10 15:28:00,1147.8,1147.8,1144.0,1144.0,250
2015-03-10 15:29:00,1143.7,1143.7,1143.7,1143.7,259
2015-03-11 09:15:00,1145.0,1145.0,1145.0,1145.0,0
2015-03-11 09:16:00,1145.0,1145.0,1140.0,1140.0,5
2015-03-11 09:17:00,1140.0,1143.75,1140.0,1143.75,20
2015-03-11 09:18:00,1143.75,1143.75,1141.0,1141.0,10
2015-03-11 09:19:00,1141.0,1141.0,1141.0,1141.0,5
2015-03-11 09:20:00,1141.0,1141.0,1141.0,1141.0,0
2015-03-11 09:21:00,1141.0,1141.0,1141.0,1141.0,0
2015-03-11 09:22:00,1141.0,1141.0,1141.0,1141.0,0
2015-03-11 09:23:00,1141.0,1141.0,1141.0,1141.0,0
2015-03-11 09:24:00,1141.0,1141.0,1141.0,1141.0,0
2015-03-11 09:25:00,1141.0,1144.95,1141.0,1144.95,25
2015-03-11 09:26:00,1144.95,1144.95,1144.95,1144.95,0
2015-03-11 09:27:00,1144.95,1144.95,1144.95,1144.95,0
2015-03-11 09:28:00,1144.95,1144.95,1144.95,1144.95,0
2015-03-11 09:29:00,1144.95,1144.95,1144.95,1144.95,0
2015-03-11 09:30:00,1144.95,1144.95,1140.25,1140.25,2
2015-03-11 09:31:00,1140.25,1144.9,1140.25,1144.9,10
2015-03-11 09:32:00,1145.0,1152.0,1145.0,1152.0,201
2015-03-11 09:33:00,1152.0,1152.0,1152.0,1152.0,30
2015-03-11 09:34:00,1152.0,1152.0,1152.0,1152.0,50
2015-03-11 09:35:00,1152.0,1152.0,1152.0,1152.0,0
2015-03-11 09:36:00,1152.0,1152.0,1152.0,1152.0,0
2015-03-11 09:37:00,1152.0,1152.0,1152.0,1152.0,0
2015-03-11 09:38:00,1152.0,1152.0,1152.0,1152.0,0
2015-03-11 09:39:00,1152.0,1152.0,1152.0,1152.0,0
2015-03-11 09:40:00,1154.0,1154.0,1154.0,1154.0,100
2015-03-11 09:41:00,1154.0,1154.0,1154.0,1154.0,0
2015-03-11 09:42:00,1154.0,1154.0,1154.0,1154.0,0
2015-03-11 09:43:00,1148.0,1148.0,1148.0,1148.0,10
2015-03-11 09:44:00,1148.0,1148.0,1148.0,1148.0,0
2015-03-11 09:45:00,1148.0,1148.0,1148.0,1148.0,0
2015-03-11 09:46:00,1148.0,1148.0,1148.0,1148.0,0
2015-03-11 09:47:00,1148.0,1148.0,1148.0,1148.0,1
2015-03-11 09:48:00,1148.0,1148.0,1148.0,1148.0,0
2015-03-11 09:49:00,1148.0,1148.0,1148.0,1148.0,99
2015-03-11 09:50:00,1148.0,1148.0,1148.0,1148.0,0
2015-03-11 09:51:00,1148.0,1148.0,1141.0,1144.2,115
2015-03-11 09:52:00,1144.2,1144.2,1144.2,1144.2,0
2015-03-11 09:53:00,1142.0,1142.0,1142.0,1142.0,8
2015-03-11 09:54:00,1142.0,1142.0,1142.0,1142.0,0
2015-03-11 09:55:00,1144.2,1144.2,1144.2,1144.2,0
2015-03-11 09:56:00,1142.0,1142.0,1142.0,1142.0,0
2015-03-11 09:57:00,1142.0,1142.0,1142.0,1142.0,0
2015-03-11 09:58:00,1142.0,1142.0,1142.0,1142.0,0
2015-03-11 09:59:00,1146.85,1146.85,1146.85,1146.85,25
2015-03-11 10:00:00,1146.85,1146.85,1146.85,1146.85,0
2015-03-11 10:01:00,1142.75,1142.75,1142.75,1142.75,1
2015-03-11 10:02:00,1142.75,1142.75,1142.75,1142.75,0
2015-03-11 10:03:00,1142.75,1146.8,1142.75,1146.8,10
2015-03-11 10:04:00,1146.9,1146.9,1146.9,1146.9,20
2015-03-11 10:05:00,1147.0,1147.9,1147.0,1147.9,20
2015-03-11 10:06:00,1148.9,1148.9,1148.9,1148.9,10
2015-03-11 10:07:00,1148.9,1148.9,1148.9,1148.9,0
2015-03-11 10:08:00,1148.9,1148.9,1148.9,1148.9,0
2015-03-11 10:09:00,1148.9,1152.4,1148.9,1152.4,5
2015-03-11 10:10:00,1147.25,1147.25,1147.25,1147.25,10
2015-03-11 10:11:00,1147.25,1147.25,1147.25,1147.25,0
2015-03-11 10:12:00,1152.4,1152.4,1152.4,1152.4,0
2015-03-11 10:13:00,1147.25,1152.85,1147.25,1152.85,10
2015-03-11 10:14:00,1154.0,1154.0,1154.0,1154.0,140
2015-03-11 10:15:00,1154.0,1154.0,1154.0,1154.0,0
2015-03-11 10:16:00,1154.0,1154.0,1153.0,1153.0,16
2015-03-11 10:17:00,1153.0,1153.0,1153.0,1153.0,53
2015-03-11 10:18:00,1152.9,1152.9,1152.9,1152.9,20
2015-03-11 10:19:00,1152.9,1154.0,1152.9,1153.95,15
2015-03-11 10:20:00,1154.0,1154.0,1153.95,1154.0,30
2015-03-11 10:21:00,1154.0,1154.0,1154.0,1154.0,0
2015-03-11 10:22:00,1154.0,1154.0,1154.0,1154.0,0
2015-03-11 10:23:00,1154.0,1154.0,1154.0,1154.0,0
2015-03-11 10:24:00,1154.9,1154.9,1154.9,1154.9,10
2015-03-11 10:25:00,1154.9,1154.9,1154.9,1154.9,0
2015-03-11 10:26:00,1154.0,1154.0,1154.0,1154.0,20
2015-03-11 10:27:00,1154.0,1154.0,1150.0,1150.0,9
2015-03-11 10:28:00,1150.0,1150.0,1150.0,1150.0,6
2015-03-11 10:29:00,1150.0,1150.0,1150.0,1150.0,0
2015-03-11 10:30:00,1150.0,1150.0,1147.0,1147.0,19
2015-03-11 10:31:00,1147.0,1147.0,1147.0,1147.0,0
2015-03-11 10:32:00,1150.0,1150.0,1150.0,1150.0,0
2015-03-11 10:33:00,1147.0,1147.0,1147.0,1147.0,0
2015-03-11 10:34:00,1146.0,1146.0,1146.0,1146.0,15
2015-03-11 10:35:00,1146.0,1146.0,1146.0,1146.0,0
2015-03-11 10:36:00,1146.0,1146.0,1146.0,1146.0,0
2015-03-11 10:37:00,1146.0,1146.0,1146.0,1146.0,0
2015-03-11 10:38:00,1146.0,1146.0,1146.0,1146.0,0
2015-03-11 10:39:00,1150.0,1150.0,1150.0,1150.0,15
2015-03-11 10:40:00,1150.0,1150.0,1150.0,1150.0,0
2015-03-11 10:41:00,1146.0,1146.0,1146.0,1146.0,0
2015-03-11 10:42:00,1150.0,1150.0,1150.0,1150.0,0
2015-03-11 10:43:00,1150.0,1150.0,1150.0,1150.0,0
2015-03-11 10:44:00,1150.0,1150.0,1150.0,1150.0,0
2015-03-11 10:45:00,1150.0,1150.0,1150.0,1150.0,0
2015-03-11 10:46:00,1150.0,1150.0,1150.0,1150.0,0
2015-03-11 10:47:00,1150.0,1150.0,1150.0,1150.0,0
2015-03-11 10:48:00,1150.0,1150.0,1150.0,1150.0,0
2015-03-11 10:49:00,1152.95,1152.95,1152.95,1152.95,1
2015-03-11 10:50:00,1154.0,1154.0,1154.0,1154.0,127
2015-03-11 10:51:00,1159.0,1159.0,1159.0,1159.0,330
2015-03-11 10:52:00,1159.0,1159.0,1156.0,1156.0,100
2015-03-11 10:53:00,1156.0,1158.95,1156.0,1158.95,1
2015-03-11 10:54:00,1158.95,1158.95,1158.95,1158.95,0
2015-03-11 10:55:00,1158.0,1158.0,1158.0,1158.0,8
2015-03-11 10:56:00,1158.0,1158.0,1158.0,1158.0,0
2015-03-11 10:57:00,1158.95,1158.95,1158.95,1158.95,0
2015-03-11 10:58:00,1158.0,1158.0,1158.0,1158.0,0
2015-03-11 10:59:00,1158.0,1158.0,1158.0,1158.0,0
2015-03-11 11:00:00,1156.7,1156.7,1156.7,1156.7,7
2015-03-11 11:01:00,1158.0,1158.0,1155.0,1155.0,56
2015-03-11 11:02:00,1152.3,1152.3,1152.3,1152.3,1
2015-03-11 11:03:00,1152.3,1152.3,1152.3,1152.3,0
2015-03-11 11:04:00,1152.3,1152.3,1152.3,1152.3,0
2015-03-11 11:05:00,1152.3,1152.3,1152.3,1152.3,0
2015-03-11 11:06:00,1152.3,1152.3,1152.3,1152.3,0
2015-03-11 11:07:00,1152.3,1152.3,1152.3,1152.3,0
2015-03-11 11:08:00,1152.3,1152.3,1152.3,1152.3,0
2015-03-11 11:09:00,1152.3,1152.3,1152.3,1152.3,0
2015-03-11 11:10:00,1152.3,1152.3,1152.3,1152.3,0
2015-03-11 11:11:00,1152.3,1152.3,1152.3,1152.3,0
2015-03-11 11:12:00,1152.3,1152.3,1152.3,1152.3,0
2015-03-11 11:13:00,1152.3,1152.3,1152.3,1152.3,0
2015-03-11 11:14:00,1152.3,1152.3,1152.3,1152.3,4
2015-03-11 11:15:00,1152.3,1152.3,1152.3,1152.3,0
2015-03-11 11:16:00,1152.3,1152.3,1152.3,1152.3,0
2015-03-11 11:17:00,1152.3,1152.3,1152.3,1152.3,0
2015-03-11 11:18:00,1152.3,1152.3,1152.3,1152.3,0
2015-03-11 11:19:00,1152.3,1152.3,1152.3,1152.3,0
2015-03-11 11:20:00,1152.3,1152.3,1152.3,1152.3,0
2015-03-11 11:21:00,1150.1,1150.1,1150.1,1150.1,25
2015-03-11 11:22:00,1150.1,1150.1,1150.1,1150.1,0
2015-03-11 11:23:00,1150.1,1150.1,1150.1,1150.1,0
2015-03-11 11:24:00,1150.1,1150.1,1150.1,1150.1,0
2015-03-11 11:25:00,1150.1,1150.1,1150.1,1150.1,0
2015-03-11 11:26:00,1150.1,1150.1,1150.1,1150.1,0
2015-03-11 11:27:00,1150.1,1150.1,1150.1,1150.1,0
2015-03-11 11:28:00,1150.1,1150.1,1150.1,1150.1,0
2015-03-11 11:29:00,1150.1,1150.1,1150.1,1150.1,0
2015-03-11 11:30:00,1150.1,1150.1,1150.1,1150.1,0
2015-03-11 11:31:00,1150.25,1152.0,1150.25,1152.0,50
2015-03-11 11:32:00,1152.0,1152.0,1152.0,1152.0,0
2015-03-11 11:33:00,1152.0,1152.0,1152.0,1152.0,2
2015-03-11 11:34:00,1152.0,1152.0,1152.0,1152.0,0
2015-03-11 11:35:00,1152.0,1152.0,1152.0,1152.0,0
2015-03-11 11:36:00,1150.0,1150.0,1150.0,1150.0,100
2015-03-11 11:37:00,1150.0,1150.0,1150.0,1150.0,0
2015-03-11 11:38:00,1152.0,1152.0,1152.0,1152.0,0
2015-03-11 11:39:00,1150.0,1150.0,1150.0,1150.0,0
2015-03-11 11:40:00,1150.0,1150.0,1150.0,1150.0,0
2015-03-11 11:41:00,1150.0,1150.0,1150.0,1150.0,0
2015-03-11 11:42:00,1152.0,1152.0,1152.0,1152.0,59
2015-03-11 11:43:00,1152.3,1152.3,1152.3,1152.3,1
2015-03-11 11:44:00,1152.3,1152.3,1152.3,1152.3,0
2015-03-11 11:45:00,1152.0,1152.0,1152.0,1152.0,0
2015-03-11 11:46:00,1152.3,1152.3,1152.3,1152.3,0
2015-03-11 11:47:00,1154.25,1154.25,1154.25,1154.25,1
2015-03-11 11:48:00,1154.25,1154.25,1154.25,1154.25,0
2015-03-11 11:49:00,1152.0,1152.0,1152.0,1152.0,0
2015-03-11 11:50:00,1154.25,1154.25,1154.25,1154.25,0
2015-03-11 11:51:00,1154.25,1154.25,1154.25,1154.25,0
2015-03-11 11:52:00,1154.25,1154.25,1154.25,1154.25,0
2015-03-11 11:53:00,1154.25,1154.25,1154.25,1154.25,0
2015-03-11 11:54:00,1154.25,1154.25,1154.25,1154.25,0
2015-03-11 11:55:00,1154.25,1154.25,1154.25,1154.25,0
2015-03-11 11:56:00,1154.25,1154.25,1154.25,1154.25,0
2015-03-11 11:57:00,1154.25,1154.25,1154.25,1154.25,0
2015-03-11 11:58:00,1154.25,1154.25,1154.25,1154.25,0
2015-03-11 11:59:00,1154.25,1154.25,1154.25,1154.25,0
2015-03-11 12:00:00,1154.25,1154.25,1154.25,1154.25,0
2015-03-11 12:01:00,1154.25,1154.25,1154.25,1154.25,0
2015-03-11 12:02:00,1154.25,1154.25,1154.25,1154.25,0
2015-03-11 12:03:00,1154.3,1154.3,1154.3,1154.3,50
2015-03-11 12:04:00,1154.3,1154.3,1154.3,1154.3,0
2015-03-11 12:05:00,1154.3,1154.3,1154.3,1154.3,0
2015-03-11 12:06:00,1154.3,1154.3,1154.3,1154.3,0
2015-03-11 12:07:00,1154.3,1154.3,1154.3,1154.3,0
2015-03-11 12:08:00,1154.3,1154.3,1154.3,1154.3,35
2015-03-11 12:09:00,1154.3,1154.3,1154.3,1154.3,0
2015-03-11 12:10:00,1154.3,1154.3,1154.3,1154.3,0
2015-03-11 12:11:00,1154.3,1154.3,1154.3,1154.3,0
2015-03-11 12:12:00,1154.3,1154.3,1154.3,1154.3,0
2015-03-11 12:13:00,1154.3,1154.3,1152.0,1152.0,18
2015-03-11 12:14:00,1152.0,1152.0,1152.0,1152.0,1
2015-03-11 12:15:00,1154.3,1154.3,1154.3,1154.3,60
2015-03-11 12:16:00,1154.3,1154.3,1154.3,1154.3,0
2015-03-11 12:17:00,1152.0,1152.0,1152.0,1152.0,0
2015-03-11 12:18:00,1154.3,1154.3,1154.3,1154.3,0
2015-03-11 12:19:00,1152.0,1152.0,1152.0,1152.0,0
2015-03-11 12:20:00,1154.3,1154.3,1154.3,1154.3,0
2015-03-11 12:21:00,1154.3,1154.3,1154.3,1154.3,0
2015-03-11 12:22:00,1154.3,1154.3,1154.2,1154.2,14
2015-03-11 12:23:00,1154.2,1154.2,1154.2,1154.2,0
2015-03-11 12:24:00,1154.2,1154.2,1154.2,1154.2,0
2015-03-11 12:25:00,1154.2,1154.2,1154.2,1154.2,0
2015-03-11 12:26:00,1154.2,1154.2,1154.2,1154.2,0
2015-03-11 12:27:00,1154.2,1154.2,1154.2,1154.2,0
2015-03-11 12:28:00,1154.2,1154.2,1153.9,1153.9,4
2015-03-11 12:29:00,1153.9,1153.9,1153.9,1153.9,0
2015-03-11 12:30:00,1153.9,1153.9,1153.9,1153.9,0
2015-03-11 12:31:00,1153.9,1153.9,1153.9,1153.9,0
2015-03-11 12:32:00,1150.0,1150.0,1150.0,1150.0,209
2015-03-11 12:33:00,1144.95,1145.0,1142.2,1145.0,186
2015-03-11 12:34:00,1145.0,1145.0,1145.0,1145.0,0
2015-03-11 12:35:00,1145.05,1145.05,1145.05,1145.05,12
2015-03-11 12:36:00,1144.95,1144.95,1144.95,1144.95,9
2015-03-11 12:37:00,1144.95,1144.95,1144.95,1144.95,0
2015-03-11 12:38:00,1144.95,1144.95,1144.95,1144.95,0
2015-03-11 12:39:00,1142.7,1142.7,1142.7,1142.7,2
2015-03-11 12:40:00,1142.7,1142.7,1142.7,1142.7,0
2015-03-11 12:41:00,1142.7,1142.7,1142.7,1142.7,0
2015-03-11 12:42:00,1142.7,1142.7,1142.7,1142.7,0
2015-03-11 12:43:00,1142.7,1142.7,1142.7,1142.7,0
2015-03-11 12:44:00,1142.7,1142.7,1142.7,1142.7,0
2015-03-11 12:45:00,1142.7,1142.7,1142.7,1142.7,0
2015-03-11 12:46:00,1142.75,1144.95,1142.75,1144.95,6
2015-03-11 12:47:00,1144.95,1144.95,1144.95,1144.95,0
2015-03-11 12:48:00,1142.7,1142.7,1142.7,1142.7,0
2015-03-11 12:49:00,1144.95,1144.95,1144.95,1144.95,0
2015-03-11 12:50:00,1144.95,1144.95,1144.95,1144.95,0
2015-03-11 12:51:00,1144.95,1144.95,1144.95,1144.95,0
2015-03-11 12:52:00,1144.95,1144.95,1144.95,1144.95,0
2015-03-11 12:53:00,1144.95,1144.95,1144.95,1144.95,0
2015-03-11 12:54:00,1144.95,1144.95,1143.45,1144.95,36
2015-03-11 12:55:00,1144.95,1147.05,1143.95,1143.95,45
2015-03-11 12:56:00,1147.05,1147.05,1143.95,1147.05,70
2015-03-11 12:57:00,1147.05,1147.05,1143.95,1143.95,20
2015-03-11 12:58:00,1147.05,1147.05,1143.95,1143.95,40
2015-03-11 12:59:00,1143.95,1147.05,1143.95,1143.95,40
2015-03-11 13:00:00,1147.05,1147.05,1143.0,1147.05,61
2015-03-11 13:01:00,1147.05,1147.05,1140.1,1141.65,471
2015-03-11 13:02:00,1142.0,1143.6,1142.0,1143.6,28
2015-03-11 13:03:00,1143.6,1143.6,1143.6,1143.6,0
2015-03-11 13:04:00,1143.6,1143.6,1139.4,1140.0,389
2015-03-11 13:05:00,1145.8,1150.0,1145.8,1150.0,361
2015-03-11 13:06:00,1150.0,1156.9,1150.0,1156.9,153
2015-03-11 13:07:00,1156.9,1156.9,1156.9,1156.9,0
2015-03-11 13:08:00,1156.9,1160.0,1156.9,1160.0,150
2015-03-11 13:09:00,1160.0,1160.0,1160.0,1160.0,0
2015-03-11 13:10:00,1159.95,1159.95,1159.95,1159.95,1
2015-03-11 13:11:00,1159.95,1160.0,1140.1,1147.8,131
2015-03-11 13:12:00,1147.8,1151.0,1147.8,1151.0,28
2015-03-11 13:13:00,1151.0,1151.0,1151.0,1151.0,0
2015-03-11 13:14:00,1154.95,1154.95,1154.95,1154.95,10
2015-03-11 13:15:00,1156.35,1156.35,1156.35,1156.35,28
2015-03-11 13:16:00,1156.35,1156.35,1156.35,1156.35,0
2015-03-11 13:17:00,1156.35,1156.35,1156.35,1156.35,0
2015-03-11 13:18:00,1156.35,1156.35,1156.35,1156.35,0
2015-03-11 13:19:00,1156.35,1156.35,1156.35,1156.35,6
2015-03-11 13:20:00,1153.35,1153.35,1153.35,1153.35,1
2015-03-11 13:21:00,1153.35,1153.35,1153.35,1153.35,0
2015-03-11 13:22:00,1153.35,1153.35,1153.35,1153.35,0
2015-03-11 13:23:00,1153.35,1153.35,1153.35,1153.35,0
2015-03-11 13:24:00,1153.35,1153.35,1153.35,1153.35,0
2015-03-11 13:25:00,1153.35,1153.35,1153.35,1153.35,0
2015-03-11 13:26:00,1153.35,1153.35,1153.35,1153.35,0
2015-03-11 13:27:00,1153.35,1153.35,1153.35,1153.35,0
2015-03-11 13:28:00,1158.5,1158.5,1158.5,1158.5,15
2015-03-11 13:29:00,1158.5,1158.5,1158.5,1158.5,0
2015-03-11 13:30:00,1158.5,1158.5,1158.5,1158.5,0
2015-03-11 13:31:00,1158.5,1158.5,1158.5,1158.5,0
2015-03-11 13:32:00,1158.5,1158.5,1158.5,1158.5,0
2015-03-11 13:33:00,1158.5,1158.5,1158.5,1158.5,0
2015-03-11 13:34:00,1158.5,1158.5,1158.5,1158.5,0
2015-03-11 13:35:00,1158.5,1158.5,1153.7,1153.7,15
2015-03-11 13:36:00,1153.7,1157.0,1153.7,1157.0,5
2015-03-11 13:37:00,1157.0,1157.0,1157.0,1157.0,0
2015-03-11 13:38:00,1157.0,1157.0,1157.0,1157.0,0
2015-03-11 13:39:00,1157.0,1157.0,1157.0,1157.0,0
2015-03-11 13:40:00,1157.0,1157.0,1157.0,1157.0,0
2015-03-11 13:41:00,1157.0,1157.0,1157.0,1157.0,0
2015-03-11 13:42:00,1157.0,1157.0,1157.0,1157.0,0
2015-03-11 13:43:00,1157.0,1157.0,1157.0,1157.0,0
2015-03-11 13:44:00,1153.65,1153.65,1145.1,1145.1,100
2015-03-11 13:45:00,1145.1,1145.1,1145.1,1145.1,0
2015-03-11 13:46:00,1145.1,1145.1,1145.1,1145.1,0
2015-03-11 13:47:00,1145.1,1145.1,1145.1,1145.1,0
2015-03-11 13:48:00,1145.1,1145.1,1145.1,1145.1,0
2015-03-11 13:49:00,1145.1,1148.95,1145.1,1148.95,10
2015-03-11 13:50:00,1153.05,1153.05,1150.45,1150.45,51
2015-03-11 13:51:00,1150.45,1150.95,1150.45,1150.95,61
2015-03-11 13:52:00,1150.95,1155.1,1150.95,1155.05,82
2015-03-11 13:53:00,1151.95,1155.55,1151.95,1152.0,79
2015-03-11 13:54:00,1152.0,1154.95,1152.0,1154.95,15
2015-03-11 13:55:00,1156.8,1156.8,1156.8,1156.8,22
2015-03-11 13:56:00,1156.05,1156.05,1156.05,1156.05,10
2015-03-11 13:57:00,1156.05,1156.05,1156.05,1156.05,0
2015-03-11 13:58:00,1156.05,1156.05,1156.05,1156.05,0
2015-03-11 13:59:00,1156.05,1156.05,1156.05,1156.05,1
2015-03-11 14:00:00,1156.05,1156.05,1156.05,1156.05,0
2015-03-11 14:01:00,1156.05,1156.05,1156.05,1156.05,0
2015-03-11 14:02:00,1156.05,1156.05,1156.05,1156.05,0
2015-03-11 14:03:00,1156.05,1156.05,1156.05,1156.05,0
2015-03-11 14:04:00,1156.05,1156.05,1156.05,1156.05,0
2015-03-11 14:05:00,1156.05,1156.05,1156.05,1156.05,0
2015-03-11 14:06:00,1156.05,1156.05,1156.05,1156.05,0
2015-03-11 14:07:00,1156.05,1156.05,1156.05,1156.05,0
2015-03-11 14:08:00,1156.05,1156.05,1156.05,1156.05,0
2015-03-11 14:09:00,1156.05,1156.05,1156.05,1156.05,0
2015-03-11 14:10:00,1156.05,1156.05,1156.05,1156.05,0
2015-03-11 14:11:00,1156.05,1156.05,1156.05,1156.05,0
2015-03-11 14:12:00,1153.95,1153.95,1153.95,1153.95,15
2015-03-11 14:13:00,1150.35,1150.35,1150.35,1150.35,10
2015-03-11 14:14:00,1150.35,1150.35,1147.5,1147.5,30
2015-03-11 14:15:00,1147.5,1147.5,1147.5,1147.5,0
2015-03-11 14:16:00,1147.5,1147.5,1147.5,1147.5,0
2015-03-11 14:17:00,1147.5,1147.5,1147.5,1147.5,0
2015-03-11 14:18:00,1147.5,1147.5,1147.5,1147.5,0
2015-03-11 14:19:00,1147.5,1147.5,1147.5,1147.5,0
2015-03-11 14:20:00,1147.5,1147.5,1147.5,1147.5,0
2015-03-11 14:21:00,1147.5,1147.5,1147.5,1147.5,0
2015-03-11 14:22:00,1147.5,1147.5,1147.5,1147.5,0
2015-03-11 14:23:00,1147.5,1147.5,1147.5,1147.5,0
2015-03-11 14:24:00,1147.5,1147.5,1147.5,1147.5,0
2015-03-11 14:25:00,1147.5,1147.5,1147.5,1147.5,0
2015-03-11 14:26:00,1147.5,1147.5,1147.5,1147.5,0
2015-03-11 14:27:00,1147.5,1147.5,1147.5,1147.5,0
2015-03-11 14:28:00,1147.5,1147.5,1147.5,1147.5,0
2015-03-11 14:29:00,1147.5,1147.5,1147.5,1147.5,0
2015-03-11 14:30:00,1147.5,1147.5,1147.5,1147.5,0
2015-03-11 14:31:00,1147.5,1147.5,1147.5,1147.5,0
2015-03-11 14:32:00,1147.5,1147.5,1147.5,1147.5,0
2015-03-11 14:33:00,1145.1,1145.1,1145.1,1145.1,6
2015-03-11 14:34:00,1145.1,1145.1,1144.15,1144.15,12
2015-03-11 14:35:00,1141.55,1141.55,1141.55,1141.55,8
2015-03-11 14:36:00,1141.55,1141.55,1141.55,1141.55,0
2015-03-11 14:37:00,1141.55,1145.05,1141.55,1142.0,24
2015-03-11 14:38:00,1146.55,1146.55,1143.15,1146.05,81
2015-03-11 14:39:00,1142.95,1147.1,1142.0,1142.0,80
2015-03-11 14:40:00,1142.0,1142.0,1142.0,1142.0,0
2015-03-11 14:41:00,1142.0,1142.0,1142.0,1142.0,0
2015-03-11 14:42:00,1142.0,1142.0,1142.0,1142.0,0
2015-03-11 14:43:00,1142.0,1142.05,1142.0,1142.05,2
2015-03-11 14:44:00,1142.0,1146.15,1142.0,1146.15,50
2015-03-11 14:45:00,1146.15,1146.15,1146.15,1146.15,0
2015-03-11 14:46:00,1146.15,1147.0,1146.15,1147.0,10
2015-03-11 14:47:00,1147.0,1147.0,1147.0,1147.0,0
2015-03-11 14:48:00,1147.0,1147.0,1147.0,1147.0,0
2015-03-11 14:49:00,1147.0,1147.0,1147.0,1147.0,0
2015-03-11 14:50:00,1147.0,1147.0,1147.0,1147.0,0
2015-03-11 14:51:00,1147.0,1149.0,1147.0,1149.0,10
2015-03-11 14:52:00,1149.0,1149.0,1149.0,1149.0,5
2015-03-11 14:53:00,1149.0,1149.0,1149.0,1149.0,0
2015-03-11 14:54:00,1149.0,1149.0,1149.0,1149.0,0
2015-03-11 14:55:00,1149.0,1149.0,1149.0,1149.0,0
2015-03-11 14:56:00,1149.0,1149.0,1149.0,1149.0,0
2015-03-11 14:57:00,1149.0,1149.0,1149.0,1149.0,0
2015-03-11 14:58:00,1150.0,1150.0,1150.0,1150.0,1037
2015-03-11 14:59:00,1150.0,1150.0,1150.0,1150.0,1
2015-03-11 15:00:00,1152.0,1152.0,1152.0,1152.0,1
2015-03-11 15:01:00,1152.0,1152.0,1152.0,1152.0,215
2015-03-11 15:02:00,1152.0,1152.0,1152.0,1152.0,65
2015-03-11 15:03:00,1152.0,1154.0,1152.0,1154.0,11
2015-03-11 15:04:00,1154.0,1154.0,1154.0,1154.0,78
2015-03-11 15:05:00,1154.0,1154.0,1154.0,1154.0,0
2015-03-11 15:06:00,1154.0,1154.0,1154.0,1154.0,0
2015-03-11 15:07:00,1154.0,1154.0,1154.0,1154.0,69
2015-03-11 15:08:00,1155.9,1155.9,1154.0,1154.0,33
2015-03-11 15:09:00,1154.0,1154.05,1154.0,1154.05,1
2015-03-11 15:10:00,1154.05,1154.05,1154.0,1154.0,1
2015-03-11 15:11:00,1160.0,1164.0,1160.0,1164.0,1456
2015-03-11 15:12:00,1165.0,1174.25,1165.0,1168.95,523
2015-03-11 15:13:00,1168.95,1169.0,1165.6,1168.9,32
2015-03-11 15:14:00,1168.8,1168.8,1165.0,1165.0,106
2015-03-11 15:15:00,1165.0,1165.0,1152.25,1152.25,135
2015-03-11 15:16:00,1157.0,1157.0,1153.0,1156.0,121
2015-03-11 15:17:00,1155.0,1155.0,1152.0,1152.0,132
2015-03-11 15:18:00,1155.0,1156.05,1155.0,1156.0,152
2015-03-11 15:19:00,1156.0,1156.0,1156.0,1156.0,2
2015-03-11 15:20:00,1154.95,1154.95,1154.95,1154.95,44
2015-03-11 15:21:00,1154.3,1154.3,1153.8,1153.8,59
2015-03-11 15:22:00,1153.8,1153.8,1152.35,1152.35,9
2015-03-11 15:23:00,1152.65,1153.8,1152.65,1152.65,10
2015-03-11 15:24:00,1152.65,1152.65,1150.0,1150.0,51
2015-03-11 15:25:00,1150.0,1150.0,1150.0,1150.0,0
2015-03-11 15:26:00,1151.4,1151.4,1151.4,1151.4,21
2015-03-11 15:27:00,1155.0,1155.0,1155.0,1155.0,164
2015-03-11 15:28:00,1155.0,1155.0,1155.0,1155.0,135
2015-03-11 15:29:00,1155.0,1155.0,1155.0,1155.0,255
2015-03-12 09:15:00,1163.0,1163.0,1163.0,1163.0,10
2015-03-12 09:16:00,1163.0,1163.0,1163.0,1163.0,0
2015-03-12 09:17:00,1163.0,1163.0,1155.25,1155.25,3
2015-03-12 09:18:00,1155.25,1155.25,1155.0,1155.0,10
2015-03-12 09:19:00,1155.0,1155.0,1155.0,1155.0,0
2015-03-12 09:20:00,1155.0,1155.0,1155.0,1155.0,0
2015-03-12 09:21:00,1155.0,1155.0,1155.0,1155.0,0
2015-03-12 09:22:00,1155.0,1159.75,1155.0,1159.75,10
2015-03-12 09:23:00,1159.75,1159.75,1159.75,1159.75,0
2015-03-12 09:24:00,1159.75,1159.75,1159.75,1159.75,0
2015-03-12 09:25:00,1159.75,1159.75,1159.75,1159.75,0
2015-03-12 09:26:00,1159.75,1159.75,1159.75,1159.75,0
2015-03-12 09:27:00,1159.75,1159.75,1155.0,1155.0,92
2015-03-12 09:28:00,1155.0,1155.0,1155.0,1155.0,35
2015-03-12 09:29:00,1155.0,1155.0,1150.05,1150.05,10
2015-03-12 09:30:00,1150.05,1150.05,1150.05,1150.05,0
2015-03-12 09:31:00,1150.05,1154.1,1150.05,1154.1,15
2015-03-12 09:32:00,1154.1,1154.1,1154.1,1154.1,0
2015-03-12 09:33:00,1154.1,1154.1,1154.1,1154.1,0
2015-03-12 09:34:00,1154.1,1154.1,1154.1,1154.1,0
2015-03-12 09:35:00,1154.1,1154.1,1154.1,1154.1,0
2015-03-12 09:36:00,1154.1,1154.1,1154.1,1154.1,0
2015-03-12 09:37:00,1154.1,1154.1,1154.1,1154.1,0
2015-03-12 09:38:00,1154.1,1154.1,1154.1,1154.1,0
2015-03-12 09:39:00,1154.1,1154.1,1154.1,1154.1,0
2015-03-12 09:40:00,1154.1,1154.1,1154.1,1154.1,0
2015-03-12 09:41:00,1155.0,1155.0,1155.0,1155.0,38
2015-03-12 09:42:00,1155.0,1155.0,1155.0,1155.0,12
2015-03-12 09:43:00,1155.0,1155.0,1155.0,1155.0,0
2015-03-12 09:44:00,1155.0,1155.0,1155.0,1155.0,0
2015-03-12 09:45:00,1155.0,1155.0,1155.0,1155.0,0
2015-03-12 09:46:00,1155.0,1155.0,1155.0,1155.0,0
2015-03-12 09:47:00,1155.0,1155.0,1155.0,1155.0,0
2015-03-12 09:48:00,1142.65,1143.05,1142.65,1143.05,173
2015-03-12 09:49:00,1143.05,1150.05,1143.05,1150.05,5
2015-03-12 09:50:00,1150.05,1150.05,1150.05,1150.05,0
2015-03-12 09:51:00,1150.05,1150.05,1147.2,1147.2,14
2015-03-12 09:52:00,1147.1,1147.1,1147.1,1147.1,10
2015-03-12 09:53:00,1147.1,1148.0,1147.1,1148.0,2
2015-03-12 09:54:00,1148.0,1148.0,1148.0,1148.0,0
2015-03-12 09:55:00,1148.0,1156.7,1148.0,1156.7,6
2015-03-12 09:56:00,1156.7,1156.7,1148.6,1154.7,62
2015-03-12 09:57:00,1154.7,1154.7,1154.7,1154.7,0
2015-03-12 09:58:00,1154.7,1154.7,1154.7,1154.7,0
2015-03-12 09:59:00,1154.7,1154.7,1154.7,1154.7,0
2015-03-12 10:00:00,1154.7,1154.7,1154.7,1154.7,0
2015-03-12 10:01:00,1154.7,1154.7,1154.7,1154.7,0
2015-03-12 10:02:00,1154.7,1154.7,1154.7,1154.7,0
2015-03-12 10:03:00,1154.7,1154.7,1154.7,1154.7,0
2015-03-12 10:04:00,1154.7,1154.7,1154.7,1154.7,0
2015-03-12 10:05:00,1154.7,1154.7,1154.7,1154.7,0
2015-03-12 10:06:00,1151.95,1151.95,1151.95,1151.95,5
2015-03-12 10:07:00,1151.95,1151.95,1151.95,1151.95,0
2015-03-12 10:08:00,1151.95,1151.95,1151.95,1151.95,0
2015-03-12 10:09:00,1151.95,1151.95,1151.95,1151.95,0
2015-03-12 10:10:00,1154.7,1154.7,1154.7,1154.7,0
2015-03-12 10:11:00,1151.95,1151.95,1151.95,1151.95,0
2015-03-12 10:12:00,1151.95,1151.95,1151.95,1151.95,0
2015-03-12 10:13:00,1151.95,1151.95,1151.95,1151.95,0
2015-03-12 10:14:00,1150.0,1150.0,1150.0,1150.0,3
2015-03-12 10:15:00,1150.0,1150.0,1148.0,1148.0,92
2015-03-12 10:16:00,1154.65,1154.65,1154.65,1154.65,91
2015-03-12 10:17:00,1154.65,1154.65,1154.65,1154.65,0
2015-03-12 10:18:00,1154.65,1154.65,1154.65,1154.65,0
2015-03-12 10:19:00,1154.65,1154.95,1154.65,1154.95,15
2015-03-12 10:20:00,1154.95,1154.95,1154.95,1154.95,0
2015-03-12 10:21:00,1154.95,1154.95,1154.95,1154.95,0
2015-03-12 10:22:00,1154.95,1154.95,1153.05,1153.05,13
2015-03-12 10:23:00,1153.05,1153.05,1153.05,1153.05,0
2015-03-12 10:24:00,1153.05,1153.05,1153.05,1153.05,0
2015-03-12 10:25:00,1153.05,1153.05,1150.1,1150.1,20
2015-03-12 10:26:00,1150.1,1150.1,1150.1,1150.1,0
2015-03-12 10:27:00,1153.05,1153.05,1153.05,1153.05,0
2015-03-12 10:28:00,1150.1,1150.1,1150.1,1150.1,0
2015-03-12 10:29:00,1153.05,1153.05,1153.05,1153.05,0
2015-03-12 10:30:00,1150.1,1150.1,1150.1,1150.1,0
2015-03-12 10:31:00,1153.05,1153.05,1153.05,1153.05,0
2015-03-12 10:32:00,1150.1,1150.1,1150.1,1150.1,0
2015-03-12 10:33:00,1150.1,1150.1,1150.1,1150.1,0
2015-03-12 10:34:00,1150.1,1150.1,1150.1,1150.1,0
2015-03-12 10:35:00,1150.1,1150.1,1150.1,1150.1,0
2015-03-12 10:36:00,1150.1,1150.1,1150.1,1150.1,0
2015-03-12 10:37:00,1150.1,1150.1,1150.1,1150.1,0
2015-03-12 10:38:00,1150.1,1150.1,1150.1,1150.1,0
2015-03-12 10:39:00,1150.1,1150.1,1150.1,1150.1,0
2015-03-12 10:40:00,1150.1,1150.1,1150.1,1150.1,0
2015-03-12 10:41:00,1150.1,1150.1,1150.1,1150.1,0
2015-03-12 10:42:00,1150.1,1150.1,1150.1,1150.1,0
2015-03-12 10:43:00,1150.1,1150.1,1150.1,1150.1,0
2015-03-12 10:44:00,1150.1,1150.1,1150.1,1150.1,0
2015-03-12 10:45:00,1150.1,1150.1,1150.1,1150.1,0
2015-03-12 10:46:00,1150.1,1150.1,1150.1,1150.1,0
2015-03-12 10:47:00,1150.1,1150.1,1150.1,1150.1,0
2015-03-12 10:48:00,1150.1,1150.1,1150.1,1150.1,0
2015-03-12 10:49:00,1150.1,1150.1,1150.1,1150.1,0
2015-03-12 10:50:00,1150.1,1150.1,1150.1,1150.1,0
2015-03-12 10:51:00,1150.1,1150.1,1150.1,1150.1,0
2015-03-12 10:52:00,1150.1,1150.1,1150.1,1150.1,0
2015-03-12 10:53:00,1150.1,1150.1,1150.1,1150.1,0
2015-03-12 10:54:00,1150.1,1150.1,1150.1,1150.1,0
2015-03-12 10:55:00,1151.55,1151.55,1151.5,1151.5,40
2015-03-12 10:56:00,1151.5,1151.5,1151.5,1151.5,0
2015-03-12 10:57:00,1151.5,1151.5,1151.5,1151.5,0
2015-03-12 10:58:00,1150.0,1150.0,1150.0,1150.0,109
2015-03-12 10:59:00,1150.0,1150.0,1150.0,1150.0,0
2015-03-12 11:00:00,1150.0,1150.0,1150.0,1150.0,0
2015-03-12 11:01:00,1150.0,1150.0,1150.0,1150.0,0
2015-03-12 11:02:00,1150.0,1150.0,1150.0,1150.0,0
2015-03-12 11:03:00,1150.0,1150.0,1150.0,1150.0,0
2015-03-12 11:04:00,1150.0,1153.8,1150.0,1153.8,4
2015-03-12 11:05:00,1153.8,1153.8,1153.8,1153.8,0
2015-03-12 11:06:00,1153.8,1153.8,1153.8,1153.8,0
2015-03-12 11:07:00,1154.6,1154.6,1154.6,1154.6,3
2015-03-12 11:08:00,1154.6,1154.6,1154.6,1154.6,0
2015-03-12 11:09:00,1154.6,1154.6,1154.6,1154.6,0
2015-03-12 11:10:00,1154.6,1154.6,1154.6,1154.6,1
2015-03-12 11:11:00,1154.6,1154.6,1154.6,1154.6,0
2015-03-12 11:12:00,1154.6,1154.6,1154.6,1154.6,0
2015-03-12 11:13:00,1154.6,1154.6,1147.75,1147.75,51
2015-03-12 11:14:00,1146.1,1146.1,1146.1,1146.1,3
2015-03-12 11:15:00,1146.1,1146.1,1146.1,1146.1,0
2015-03-12 11:16:00,1146.1,1146.1,1146.1,1146.1,0
2015-03-12 11:17:00,1146.1,1152.15,1146.1,1152.15,41
2015-03-12 11:18:00,1151.85,1151.85,1149.15,1149.15,35
2015-03-12 11:19:00,1151.55,1151.55,1149.15,1151.55,60
2015-03-12 11:20:00,1151.55,1151.55,1149.15,1149.15,60
2015-03-12 11:21:00,1147.25,1151.05,1147.25,1151.05,70
2015-03-12 11:22:00,1151.05,1151.05,1148.95,1148.95,51
2015-03-12 11:23:00,1151.05,1151.05,1148.95,1148.95,58
2015-03-12 11:24:00,1148.95,1151.05,1148.95,1151.05,60
2015-03-12 11:25:00,1151.05,1151.05,1148.95,1151.05,40
2015-03-12 11:26:00,1151.05,1154.8,1150.0,1154.8,66
2015-03-12 11:27:00,1151.95,1153.05,1151.95,1151.95,76
2015-03-12 11:28:00,1151.95,1154.9,1150.0,1152.05,128
2015-03-12 11:29:00,1148.95,1151.05,1148.95,1149.0,42
2015-03-12 11:30:00,1149.0,1151.55,1148.95,1151.55,80
2015-03-12 11:31:00,1148.95,1152.05,1148.95,1152.05,40
2015-03-12 11:32:00,1152.05,1152.05,1148.95,1152.05,39
2015-03-12 11:33:00,1152.05,1154.9,1150.0,1150.45,60
2015-03-12 11:34:00,1150.0,1153.05,1149.95,1153.05,65
2015-03-12 11:35:00,1153.05,1153.05,1150.15,1151.15,80
2015-03-12 11:36:00,1151.15,1154.0,1151.15,1152.45,42
2015-03-12 11:37:00,1154.05,1154.05,1152.45,1154.05,60
2015-03-12 11:38:00,1152.45,1154.05,1152.45,1152.45,60
2015-03-12 11:39:00,1152.45,1152.45,1152.45,1152.45,40
2015-03-12 11:40:00,1154.5,1154.5,1153.5,1153.5,39
2015-03-12 11:41:00,1153.5,1153.5,1153.5,1153.5,0
2015-03-12 11:42:00,1153.5,1153.5,1153.5,1153.5,0
2015-03-12 11:43:00,1153.5,1153.5,1153.5,1153.5,0
2015-03-12 11:44:00,1153.5,1153.5,1153.5,1153.5,0
2015-03-12 11:45:00,1153.5,1153.5,1153.5,1153.5,0
2015-03-12 11:46:00,1153.5,1153.5,1153.5,1153.5,0
2015-03-12 11:47:00,1153.5,1153.5,1153.5,1153.5,0
2015-03-12 11:48:00,1153.5,1153.5,1153.5,1153.5,0
2015-03-12 11:49:00,1153.5,1153.5,1153.5,1153.5,0
2015-03-12 11:50:00,1153.5,1153.5,1153.5,1153.5,0
2015-03-12 11:51:00,1153.5,1153.5,1153.5,1153.5,0
2015-03-12 11:52:00,1151.0,1151.0,1151.0,1151.0,25
2015-03-12 11:53:00,1151.0,1151.0,1151.0,1151.0,0
2015-03-12 11:54:00,1151.0,1151.0,1151.0,1151.0,0
2015-03-12 11:55:00,1151.0,1151.0,1151.0,1151.0,0
2015-03-12 11:56:00,1151.0,1151.0,1151.0,1151.0,0
2015-03-12 11:57:00,1151.0,1151.0,1151.0,1151.0,0
2015-03-12 11:58:00,1151.0,1151.0,1151.0,1151.0,0
2015-03-12 11:59:00,1151.0,1151.0,1151.0,1151.0,0
2015-03-12 12:00:00,1151.0,1151.0,1151.0,1151.0,0
2015-03-12 12:01:00,1151.0,1151.0,1151.0,1151.0,65
2015-03-12 12:02:00,1151.0,1151.0,1151.0,1151.0,0
2015-03-12 12:03:00,1151.0,1151.0,1151.0,1151.0,0
2015-03-12 12:04:00,1151.0,1151.0,1151.0,1151.0,0
2015-03-12 12:05:00,1151.0,1151.0,1151.0,1151.0,0
2015-03-12 12:06:00,1151.0,1151.0,1151.0,1151.0,0
2015-03-12 12:07:00,1151.0,1151.0,1151.0,1151.0,0
2015-03-12 12:08:00,1151.0,1151.0,1151.0,1151.0,0
2015-03-12 12:09:00,1151.0,1151.0,1151.0,1151.0,0
2015-03-12 12:10:00,1151.0,1151.0,1151.0,1151.0,0
2015-03-12 12:11:00,1151.0,1151.0,1151.0,1151.0,25
2015-03-12 12:12:00,1151.0,1151.0,1150.0,1150.0,18
2015-03-12 12:13:00,1150.0,1150.0,1150.0,1150.0,30
2015-03-12 12:14:00,1150.0,1150.0,1150.0,1150.0,0
2015-03-12 12:15:00,1150.0,1150.0,1150.0,1150.0,0
2015-03-12 12:16:00,1150.0,1150.0,1150.0,1150.0,3
2015-03-12 12:17:00,1149.0,1149.0,1149.0,1149.0,50
2015-03-12 12:18:00,1149.0,1149.0,1149.0,1149.0,0
2015-03-12 12:19:00,1149.0,1149.0,1149.0,1149.0,0
2015-03-12 12:20:00,1149.0,1149.0,1149.0,1149.0,0
2015-03-12 12:21:00,1149.0,1149.0,1149.0,1149.0,0
2015-03-12 12:22:00,1149.0,1149.0,1149.0,1149.0,0
2015-03-12 12:23:00,1149.0,1149.0,1149.0,1149.0,0
2015-03-12 12:24:00,1149.0,1149.0,1149.0,1149.0,0
2015-03-12 12:25:00,1150.0,1150.0,1150.0,1150.0,7
2015-03-12 12:26:00,1149.0,1149.0,1149.0,1149.0,20
2015-03-12 12:27:00,1149.0,1149.0,1149.0,1149.0,0
2015-03-12 12:28:00,1149.0,1149.0,1149.0,1149.0,0
2015-03-12 12:29:00,1149.0,1149.0,1149.0,1149.0,0
2015-03-12 12:30:00,1150.0,1150.0,1150.0,1150.0,1
2015-03-12 12:31:00,1148.0,1148.0,1148.0,1148.0,100
2015-03-12 12:32:00,1148.0,1148.0,1148.0,1148.0,0
2015-03-12 12:33:00,1148.0,1148.0,1148.0,1148.0,0
2015-03-12 12:34:00,1148.0,1148.0,1148.0,1148.0,0
2015-03-12 12:35:00,1148.0,1148.0,1148.0,1148.0,0
2015-03-12 12:36:00,1148.0,1148.0,1148.0,1148.0,0
2015-03-12 12:37:00,1148.0,1148.0,1148.0,1148.0,0
2015-03-12 12:38:00,1148.0,1148.0,1148.0,1148.0,0
2015-03-12 12:39:00,1148.0,1148.0,1148.0,1148.0,0
2015-03-12 12:40:00,1153.8,1153.8,1153.8,1153.8,3
2015-03-12 12:41:00,1153.8,1153.8,1153.8,1153.8,0
2015-03-12 12:42:00,1153.8,1153.8,1153.8,1153.8,0
2015-03-12 12:43:00,1153.8,1153.8,1153.8,1153.8,0
2015-03-12 12:44:00,1153.8,1153.8,1153.8,1153.8,0
2015-03-12 12:45:00,1153.8,1153.8,1153.8,1153.8,0
2015-03-12 12:46:00,1153.8,1153.8,1153.8,1153.8,0
2015-03-12 12:47:00,1153.8,1153.8,1153.8,1153.8,0
2015-03-12 12:48:00,1153.8,1153.8,1153.8,1153.8,0
2015-03-12 12:49:00,1153.8,1153.8,1153.8,1153.8,0
2015-03-12 12:50:00,1153.8,1153.8,1153.8,1153.8,0
2015-03-12 12:51:00,1153.8,1153.8,1153.8,1153.8,0
2015-03-12 12:52:00,1153.8,1153.8,1153.8,1153.8,0
2015-03-12 12:53:00,1153.8,1153.8,1153.8,1153.8,0
2015-03-12 12:54:00,1153.8,1153.8,1153.8,1153.8,0
2015-03-12 12:55:00,1153.8,1153.8,1153.8,1153.8,0
2015-03-12 12:56:00,1153.8,1153.8,1153.8,1153.8,0
2015-03-12 12:57:00,1153.8,1153.8,1153.8,1153.8,0
2015-03-12 12:58:00,1153.8,1153.8,1153.8,1153.8,0
2015-03-12 12:59:00,1149.15,1149.15,1149.1,1149.1,30
2015-03-12 13:00:00,1149.0,1149.0,1149.0,1149.0,20
2015-03-12 13:01:00,1149.0,1149.0,1149.0,1149.0,0
2015-03-12 13:02:00,1149.0,1149.0,1149.0,1149.0,0
2015-03-12 13:03:00,1152.0,1152.0,1152.0,1152.0,10
2015-03-12 13:04:00,1152.0,1152.0,1152.0,1152.0,0
2015-03-12 13:05:00,1149.0,1149.0,1149.0,1149.0,0
2015-03-12 13:06:00,1152.0,1152.0,1152.0,1152.0,0
2015-03-12 13:07:00,1152.0,1152.0,1152.0,1152.0,0
2015-03-12 13:08:00,1152.0,1152.0,1152.0,1152.0,0
2015-03-12 13:09:00,1149.0,1149.0,1149.0,1149.0,0
2015-03-12 13:10:00,1152.0,1152.0,1152.0,1152.0,0
2015-03-12 13:11:00,1152.0,1152.0,1149.0,1149.0,20
2015-03-12 13:12:00,1149.0,1149.0,1149.0,1149.0,0
2015-03-12 13:13:00,1149.0,1149.0,1149.0,1149.0,0
2015-03-12 13:14:00,1149.0,1149.0,1149.0,1149.0,0
2015-03-12 13:15:00,1149.0,1149.0,1149.0,1149.0,0
2015-03-12 13:16:00,1149.0,1149.0,1149.0,1149.0,0
2015-03-12 13:17:00,1149.0,1149.0,1149.0,1149.0,0
2015-03-12 13:18:00,1149.0,1149.0,1149.0,1149.0,0
2015-03-12 13:19:00,1149.0,1149.0,1149.0,1149.0,0
2015-03-12 13:20:00,1149.0,1149.0,1149.0,1149.0,0
2015-03-12 13:21:00,1149.0,1149.0,1149.0,1149.0,0
2015-03-12 13:22:00,1148.0,1148.0,1148.0,1148.0,24
2015-03-12 13:23:00,1148.0,1148.0,1148.0,1148.0,0
2015-03-12 13:24:00,1145.0,1145.0,1145.0,1145.0,25
2015-03-12 13:25:00,1143.05,1143.05,1143.05,1143.05,1
2015-03-12 13:26:00,1143.05,1143.05,1143.05,1143.05,0
2015-03-12 13:27:00,1143.05,1143.05,1143.05,1143.05,0
2015-03-12 13:28:00,1143.05,1143.05,1143.05,1143.05,0
2015-03-12 13:29:00,1148.9,1148.9,1148.9,1148.9,50
2015-03-12 13:30:00,1148.9,1148.9,1148.9,1148.9,0
2015-03-12 13:31:00,1148.9,1148.9,1148.9,1148.9,0
2015-03-12 13:32:00,1148.9,1148.9,1148.9,1148.9,0
2015-03-12 13:33:00,1148.9,1148.9,1148.9,1148.9,0
2015-03-12 13:34:00,1143.05,1143.05,1143.05,1143.05,16
2015-03-12 13:35:00,1143.05,1143.05,1143.05,1143.05,0
2015-03-12 13:36:00,1145.75,1145.75,1142.1,1142.1,52
2015-03-12 13:37:00,1143.0,1143.9,1143.0,1143.9,17
2015-03-12 13:38:00,1143.0,1143.0,1143.0,1143.0,2
2015-03-12 13:39:00,1143.0,1143.0,1143.0,1143.0,10
2015-03-12 13:40:00,1143.0,1143.9,1142.1,1142.1,18
2015-03-12 13:41:00,1142.1,1142.1,1142.1,1142.1,0
2015-03-12 13:42:00,1146.0,1146.0,1146.0,1146.0,1
2015-03-12 13:43:00,1146.0,1146.0,1146.0,1146.0,0
2015-03-12 13:44:00,1146.0,1146.0,1146.0,1146.0,0
2015-03-12 13:45:00,1143.05,1143.05,1143.05,1143.05,1
2015-03-12 13:46:00,1143.05,1143.05,1143.05,1143.05,0
2015-03-12 13:47:00,1143.05,1143.05,1143.05,1143.05,25
2015-03-12 13:48:00,1143.05,1143.05,1143.05,1143.05,0
2015-03-12 13:49:00,1145.25,1145.25,1143.25,1143.25,25
2015-03-12 13:50:00,1143.25,1143.25,1143.25,1143.25,0
2015-03-12 13:51:00,1146.05,1146.05,1146.05,1146.05,4
2015-03-12 13:52:00,1146.05,1146.05,1146.05,1146.05,0
2015-03-12 13:53:00,1146.05,1146.05,1146.05,1146.05,0
2015-03-12 13:54:00,1146.05,1146.05,1146.05,1146.05,0
2015-03-12 13:55:00,1143.0,1143.0,1143.0,1143.0,186
2015-03-12 13:56:00,1143.0,1143.0,1143.0,1143.0,0
2015-03-12 13:57:00,1143.0,1145.15,1143.0,1145.15,3
2015-03-12 13:58:00,1146.35,1146.55,1146.35,1146.35,8
2015-03-12 13:59:00,1145.95,1145.95,1145.95,1145.95,6
2015-03-12 14:00:00,1147.65,1147.65,1147.65,1147.65,7
2015-03-12 14:01:00,1147.65,1149.0,1147.65,1149.0,85
2015-03-12 14:02:00,1150.0,1150.0,1150.0,1150.0,47
2015-03-12 14:03:00,1150.05,1151.4,1150.0,1150.65,18
2015-03-12 14:04:00,1150.65,1151.35,1150.0,1151.35,4
2015-03-12 14:05:00,1150.9,1151.35,1150.0,1150.0,14
2015-03-12 14:06:00,1150.0,1150.0,1150.0,1150.0,100
2015-03-12 14:07:00,1150.0,1150.0,1150.0,1150.0,31
2015-03-12 14:08:00,1150.0,1150.0,1150.0,1150.0,0
2015-03-12 14:09:00,1150.0,1150.0,1149.65,1149.8,11
2015-03-12 14:10:00,1149.8,1149.9,1149.8,1149.9,12
2015-03-12 14:11:00,1149.9,1149.9,1149.9,1149.9,0
2015-03-12 14:12:00,1149.9,1149.9,1149.9,1149.9,0
2015-03-12 14:13:00,1145.05,1145.05,1145.05,1145.05,50
2015-03-12 14:14:00,1149.0,1149.0,1149.0,1149.0,25
2015-03-12 14:15:00,1149.0,1149.0,1149.0,1149.0,0
2015-03-12 14:16:00,1149.0,1149.0,1148.7,1148.95,5
2015-03-12 14:17:00,1148.95,1148.95,1145.0,1145.0,55
2015-03-12 14:18:00,1145.0,1145.0,1145.0,1145.0,14
2015-03-12 14:19:00,1145.0,1145.0,1145.0,1145.0,0
2015-03-12 14:20:00,1145.0,1149.0,1145.0,1149.0,100
2015-03-12 14:21:00,1149.0,1149.0,1149.0,1149.0,50
2015-03-12 14:22:00,1149.0,1149.0,1149.0,1149.0,0
2015-03-12 14:23:00,1149.0,1149.0,1149.0,1149.0,25
2015-03-12 14:24:00,1149.0,1149.0,1149.0,1149.0,190
2015-03-12 14:25:00,1149.0,1149.0,1149.0,1149.0,0
2015-03-12 14:26:00,1149.0,1149.9,1149.0,1149.9,5
2015-03-12 14:27:00,1149.9,1149.9,1149.9,1149.9,6
2015-03-12 14:28:00,1149.85,1149.85,1149.85,1149.85,13
2015-03-12 14:29:00,1149.85,1149.85,1149.85,1149.85,10
2015-03-12 14:30:00,1149.85,1149.85,1149.85,1149.85,1
2015-03-12 14:31:00,1149.8,1149.8,1149.8,1149.8,15
2015-03-12 14:32:00,1149.8,1149.8,1149.8,1149.8,0
2015-03-12 14:33:00,1149.85,1149.85,1149.85,1149.85,0
2015-03-12 14:34:00,1149.95,1149.95,1149.95,1149.95,2
2015-03-12 14:35:00,1149.0,1149.0,1149.0,1149.0,25
2015-03-12 14:36:00,1149.0,1149.95,1149.0,1149.95,3
2015-03-12 14:37:00,1149.95,1149.95,1149.95,1149.95,0
2015-03-12 14:38:00,1149.95,1149.95,1149.9,1149.9,5
2015-03-12 14:39:00,1150.0,1150.0,1150.0,1150.0,167
2015-03-12 14:40:00,1150.0,1150.0,1150.0,1150.0,0
2015-03-12 14:41:00,1150.0,1155.0,1150.0,1155.0,192
2015-03-12 14:42:00,1157.2,1157.2,1156.65,1156.65,12
2015-03-12 14:43:00,1152.0,1152.0,1152.0,1152.0,214
2015-03-12 14:44:00,1152.0,1152.0,1152.0,1152.0,0
2015-03-12 14:45:00,1155.45,1155.45,1155.45,1155.45,15
2015-03-12 14:46:00,1156.0,1160.0,1156.0,1160.0,343
2015-03-12 14:47:00,1160.0,1160.0,1156.0,1160.0,300
2015-03-12 14:48:00,1160.0,1160.0,1160.0,1160.0,29
2015-03-12 14:49:00,1160.0,1160.0,1160.0,1160.0,307
2015-03-12 14:50:00,1163.35,1163.35,1157.3,1162.0,118
2015-03-12 14:51:00,1162.0,1162.0,1162.0,1162.0,0
2015-03-12 14:52:00,1161.6,1161.8,1161.6,1161.8,21
2015-03-12 14:53:00,1161.6,1161.6,1161.6,1161.6,51
2015-03-12 14:54:00,1161.6,1161.6,1159.9,1159.9,25
2015-03-12 14:55:00,1159.9,1161.0,1159.9,1161.0,113
2015-03-12 14:56:00,1161.0,1163.6,1161.0,1163.6,30
2015-03-12 14:57:00,1163.6,1169.0,1163.6,1168.15,564
2015-03-12 14:58:00,1169.9,1169.9,1163.4,1165.0,138
2015-03-12 14:59:00,1165.0,1170.0,1163.0,1170.0,1160
2015-03-12 15:00:00,1171.8,1171.8,1168.05,1170.0,61
2015-03-12 15:01:00,1170.0,1170.35,1168.0,1168.0,94
2015-03-12 15:02:00,1167.0,1167.0,1163.0,1163.0,292
2015-03-12 15:03:00,1163.0,1163.0,1161.05,1161.05,4
2015-03-12 15:04:00,1161.05,1164.0,1161.05,1162.0,49
2015-03-12 15:05:00,1162.0,1164.95,1162.0,1164.95,156
2015-03-12 15:06:00,1164.95,1169.0,1164.95,1169.0,29
2015-03-12 15:07:00,1169.0,1169.75,1169.0,1169.75,5
2015-03-12 15:08:00,1168.6,1168.6,1165.25,1165.25,79
2015-03-12 15:09:00,1165.25,1165.25,1165.25,1165.25,0
2015-03-12 15:10:00,1162.0,1162.0,1162.0,1162.0,176
2015-03-12 15:11:00,1162.0,1167.0,1162.0,1167.0,46
2015-03-12 15:12:00,1167.0,1169.75,1167.0,1168.5,192
2015-03-12 15:13:00,1168.5,1168.5,1168.5,1168.5,14
2015-03-12 15:14:00,1163.0,1170.0,1163.0,1170.0,538
2015-03-12 15:15:00,1170.0,1171.0,1169.0,1171.0,205
2015-03-12 15:16:00,1171.0,1171.0,1171.0,1171.0,0
2015-03-12 15:17:00,1169.3,1172.0,1169.3,1170.6,1625
2015-03-12 15:18:00,1170.85,1173.0,1169.0,1170.0,1685
2015-03-12 15:19:00,1167.2,1167.2,1167.2,1167.2,109
2015-03-12 15:20:00,1167.2,1167.2,1167.2,1167.2,0
2015-03-12 15:21:00,1170.0,1172.3,1168.55,1168.55,1100
2015-03-12 15:22:00,1168.55,1170.05,1168.55,1170.05,17
2015-03-12 15:23:00,1170.05,1170.05,1170.05,1170.05,0
2015-03-12 15:24:00,1169.0,1170.0,1169.0,1169.05,615
2015-03-12 15:25:00,1169.0,1170.0,1169.0,1170.0,130
2015-03-12 15:26:00,1170.9,1171.0,1170.9,1171.0,59
2015-03-12 15:27:00,1171.0,1171.0,1169.05,1170.95,680
2015-03-12 15:28:00,1170.95,1170.95,1169.0,1169.0,140
2015-03-12 15:29:00,1169.0,1169.0,1169.0,1169.0,100
2015-03-13 09:15:00,1179.9,1179.9,1179.0,1179.0,125
2015-03-13 09:16:00,1179.0,1179.0,1179.0,1179.0,0
2015-03-13 09:17:00,1179.0,1179.0,1171.0,1171.5,119
2015-03-13 09:18:00,1171.5,1175.7,1171.5,1175.7,6
2015-03-13 09:19:00,1175.7,1175.7,1175.7,1175.7,0
2015-03-13 09:20:00,1180.0,1180.0,1180.0,1180.0,400
2015-03-13 09:21:00,1175.0,1181.05,1175.0,1180.0,476
2015-03-13 09:22:00,1180.0,1182.0,1180.0,1182.0,230
2015-03-13 09:23:00,1180.0,1180.0,1179.95,1179.95,62
2015-03-13 09:24:00,1180.0,1180.0,1179.95,1179.95,74
2015-03-13 09:25:00,1180.0,1182.05,1180.0,1182.05,56
2015-03-13 09:26:00,1182.05,1182.05,1182.05,1182.05,0
2015-03-13 09:28:00,1182.05,1182.05,1182.05,1182.05,0
2015-03-13 09:29:00,1181.95,1181.95,1181.95,1181.95,491
2015-03-13 09:32:00,1181.95,1181.95,1181.95,1181.95,0
2015-03-13 09:34:00,1181.95,1181.95,1181.95,1181.95,0
2015-03-13 09:36:00,1181.95,1181.95,1181.95,1181.95,0
2015-03-13 09:38:00,1181.95,1181.95,1181.95,1181.95,0
2015-03-13 09:42:00,1181.95,1181.95,1181.95,1181.95,0
2015-03-13 09:43:00,1179.95,1179.95,1179.95,1179.95,0
2015-03-13 09:45:00,1179.95,1179.95,1179.95,1179.95,0
2015-03-13 09:47:00,1179.95,1179.95,1179.95,1179.95,0
2015-03-13 09:48:00,1237.9,1237.9,1237.9,1237.9,14594
2015-03-13 09:50:00,1237.9,1237.9,1237.9,1237.9,0
2015-03-13 09:52:00,1237.9,1237.9,1237.9,1237.9,0
2015-03-13 09:53:00,1231.0,1231.0,1226.85,1226.85,2336
2015-03-13 09:54:00,1217.5,1227.4,1217.0,1225.0,1660
2015-03-13 09:55:00,1225.0,1225.0,1220.0,1222.55,799
2015-03-13 09:56:00,1223.6,1235.0,1223.0,1235.0,988
2015-03-13 09:57:00,1233.0,1234.4,1233.0,1234.0,385
2015-03-13 09:58:00,1234.0,1234.0,1230.0,1230.15,142
2015-03-13 09:59:00,1230.1,1234.7,1230.1,1230.2,1377
2015-03-13 10:00:00,1230.2,1230.2,1230.0,1230.0,175
2015-03-13 10:01:00,1230.05,1230.15,1227.05,1227.05,530
2015-03-13 10:02:00,1227.1,1227.1,1226.05,1226.05,36
2015-03-13 10:03:00,1224.05,1224.9,1222.05,1222.05,164
2015-03-13 10:04:00,1224.35,1225.0,1223.0,1225.0,352
2015-03-13 10:05:00,1225.0,1225.0,1222.55,1222.55,316
2015-03-13 10:06:00,1222.0,1222.0,1220.0,1220.0,563
2015-03-13 10:07:00,1220.0,1220.0,1215.15,1215.15,182
2015-03-13 10:08:00,1217.1,1220.0,1217.1,1220.0,144
2015-03-13 10:09:00,1220.0,1220.0,1216.0,1216.0,126
2015-03-13 10:10:00,1215.05,1215.4,1215.05,1215.4,86
2015-03-13 10:11:00,1215.05,1219.75,1215.05,1219.75,319
2015-03-13 10:12:00,1219.75,1219.75,1218.95,1218.95,15
2015-03-13 10:13:00,1218.95,1219.0,1217.55,1219.0,172
2015-03-13 10:14:00,1217.75,1217.75,1215.1,1215.1,19
2015-03-13 10:15:00,1215.1,1215.1,1215.1,1215.1,0
2015-03-13 10:16:00,1215.1,1215.1,1214.5,1214.5,537
2015-03-13 10:17:00,1214.5,1216.0,1214.5,1216.0,443
2015-03-13 10:18:00,1216.0,1216.0,1214.0,1214.0,35
2015-03-13 10:19:00,1214.0,1214.0,1210.0,1210.0,289
2015-03-13 10:20:00,1212.0,1212.0,1210.0,1210.0,152
2015-03-13 10:21:00,1210.0,1210.0,1210.0,1210.0,2
2015-03-13 10:22:00,1212.1,1212.1,1211.8,1211.8,15
2015-03-13 10:23:00,1211.8,1211.8,1210.5,1210.5,23
2015-03-13 10:24:00,1210.5,1216.25,1210.5,1216.0,176
2015-03-13 10:25:00,1216.0,1216.05,1214.05,1214.05,22
2015-03-13 10:26:00,1214.05,1214.05,1214.05,1214.05,0
2015-03-13 10:27:00,1214.05,1214.05,1214.05,1214.05,0
2015-03-13 10:28:00,1214.05,1214.7,1212.15,1212.15,82
2015-03-13 10:29:00,1214.15,1214.65,1214.15,1214.65,35
2015-03-13 10:30:00,1214.65,1214.65,1211.0,1211.0,50
2015-03-13 10:31:00,1214.85,1215.0,1214.5,1214.5,178
2015-03-13 10:32:00,1214.5,1215.0,1214.5,1215.0,128
2015-03-13 10:33:00,1215.0,1217.1,1215.0,1217.1,5
2015-03-13 10:34:00,1207.0,1209.7,1206.75,1209.7,281
2015-03-13 10:35:00,1209.7,1209.7,1205.0,1205.0,263
2015-03-13 10:36:00,1205.0,1205.0,1204.05,1205.0,36
2015-03-13 10:37:00,1204.95,1205.0,1202.7,1205.0,400
2015-03-13 10:38:00,1205.0,1205.0,1205.0,1205.0,110
2015-03-13 10:39:00,1202.4,1204.55,1200.35,1202.4,676
2015-03-13 10:40:00,1200.0,1203.3,1200.0,1203.0,151
2015-03-13 10:41:00,1203.0,1203.0,1195.4,1198.0,808
2015-03-13 10:42:00,1198.0,1199.7,1193.05,1193.05,134
2015-03-13 10:43:00,1193.05,1196.1,1191.15,1194.95,217
2015-03-13 10:44:00,1195.0,1195.0,1195.0,1195.0,203
2015-03-13 10:45:00,1195.0,1195.0,1191.15,1191.15,148
2015-03-13 10:46:00,1190.35,1204.65,1190.35,1204.65,495
2015-03-13 10:47:00,1199.8,1199.8,1195.5,1195.5,17
2015-03-13 10:48:00,1197.0,1197.0,1197.0,1197.0,130
2015-03-13 10:49:00,1197.0,1199.8,1197.0,1199.8,67
2015-03-13 10:50:00,1199.8,1201.7,1199.8,1201.0,39
2015-03-13 10:51:00,1201.0,1205.0,1201.0,1205.0,50
2015-03-13 10:52:00,1205.0,1205.0,1205.0,1205.0,100
2015-03-13 10:53:00,1205.0,1205.0,1202.4,1202.4,5
2015-03-13 10:54:00,1202.4,1202.4,1202.4,1202.4,0
2015-03-13 10:55:00,1205.0,1205.0,1205.0,1205.0,40
2015-03-13 10:56:00,1205.0,1205.0,1205.0,1205.0,126
2015-03-13 10:57:00,1206.0,1208.0,1206.0,1208.0,129
2015-03-13 10:58:00,1208.0,1208.0,1207.9,1207.9,2
2015-03-13 10:59:00,1207.9,1207.9,1204.65,1204.65,36
2015-03-13 11:00:00,1204.65,1204.85,1204.0,1204.85,20
2015-03-13 11:01:00,1204.9,1204.9,1202.0,1202.0,50
2015-03-13 11:02:00,1202.0,1203.4,1202.0,1203.4,25
2015-03-13 11:03:00,1204.9,1204.9,1203.85,1203.85,63
2015-03-13 11:04:00,1204.85,1204.85,1201.25,1201.25,21
2015-03-13 11:05:00,1201.25,1201.25,1200.2,1200.2,38
2015-03-13 11:06:00,1200.2,1201.2,1200.2,1201.1,30
2015-03-13 11:07:00,1200.95,1209.8,1200.95,1209.8,252
2015-03-13 11:08:00,1209.8,1209.8,1205.1,1205.1,87
2015-03-13 11:09:00,1209.7,1209.7,1209.7,1209.7,6
2015-03-13 11:10:00,1209.0,1209.0,1209.0,1209.0,110
2015-03-13 11:11:00,1209.0,1209.7,1209.0,1209.7,10
2015-03-13 11:12:00,1209.7,1209.7,1209.7,1209.7,0
2015-03-13 11:13:00,1209.7,1209.7,1207.05,1207.05,7
2015-03-13 11:14:00,1209.0,1209.65,1208.0,1208.0,60
2015-03-13 11:15:00,1208.0,1208.0,1208.0,1208.0,10
2015-03-13 11:16:00,1208.0,1209.7,1208.0,1209.7,31
2015-03-13 11:17:00,1208.1,1208.1,1208.1,1208.1,16
2015-03-13 11:18:00,1208.1,1208.1,1208.0,1208.0,13
2015-03-13 11:19:00,1208.0,1209.65,1208.0,1209.65,13
2015-03-13 11:20:00,1208.0,1208.0,1208.0,1208.0,82
2015-03-13 11:21:00,1208.0,1208.0,1208.0,1208.0,0
2015-03-13 11:22:00,1209.7,1209.7,1209.7,1209.7,48
2015-03-13 11:23:00,1209.55,1209.55,1209.55,1209.55,25
2015-03-13 11:24:00,1208.0,1209.7,1208.0,1208.05,50
2015-03-13 11:25:00,1208.05,1208.05,1208.05,1208.05,2
2015-03-13 11:26:00,1208.05,1208.05,1207.0,1207.0,57
2015-03-13 11:27:00,1204.8,1204.8,1203.05,1203.05,80
2015-03-13 11:28:00,1203.05,1203.05,1203.05,1203.05,0
2015-03-13 11:29:00,1203.05,1203.35,1203.05,1203.35,34
2015-03-13 11:30:00,1205.9,1205.9,1200.05,1200.15,393
2015-03-13 11:31:00,1200.15,1200.15,1200.05,1200.05,5
2015-03-13 11:32:00,1200.05,1200.05,1199.0,1199.5,31
2015-03-13 11:33:00,1199.5,1199.5,1197.55,1197.55,5
2015-03-13 11:34:00,1196.95,1196.95,1194.6,1194.6,90
2015-03-13 11:35:00,1190.3,1190.3,1190.0,1190.3,186
2015-03-13 11:36:00,1190.3,1195.95,1190.3,1195.95,138
2015-03-13 11:37:00,1195.95,1195.95,1195.95,1195.95,0
2015-03-13 11:38:00,1195.95,1196.25,1193.0,1193.0,54
2015-03-13 11:39:00,1193.0,1193.0,1193.0,1193.0,26
2015-03-13 11:40:00,1193.0,1193.0,1193.0,1193.0,18
2015-03-13 11:41:00,1192.45,1193.0,1190.0,1190.25,172
2015-03-13 11:42:00,1190.25,1190.25,1190.25,1190.25,0
2015-03-13 11:43:00,1190.05,1192.9,1190.05,1192.9,26
2015-03-13 11:44:00,1193.0,1196.3,1192.9,1196.3,94
2015-03-13 11:45:00,1196.3,1196.3,1196.3,1196.3,28
2015-03-13 11:46:00,1195.0,1195.0,1195.0,1195.0,25
2015-03-13 11:47:00,1190.55,1190.55,1190.55,1190.55,209
2015-03-13 11:48:00,1188.0,1188.0,1181.25,1181.25,299
2015-03-13 11:49:00,1184.95,1185.0,1184.95,1185.0,171
2015-03-13 11:50:00,1186.85,1194.95,1186.85,1191.4,832
2015-03-13 11:51:00,1192.5,1192.5,1190.0,1190.0,113
2015-03-13 11:52:00,1190.0,1194.0,1190.0,1194.0,20
2015-03-13 11:53:00,1194.0,1194.0,1190.2,1190.2,1
2015-03-13 11:54:00,1190.1,1194.95,1190.1,1194.95,262
2015-03-13 11:55:00,1194.95,1194.95,1194.95,1194.95,4
2015-03-13 11:56:00,1194.95,1194.95,1194.95,1194.95,0
2015-03-13 11:57:00,1187.1,1187.1,1187.1,1187.1,306
2015-03-13 11:58:00,1187.1,1187.1,1181.25,1181.25,52
2015-03-13 11:59:00,1184.4,1184.4,1184.4,1184.4,2
2015-03-13 12:00:00,1183.45,1183.45,1183.45,1183.45,5
2015-03-13 12:01:00,1183.45,1183.45,1183.45,1183.45,0
2015-03-13 12:02:00,1183.45,1184.85,1183.45,1184.85,2
2015-03-13 12:03:00,1183.0,1183.0,1183.0,1183.0,11
2015-03-13 12:04:00,1183.0,1183.0,1183.0,1183.0,1
2015-03-13 12:05:00,1183.0,1184.75,1183.0,1184.75,110
2015-03-13 12:06:00,1184.75,1184.75,1184.75,1184.75,0
2015-03-13 12:07:00,1184.75,1184.75,1183.5,1183.5,11
2015-03-13 12:08:00,1183.5,1189.95,1183.5,1189.95,289
2015-03-13 12:09:00,1187.65,1189.8,1187.65,1189.8,32
2015-03-13 12:10:00,1189.8,1189.95,1186.0,1189.95,17
2015-03-13 12:11:00,1190.9,1191.55,1190.9,1191.55,40
2015-03-13 12:12:00,1191.7,1194.05,1191.5,1191.5,48
2015-03-13 12:13:00,1191.5,1191.5,1190.95,1190.95,16
2015-03-13 12:14:00,1190.95,1191.85,1190.95,1191.85,1
2015-03-13 12:15:00,1191.85,1191.85,1191.85,1191.85,0
2015-03-13 12:16:00,1191.85,1191.85,1191.85,1191.85,0
2015-03-13 12:17:00,1191.85,1191.85,1191.85,1191.85,0
2015-03-13 12:18:00,1189.5,1189.5,1189.5,1189.5,50
2015-03-13 12:19:00,1189.5,1189.5,1189.5,1189.5,0
2015-03-13 12:20:00,1190.0,1192.0,1190.0,1192.0,109
2015-03-13 12:21:00,1192.0,1192.0,1192.0,1192.0,0
2015-03-13 12:22:00,1192.0,1195.0,1192.0,1195.0,100
2015-03-13 12:23:00,1195.0,1195.0,1195.0,1195.0,0
2015-03-13 12:24:00,1195.0,1195.0,1192.05,1192.05,1
2015-03-13 12:25:00,1199.0,1199.0,1198.95,1198.95,422
2015-03-13 12:26:00,1198.95,1199.8,1194.0,1194.0,127
2015-03-13 12:27:00,1192.05,1192.05,1192.05,1192.05,161
2015-03-13 12:28:00,1192.05,1193.7,1192.05,1193.65,68
2015-03-13 12:29:00,1193.65,1193.65,1193.65,1193.65,0
2015-03-13 12:30:00,1193.65,1193.65,1191.2,1191.2,1
2015-03-13 12:31:00,1191.2,1191.2,1191.2,1191.2,0
2015-03-13 12:32:00,1191.2,1191.2,1191.2,1191.2,0
2015-03-13 12:33:00,1191.2,1193.2,1191.2,1193.2,10
2015-03-13 12:34:00,1193.2,1193.2,1193.2,1193.2,0
2015-03-13 12:35:00,1193.3,1200.0,1193.3,1200.0,163
2015-03-13 12:36:00,1200.0,1201.75,1200.0,1201.75,26
2015-03-13 12:37:00,1201.75,1201.75,1201.75,1201.75,0
2015-03-13 12:38:00,1201.75,1201.75,1196.45,1196.45,18
2015-03-13 12:39:00,1197.05,1197.05,1197.05,1197.05,5
2015-03-13 12:40:00,1202.0,1202.0,1202.0,1202.0,50
2015-03-13 12:41:00,1202.0,1202.0,1199.05,1199.05,10
2015-03-13 12:42:00,1199.05,1203.75,1199.05,1203.75,145
2015-03-13 12:43:00,1203.75,1208.8,1203.75,1206.15,345
2015-03-13 12:44:00,1209.8,1210.05,1209.75,1210.05,386
2015-03-13 12:45:00,1211.0,1213.0,1211.0,1213.0,148
2015-03-13 12:46:00,1215.0,1215.75,1210.15,1210.15,1598
2015-03-13 12:47:00,1210.0,1210.0,1210.0,1210.0,57
2015-03-13 12:48:00,1210.0,1210.7,1210.0,1210.7,166
2015-03-13 12:49:00,1210.7,1211.25,1210.05,1210.05,1257
2015-03-13 12:50:00,1210.05,1211.95,1210.0,1211.95,405
2015-03-13 12:51:00,1210.0,1210.0,1203.7,1203.7,1212
2015-03-13 12:52:00,1203.7,1204.55,1203.7,1204.5,37
2015-03-13 12:53:00,1203.8,1205.0,1203.75,1204.85,137
2015-03-13 12:54:00,1204.85,1204.85,1204.0,1204.15,96
2015-03-13 12:55:00,1203.7,1203.7,1202.5,1203.15,80
2015-03-13 12:56:00,1203.15,1203.2,1203.15,1203.2,14
2015-03-13 12:57:00,1203.2,1203.2,1201.0,1201.0,77
2015-03-13 12:58:00,1200.9,1202.05,1200.0,1202.05,241
2015-03-13 12:59:00,1202.05,1206.0,1202.05,1206.0,116
2015-03-13 13:00:00,1202.85,1208.6,1202.85,1206.0,111
2015-03-13 13:01:00,1205.55,1209.5,1202.7,1205.2,294
2015-03-13 13:02:00,1205.2,1209.45,1205.2,1207.05,176
2015-03-13 13:03:00,1213.8,1213.8,1212.8,1212.8,102
2015-03-13 13:04:00,1212.8,1212.8,1209.0,1209.0,41
2015-03-13 13:05:00,1208.0,1208.0,1208.0,1208.0,56
2015-03-13 13:06:00,1208.0,1208.0,1206.75,1206.75,100
2015-03-13 13:07:00,1206.75,1206.75,1204.0,1205.5,36
2015-03-13 13:08:00,1205.5,1206.65,1203.05,1206.65,20
2015-03-13 13:09:00,1203.0,1203.1,1201.35,1203.05,45
2015-03-13 13:10:00,1202.4,1204.5,1199.0,1204.2,269
2015-03-13 13:11:00,1200.0,1200.0,1199.0,1199.0,56
2015-03-13 13:12:00,1198.0,1199.0,1198.0,1199.0,51
2015-03-13 13:13:00,1198.05,1199.0,1198.05,1199.0,225
2015-03-13 13:14:00,1199.0,1199.0,1198.0,1198.0,55
2015-03-13 13:15:00,1198.0,1198.0,1195.9,1195.9,62
2015-03-13 13:16:00,1195.0,1195.0,1191.2,1193.0,123
2015-03-13 13:17:00,1193.0,1193.0,1191.15,1191.15,67
2015-03-13 13:18:00,1190.0,1191.2,1189.75,1190.65,67
2015-03-13 13:19:00,1190.65,1191.2,1190.05,1191.2,47
2015-03-13 13:20:00,1185.0,1185.85,1185.0,1185.85,103
2015-03-13 13:21:00,1185.85,1193.8,1185.85,1193.5,230
2015-03-13 13:22:00,1193.5,1194.9,1193.5,1194.9,13
2015-03-13 13:23:00,1194.9,1194.9,1194.9,1194.9,0
2015-03-13 13:24:00,1188.0,1188.25,1187.6,1188.25,108
2015-03-13 13:25:00,1192.0,1192.65,1189.3,1192.65,65
2015-03-13 13:26:00,1192.65,1192.7,1192.65,1192.7,3
2015-03-13 13:27:00,1192.7,1192.7,1192.7,1192.7,0
2015-03-13 13:28:00,1189.15,1189.15,1189.15,1189.15,25
2015-03-13 13:29:00,1189.15,1189.15,1189.15,1189.15,0
2015-03-13 13:30:00,1187.95,1188.0,1187.95,1188.0,52
2015-03-13 13:31:00,1188.0,1188.0,1188.0,1188.0,1
2015-03-13 13:32:00,1187.0,1187.0,1187.0,1187.0,50
2015-03-13 13:33:00,1187.0,1189.0,1187.0,1189.0,3
2015-03-13 13:34:00,1189.0,1189.0,1189.0,1189.0,24
2015-03-13 13:35:00,1189.0,1189.0,1189.0,1189.0,0
2015-03-13 13:36:00,1189.0,1189.0,1189.0,1189.0,0
2015-03-13 13:37:00,1189.0,1189.0,1189.0,1189.0,0
2015-03-13 13:38:00,1189.0,1189.0,1189.0,1189.0,0
2015-03-13 13:39:00,1189.0,1189.0,1189.0,1189.0,0
2015-03-13 13:40:00,1189.0,1189.0,1189.0,1189.0,0
2015-03-13 13:41:00,1189.0,1189.0,1189.0,1189.0,0
2015-03-13 13:42:00,1189.0,1189.0,1189.0,1189.0,0
2015-03-13 13:43:00,1189.0,1189.0,1189.0,1189.0,0
2015-03-13 13:44:00,1191.75,1191.75,1191.75,1191.75,1
2015-03-13 13:45:00,1191.75,1191.75,1191.75,1191.75,0
2015-03-13 13:46:00,1190.0,1190.0,1190.0,1190.0,1
2015-03-13 13:47:00,1190.0,1190.0,1190.0,1190.0,5
2015-03-13 13:48:00,1190.0,1190.0,1190.0,1190.0,0
2015-03-13 13:49:00,1190.0,1190.0,1190.0,1190.0,0
2015-03-13 13:50:00,1190.0,1190.0,1190.0,1190.0,0
2015-03-13 13:51:00,1190.0,1193.45,1190.0,1193.45,3
2015-03-13 13:52:00,1193.45,1193.45,1193.45,1193.45,0
2015-03-13 13:53:00,1193.45,1193.45,1193.45,1193.45,0
2015-03-13 13:54:00,1193.45,1193.45,1193.45,1193.45,0
2015-03-13 13:55:00,1193.45,1193.55,1193.45,1193.55,58
2015-03-13 13:56:00,1193.55,1194.6,1193.55,1194.6,25
2015-03-13 13:57:00,1194.6,1194.6,1192.1,1192.1,11
2015-03-13 13:58:00,1192.1,1192.1,1192.1,1192.1,0
2015-03-13 13:59:00,1192.1,1192.1,1192.1,1192.1,0
2015-03-13 14:00:00,1192.1,1194.75,1192.1,1194.75,9
2015-03-13 14:01:00,1194.75,1194.75,1192.05,1192.05,74
2015-03-13 14:02:00,1192.05,1192.05,1188.15,1188.15,173
2015-03-13 14:03:00,1185.0,1185.0,1185.0,1185.0,153
2015-03-13 14:04:00,1184.0,1184.0,1184.0,1184.0,50
2015-03-13 14:05:00,1181.25,1182.85,1181.25,1182.75,165
2015-03-13 14:06:00,1182.75,1182.75,1181.25,1181.25,50
2015-03-13 14:07:00,1181.9,1181.9,1181.9,1181.9,103
2015-03-13 14:08:00,1181.3,1181.3,1181.3,1181.3,58
2015-03-13 14:09:00,1181.3,1183.0,1181.3,1183.0,349
2015-03-13 14:10:00,1183.0,1183.0,1183.0,1183.0,0
2015-03-13 14:11:00,1183.0,1183.0,1183.0,1183.0,155
2015-03-13 14:12:00,1183.0,1185.0,1183.0,1185.0,89
2015-03-13 14:13:00,1185.0,1185.0,1183.0,1183.0,151
2015-03-13 14:14:00,1183.0,1183.0,1183.0,1183.0,5
2015-03-13 14:15:00,1185.0,1185.0,1185.0,1185.0,1
2015-03-13 14:16:00,1186.0,1186.0,1186.0,1186.0,1
2015-03-13 14:17:00,1186.0,1186.0,1186.0,1186.0,0
2015-03-13 14:18:00,1186.0,1186.0,1186.0,1186.0,0
2015-03-13 14:19:00,1186.0,1186.0,1186.0,1186.0,0
2015-03-13 14:20:00,1184.0,1184.0,1184.0,1184.0,66
2015-03-13 14:21:00,1184.0,1184.0,1184.0,1184.0,5
2015-03-13 14:22:00,1184.0,1184.0,1184.0,1184.0,5
2015-03-13 14:23:00,1184.0,1186.05,1184.0,1186.05,48
2015-03-13 14:24:00,1184.0,1186.0,1184.0,1186.0,171
2015-03-13 14:25:00,1186.0,1186.0,1186.0,1186.0,50
2015-03-13 14:26:00,1186.0,1186.0,1186.0,1186.0,0
2015-03-13 14:27:00,1186.0,1186.0,1186.0,1186.0,10
2015-03-13 14:28:00,1184.0,1184.0,1182.0,1182.0,59
2015-03-13 14:29:00,1182.7,1182.7,1182.7,1182.7,2
2015-03-13 14:30:00,1182.7,1182.7,1182.0,1182.0,5
2015-03-13 14:31:00,1182.0,1183.0,1182.0,1183.0,28
2015-03-13 14:32:00,1183.0,1184.0,1183.0,1184.0,5
2015-03-13 14:33:00,1184.85,1184.85,1184.85,1184.85,11
2015-03-13 14:34:00,1184.9,1184.9,1184.0,1184.0,29
2015-03-13 14:35:00,1184.85,1184.85,1184.85,1184.85,15
2015-03-13 14:36:00,1184.85,1184.85,1184.85,1184.85,0
2015-03-13 14:37:00,1183.0,1186.0,1183.0,1186.0,130
2015-03-13 14:38:00,1185.95,1186.05,1185.95,1186.05,59
2015-03-13 14:39:00,1187.0,1188.0,1187.0,1188.0,18
2015-03-13 14:40:00,1188.05,1189.0,1188.05,1189.0,35
2015-03-13 14:41:00,1189.0,1189.85,1189.0,1189.85,20
2015-03-13 14:42:00,1189.75,1189.75,1189.0,1189.0,10
2015-03-13 14:43:00,1187.0,1187.0,1186.05,1186.05,60
2015-03-13 14:44:00,1188.95,1188.95,1185.0,1188.95,52
2015-03-13 14:45:00,1188.95,1188.95,1188.95,1188.95,0
2015-03-13 14:46:00,1188.95,1188.95,1188.95,1188.95,51
2015-03-13 14:47:00,1188.95,1188.95,1187.0,1187.0,5
2015-03-13 14:48:00,1187.0,1189.75,1187.0,1189.75,105
2015-03-13 14:49:00,1189.75,1190.0,1189.75,1190.0,75
2015-03-13 14:50:00,1192.0,1192.0,1190.6,1190.6,120
2015-03-13 14:51:00,1190.6,1191.0,1190.6,1191.0,50
2015-03-13 14:52:00,1191.0,1191.0,1188.15,1188.15,5
2015-03-13 14:53:00,1188.15,1189.35,1188.15,1189.35,20
2015-03-13 14:54:00,1189.5,1189.9,1189.5,1189.5,52
2015-03-13 14:55:00,1188.0,1188.0,1188.0,1188.0,23
2015-03-13 14:56:00,1186.0,1186.05,1186.0,1186.0,102
2015-03-13 14:57:00,1186.0,1186.0,1186.0,1186.0,0
2015-03-13 14:58:00,1186.0,1186.0,1186.0,1186.0,110
2015-03-13 14:59:00,1186.0,1187.7,1186.0,1187.7,636
2015-03-13 15:00:00,1191.25,1191.25,1191.25,1191.25,10
2015-03-13 15:01:00,1191.25,1191.25,1191.25,1191.25,0
2015-03-13 15:02:00,1188.0,1188.0,1188.0,1188.0,235
2015-03-13 15:03:00,1188.0,1188.0,1188.0,1188.0,0
2015-03-13 15:04:00,1188.0,1188.0,1183.05,1183.05,20
2015-03-13 15:05:00,1183.05,1183.95,1183.0,1183.0,134
2015-03-13 15:06:00,1183.0,1183.0,1183.0,1183.0,50
2015-03-13 15:07:00,1183.0,1184.05,1183.0,1184.0,120
2015-03-13 15:08:00,1184.0,1184.0,1182.0,1183.0,125
2015-03-13 15:09:00,1183.0,1183.9,1183.0,1183.9,29
2015-03-13 15:10:00,1182.05,1182.05,1182.0,1182.0,30
2015-03-13 15:11:00,1182.0,1182.0,1181.1,1181.1,102
2015-03-13 15:12:00,1181.1,1181.1,1178.0,1178.0,299
2015-03-13 15:13:00,1179.95,1179.95,1177.0,1177.0,28
2015-03-13 15:14:00,1178.0,1179.0,1178.0,1178.0,116
2015-03-13 15:15:00,1171.05,1173.0,1171.05,1173.0,511
2015-03-13 15:16:00,1170.0,1175.0,1169.95,1175.0,511
2015-03-13 15:17:00,1176.0,1176.0,1173.0,1173.0,55
2015-03-13 15:18:00,1173.0,1173.0,1173.0,1173.0,29
2015-03-13 15:19:00,1174.0,1175.0,1170.0,1170.0,309
2015-03-13 15:20:00,1170.0,1170.0,1169.55,1169.55,1061
2015-03-13 15:21:00,1172.0,1173.0,1172.0,1173.0,160
2015-03-13 15:22:00,1169.95,1169.95,1167.0,1168.9,561
2015-03-13 15:23:00,1168.9,1173.0,1168.9,1172.85,535
2015-03-13 15:24:00,1172.85,1173.75,1171.15,1173.75,16
2015-03-13 15:25:00,1171.05,1175.0,1171.05,1175.0,203
2015-03-13 15:26:00,1172.05,1175.0,1172.05,1172.15,139
2015-03-13 15:27:00,1172.15,1172.15,1171.55,1172.0,52
2015-03-13 15:28:00,1172.05,1175.0,1172.05,1175.0,228
2015-03-13 15:29:00,1170.0,1170.1,1169.95,1170.1,448
2015-03-16 09:36:00,1181.7,1184.95,1181.7,1184.95,15
2015-03-16 09:37:00,1187.0,1190.0,1187.0,1190.0,49
2015-03-16 09:38:00,1190.0,1190.0,1180.1,1180.15,51
2015-03-16 09:39:00,1180.15,1180.15,1180.15,1180.15,0
2015-03-16 09:40:00,1180.15,1180.15,1180.15,1180.15,0
2015-03-16 09:41:00,1180.15,1190.0,1180.15,1190.0,100
2015-03-16 09:42:00,1185.45,1185.45,1185.45,1185.45,4
2015-03-16 09:43:00,1185.45,1185.45,1185.45,1185.45,0
2015-03-16 09:44:00,1185.45,1185.45,1185.45,1185.45,0
2015-03-16 09:45:00,1185.45,1185.45,1185.45,1185.45,0
2015-03-16 09:46:00,1185.45,1185.55,1185.45,1185.55,10
2015-03-16 09:47:00,1185.55,1185.55,1185.55,1185.55,0
2015-03-16 09:48:00,1185.55,1189.75,1185.55,1189.75,1
2015-03-16 09:49:00,1189.75,1189.75,1185.8,1185.8,10
2015-03-16 09:50:00,1185.8,1187.05,1185.8,1187.05,1
2015-03-16 09:51:00,1187.0,1187.0,1185.55,1185.55,25
2015-03-16 09:52:00,1185.55,1185.55,1185.55,1185.55,0
2015-03-16 09:53:00,1187.2,1187.2,1187.2,1187.2,4
2015-03-16 09:54:00,1187.2,1187.2,1182.15,1182.15,26
2015-03-16 09:55:00,1182.15,1182.15,1180.0,1180.0,50
2015-03-16 09:56:00,1180.0,1180.0,1171.0,1173.6,138
2015-03-16 09:57:00,1174.3,1175.0,1174.3,1175.0,30
2015-03-16 09:58:00,1175.0,1175.8,1175.0,1175.05,10
2015-03-16 09:59:00,1175.05,1176.05,1175.05,1176.05,25
2015-03-16 10:00:00,1178.25,1178.25,1178.25,1178.25,1
2015-03-16 10:01:00,1178.25,1178.25,1178.25,1178.25,0
2015-03-16 10:02:00,1178.25,1178.25,1178.25,1178.25,0
2015-03-16 10:03:00,1178.25,1178.25,1178.25,1178.25,0
2015-03-16 10:04:00,1178.25,1178.25,1178.25,1178.25,0
2015-03-16 10:05:00,1178.25,1178.25,1178.25,1178.25,0
2015-03-16 10:06:00,1178.25,1178.25,1178.25,1178.25,0
2015-03-16 10:07:00,1178.25,1180.0,1178.25,1180.0,10
2015-03-16 10:08:00,1180.0,1200.0,1179.95,1199.3,254
2015-03-16 10:09:00,1199.3,1199.3,1197.9,1197.9,1
2015-03-16 10:10:00,1197.9,1197.9,1185.4,1187.0,55
2015-03-16 10:11:00,1188.1,1188.1,1188.1,1188.1,10
2015-03-16 10:12:00,1188.1,1188.1,1188.1,1188.1,0
2015-03-16 10:13:00,1188.1,1188.1,1188.1,1188.1,0
2015-03-16 10:14:00,1188.1,1188.1,1188.1,1188.1,0
2015-03-16 10:15:00,1188.1,1188.1,1188.1,1188.1,0
2015-03-16 10:16:00,1188.1,1188.1,1188.1,1188.1,0
2015-03-16 10:17:00,1188.1,1201.45,1188.1,1201.45,316
2015-03-16 10:18:00,1193.35,1193.35,1192.9,1192.9,27
2015-03-16 10:19:00,1192.9,1203.0,1192.9,1197.5,114
2015-03-16 10:20:00,1199.0,1200.95,1199.0,1200.75,39
2015-03-16 10:21:00,1200.75,1200.75,1199.0,1199.0,1
2015-03-16 10:22:00,1197.0,1197.0,1197.0,1197.0,10
2015-03-16 10:23:00,1197.7,1204.95,1196.2,1204.95,291
2015-03-16 10:24:00,1205.05,1205.05,1205.0,1205.0,190
2015-03-16 10:25:00,1205.0,1210.0,1205.0,1210.0,249
2015-03-16 10:26:00,1209.0,1209.0,1205.05,1205.05,27
2015-03-16 10:27:00,1205.05,1206.5,1205.05,1206.5,41
2015-03-16 10:28:00,1207.0,1208.0,1206.0,1206.0,908
2015-03-16 10:29:00,1206.0,1218.0,1198.0,1217.0,2230
2015-03-16 10:30:00,1216.5,1216.7,1211.05,1212.4,462
2015-03-16 10:31:00,1212.0,1214.1,1210.0,1210.0,732
2015-03-16 10:32:00,1210.15,1210.25,1209.0,1209.0,153
2015-03-16 10:33:00,1209.0,1216.0,1209.0,1214.0,1082
2015-03-16 10:34:00,1215.1,1221.8,1215.1,1217.9,2516
2015-03-16 10:35:00,1218.0,1218.95,1215.25,1218.0,1080
2015-03-16 10:36:00,1218.0,1218.0,1215.2,1216.0,1072
2015-03-16 10:37:00,1215.9,1220.0,1215.9,1217.5,1301
2015-03-16 10:38:00,1217.5,1219.0,1217.0,1217.0,15
2015-03-16 10:39:00,1212.0,1212.0,1192.45,1192.45,1256
2015-03-16 10:40:00,1198.9,1208.3,1198.85,1208.3,878
2015-03-16 10:41:00,1208.3,1209.0,1206.05,1208.95,250
2015-03-16 10:42:00,1208.95,1210.0,1206.1,1209.15,192
2015-03-16 10:43:00,1209.15,1209.15,1209.15,1209.15,0
2015-03-16 10:44:00,1207.0,1208.55,1205.0,1207.1,243
2015-03-16 10:45:00,1207.1,1207.1,1207.1,1207.1,58
2015-03-16 10:46:00,1207.1,1207.1,1205.05,1207.0,127
2015-03-16 10:47:00,1207.0,1207.0,1207.0,1207.0,0
2015-03-16 10:48:00,1207.0,1207.0,1207.0,1207.0,0
2015-03-16 10:49:00,1207.5,1207.5,1207.0,1207.45,286
2015-03-16 10:50:00,1207.45,1207.45,1206.05,1206.05,6
2015-03-16 10:51:00,1206.1,1206.1,1206.0,1206.0,7
2015-03-16 10:52:00,1206.0,1206.0,1205.3,1205.95,42
2015-03-16 10:53:00,1205.25,1205.25,1205.25,1205.25,11
2015-03-16 10:54:00,1206.0,1206.0,1205.0,1205.0,235
2015-03-16 10:55:00,1200.1,1200.1,1195.0,1200.05,920
2015-03-16 10:56:00,1195.85,1199.0,1195.85,1197.55,146
2015-03-16 10:57:00,1197.55,1200.35,1197.55,1200.35,46
2015-03-16 10:58:00,1200.0,1200.0,1200.0,1200.0,120
2015-03-16 10:59:00,1197.5,1197.5,1196.0,1197.5,171
2015-03-16 11:00:00,1196.0,1197.5,1196.0,1197.5,261
2015-03-16 11:01:00,1197.5,1198.65,1196.0,1198.65,164
2015-03-16 11:02:00,1198.35,1198.35,1195.0,1195.0,169
2015-03-16 11:03:00,1195.0,1195.0,1195.0,1195.0,119
2015-03-16 11:04:00,1195.0,1197.6,1195.0,1197.55,92
2015-03-16 11:05:00,1197.55,1197.55,1197.55,1197.55,10
2015-03-16 11:06:00,1199.65,1199.65,1197.55,1197.55,75
2015-03-16 11:07:00,1197.55,1197.55,1197.55,1197.55,13
2015-03-16 11:08:00,1197.55,1197.55,1197.55,1197.55,21
2015-03-16 11:09:00,1197.55,1197.55,1195.55,1195.55,21
2015-03-16 11:10:00,1195.55,1195.55,1195.55,1195.55,2
2015-03-16 11:11:00,1195.55,1196.5,1195.55,1196.5,1
2015-03-16 11:12:00,1196.5,1196.5,1194.8,1194.8,414
2015-03-16 11:13:00,1193.0,1193.75,1193.0,1193.75,42
2015-03-16 11:14:00,1193.75,1194.2,1193.75,1194.2,2
2015-03-16 11:15:00,1193.9,1195.0,1193.9,1195.0,179
2015-03-16 11:16:00,1195.0,1195.0,1194.8,1194.8,98
2015-03-16 11:17:00,1194.8,1194.8,1193.0,1193.0,25
2015-03-16 11:18:00,1193.0,1193.0,1193.0,1193.0,35
2015-03-16 11:19:00,1193.0,1193.0,1193.0,1193.0,0
2015-03-16 11:20:00,1193.0,1193.0,1193.0,1193.0,0
2015-03-16 11:21:00,1193.0,1193.0,1187.0,1190.0,352
2015-03-16 11:22:00,1190.0,1190.0,1188.05,1188.05,5
2015-03-16 11:23:00,1190.0,1190.0,1189.95,1189.95,17
2015-03-16 11:24:00,1190.0,1190.0,1190.0,1190.0,277
2015-03-16 11:25:00,1190.0,1195.4,1190.0,1195.4,36
2015-03-16 11:26:00,1191.0,1191.0,1191.0,1191.0,121
2015-03-16 11:27:00,1191.0,1191.0,1191.0,1191.0,0
2015-03-16 11:28:00,1191.0,1191.0,1191.0,1191.0,0
2015-03-16 11:29:00,1191.0,1191.0,1191.0,1191.0,0
2015-03-16 11:30:00,1191.0,1191.0,1191.0,1191.0,0
2015-03-16 11:31:00,1191.65,1191.65,1191.65,1191.65,1
2015-03-16 11:32:00,1191.65,1194.45,1191.65,1194.45,5
2015-03-16 11:33:00,1194.45,1194.45,1194.45,1194.45,0
2015-03-16 11:34:00,1194.45,1194.45,1192.1,1192.1,5
2015-03-16 11:35:00,1194.45,1194.45,1194.45,1194.45,1
2015-03-16 11:36:00,1191.65,1191.65,1191.5,1191.5,46
2015-03-16 11:37:00,1191.5,1191.5,1191.5,1191.5,0
2015-03-16 11:38:00,1191.5,1191.5,1191.5,1191.5,0
2015-03-16 11:39:00,1191.5,1191.5,1191.5,1191.5,2
2015-03-16 11:40:00,1191.1,1191.1,1191.1,1191.1,50
2015-03-16 11:41:00,1194.5,1196.0,1194.5,1196.0,32
2015-03-16 11:42:00,1193.5,1193.5,1193.5,1193.5,10
2015-03-16 11:43:00,1196.0,1196.0,1196.0,1196.0,20
2015-03-16 11:44:00,1196.0,1196.0,1196.0,1196.0,0
2015-03-16 11:45:00,1196.0,1196.0,1194.0,1194.0,53
2015-03-16 11:46:00,1194.0,1194.0,1194.0,1194.0,0
2015-03-16 11:47:00,1194.0,1194.0,1194.0,1194.0,0
2015-03-16 11:48:00,1194.0,1194.0,1194.0,1194.0,5
2015-03-16 11:49:00,1194.0,1194.0,1194.0,1194.0,0
2015-03-16 11:50:00,1194.0,1194.0,1194.0,1194.0,0
2015-03-16 11:51:00,1194.0,1194.0,1194.0,1194.0,0
2015-03-16 11:52:00,1194.0,1196.0,1194.0,1196.0,16
2015-03-16 11:53:00,1196.0,1196.0,1196.0,1196.0,7
2015-03-16 11:54:00,1196.0,1196.0,1196.0,1196.0,0
2015-03-16 11:55:00,1196.0,1196.0,1196.0,1196.0,0
2015-03-16 11:56:00,1196.0,1196.5,1193.6,1193.6,235
2015-03-16 11:57:00,1193.6,1193.6,1193.6,1193.6,0
2015-03-16 11:58:00,1193.6,1193.6,1193.6,1193.6,0
2015-03-16 11:59:00,1193.6,1193.6,1193.6,1193.6,0
2015-03-16 12:00:00,1193.6,1195.6,1193.6,1195.6,5
2015-03-16 12:01:00,1195.75,1195.75,1195.75,1195.75,100
2015-03-16 12:02:00,1195.75,1195.75,1195.75,1195.75,0
2015-03-16 12:03:00,1195.75,1195.75,1195.75,1195.75,0
2015-03-16 12:04:00,1195.75,1195.75,1195.75,1195.75,0
2015-03-16 12:05:00,1195.75,1195.75,1195.75,1195.75,0
2015-03-16 12:06:00,1195.75,1195.75,1195.75,1195.75,0
2015-03-16 12:07:00,1195.75,1195.75,1193.6,1193.6,9
2015-03-16 12:08:00,1193.6,1193.6,1193.6,1193.6,0
2015-03-16 12:09:00,1193.6,1193.6,1193.6,1193.6,0
2015-03-16 12:10:00,1193.5,1193.5,1193.5,1193.5,124
2015-03-16 12:11:00,1193.5,1194.95,1193.5,1194.95,25
2015-03-16 12:12:00,1194.95,1194.95,1194.95,1194.95,0
2015-03-16 12:13:00,1194.95,1194.95,1194.95,1194.95,0
2015-03-16 12:14:00,1194.95,1194.95,1194.95,1194.95,0
2015-03-16 12:15:00,1194.95,1194.95,1193.5,1193.5,18
2015-03-16 12:16:00,1194.75,1194.75,1193.5,1194.75,97
2015-03-16 12:17:00,1194.75,1194.8,1193.5,1193.5,60
2015-03-16 12:18:00,1193.5,1194.8,1193.5,1194.8,120
2015-03-16 12:19:00,1195.0,1195.0,1195.0,1195.0,100
2015-03-16 12:20:00,1195.0,1195.0,1193.5,1193.5,7
2015-03-16 12:21:00,1193.5,1193.5,1193.5,1193.5,0
2015-03-16 12:22:00,1193.5,1193.5,1193.5,1193.5,0
2015-03-16 12:23:00,1193.5,1193.5,1193.5,1193.5,0
2015-03-16 12:24:00,1193.5,1193.5,1193.5,1193.5,0
2015-03-16 12:25:00,1193.5,1193.5,1193.5,1193.5,0
2015-03-16 12:26:00,1193.5,1193.5,1193.5,1193.5,0
2015-03-16 12:27:00,1194.0,1194.0,1194.0,1194.0,489
2015-03-16 12:28:00,1191.85,1191.85,1191.85,1191.85,11
2015-03-16 12:29:00,1191.85,1191.85,1191.85,1191.85,0
2015-03-16 12:30:00,1191.85,1191.85,1191.8,1191.8,39
2015-03-16 12:31:00,1191.65,1191.65,1191.65,1191.65,13
2015-03-16 12:32:00,1191.65,1191.65,1191.2,1191.2,15
2015-03-16 12:33:00,1190.0,1191.65,1190.0,1191.65,85
2015-03-16 12:34:00,1191.65,1191.65,1191.65,1191.65,0
2015-03-16 12:35:00,1191.65,1191.65,1190.0,1190.0,7
2015-03-16 12:36:00,1190.0,1190.0,1189.0,1189.0,16
2015-03-16 12:37:00,1188.0,1188.0,1188.0,1188.0,12
2015-03-16 12:38:00,1188.0,1188.0,1185.2,1185.2,79
2015-03-16 12:39:00,1185.2,1186.0,1185.2,1186.0,36
2015-03-16 12:40:00,1185.15,1185.15,1185.15,1185.15,2
2015-03-16 12:41:00,1185.15,1185.15,1185.15,1185.15,0
2015-03-16 12:42:00,1185.15,1185.15,1185.15,1185.15,0
2015-03-16 12:43:00,1185.15,1185.15,1185.15,1185.15,0
2015-03-16 12:44:00,1185.15,1188.0,1185.15,1188.0,15
2015-03-16 12:45:00,1188.0,1188.0,1188.0,1188.0,0
2015-03-16 12:46:00,1185.0,1185.0,1183.7,1183.7,501
2015-03-16 12:47:00,1185.0,1185.0,1185.0,1185.0,10
2015-03-16 12:48:00,1185.0,1186.05,1185.0,1186.05,25
2015-03-16 12:49:00,1186.05,1186.05,1186.05,1186.05,0
2015-03-16 12:50:00,1186.05,1186.05,1186.05,1186.05,0
2015-03-16 12:51:00,1186.05,1186.05,1184.15,1184.15,1
2015-03-16 12:52:00,1184.15,1184.15,1184.15,1184.15,0
2015-03-16 12:53:00,1184.15,1184.15,1184.15,1184.15,0
2015-03-16 12:54:00,1184.15,1187.0,1184.15,1187.0,10
2015-03-16 12:55:00,1187.0,1187.0,1187.0,1187.0,0
2015-03-16 12:56:00,1187.0,1188.0,1187.0,1188.0,1
2015-03-16 12:57:00,1188.0,1189.0,1188.0,1189.0,1
2015-03-16 12:58:00,1189.0,1189.0,1189.0,1189.0,0
2015-03-16 12:59:00,1189.0,1189.0,1189.0,1189.0,0
2015-03-16 13:00:00,1189.0,1189.0,1189.0,1189.0,0
2015-03-16 13:01:00,1189.25,1189.95,1189.25,1189.95,474
2015-03-16 13:02:00,1189.95,1189.95,1189.95,1189.95,0
2015-03-16 13:03:00,1189.95,1189.95,1189.95,1189.95,0
2015-03-16 13:04:00,1190.05,1190.05,1190.05,1190.05,5
2015-03-16 13:05:00,1190.05,1190.05,1190.05,1190.05,0
2015-03-16 13:06:00,1190.05,1190.05,1190.0,1190.0,19
2015-03-16 13:07:00,1190.0,1190.0,1190.0,1190.0,0
2015-03-16 13:08:00,1190.0,1190.0,1190.0,1190.0,5
2015-03-16 13:09:00,1191.5,1191.5,1191.5,1191.5,5
2015-03-16 13:10:00,1191.5,1191.5,1191.5,1191.5,0
2015-03-16 13:11:00,1191.0,1191.0,1191.0,1191.0,3
2015-03-16 13:12:00,1191.0,1191.1,1191.0,1191.1,5
2015-03-16 13:13:00,1191.1,1191.1,1191.1,1191.1,0
2015-03-16 13:14:00,1192.0,1192.0,1192.0,1192.0,1
2015-03-16 13:15:00,1194.05,1194.05,1194.0,1194.0,18
2015-03-16 13:16:00,1194.0,1194.0,1193.75,1193.75,32
2015-03-16 13:17:00,1193.75,1193.75,1193.75,1193.75,0
2015-03-16 13:18:00,1194.0,1194.0,1194.0,1194.0,0
2015-03-16 13:19:00,1193.8,1193.8,1193.8,1193.8,6
2015-03-16 13:20:00,1193.8,1193.8,1193.8,1193.8,0
2015-03-16 13:21:00,1193.8,1193.8,1193.8,1193.8,3
2015-03-16 13:22:00,1193.8,1193.8,1193.75,1193.75,40
2015-03-16 13:23:00,1193.75,1193.75,1193.5,1193.5,73
2015-03-16 13:24:00,1193.0,1193.0,1193.0,1193.0,20
2015-03-16 13:25:00,1192.0,1192.0,1192.0,1192.0,4
2015-03-16 13:26:00,1194.0,1194.0,1194.0,1194.0,26
2015-03-16 13:27:00,1194.0,1194.0,1194.0,1194.0,0
2015-03-16 13:28:00,1190.05,1190.05,1190.05,1190.05,95
2015-03-16 13:29:00,1190.05,1190.05,1190.05,1190.05,0
2015-03-16 13:30:00,1190.05,1190.05,1190.05,1190.05,0
2015-03-16 13:31:00,1190.05,1194.0,1190.05,1194.0,1
2015-03-16 13:32:00,1194.0,1194.0,1194.0,1194.0,0
2015-03-16 13:33:00,1194.0,1194.0,1194.0,1194.0,0
2015-03-16 13:34:00,1194.0,1194.0,1194.0,1194.0,0
2015-03-16 13:35:00,1194.0,1194.0,1194.0,1194.0,0
2015-03-16 13:36:00,1192.05,1192.05,1192.05,1192.05,10
2015-03-16 13:37:00,1194.0,1194.1,1194.0,1194.1,65
2015-03-16 13:38:00,1194.1,1194.1,1194.1,1194.1,0
2015-03-16 13:39:00,1194.0,1194.0,1194.0,1194.0,5
2015-03-16 13:40:00,1194.0,1194.0,1194.0,1194.0,0
2015-03-16 13:41:00,1194.0,1194.0,1194.0,1194.0,0
2015-03-16 13:42:00,1192.3,1192.3,1192.3,1192.3,21
2015-03-16 13:43:00,1192.3,1192.3,1192.3,1192.3,0
2015-03-16 13:44:00,1192.3,1192.3,1192.3,1192.3,0
2015-03-16 13:45:00,1192.3,1192.3,1192.3,1192.3,0
2015-03-16 13:46:00,1192.3,1192.3,1192.25,1192.25,5
2015-03-16 13:47:00,1192.25,1192.25,1192.25,1192.25,0
2015-03-16 13:48:00,1192.25,1192.25,1192.25,1192.25,0
2015-03-16 13:49:00,1192.25,1192.25,1192.0,1192.05,11
2015-03-16 13:50:00,1192.05,1192.05,1192.05,1192.05,0
2015-03-16 13:51:00,1192.05,1194.0,1192.05,1194.0,112
2015-03-16 13:52:00,1194.0,1194.95,1194.0,1194.95,30
2015-03-16 13:53:00,1194.95,1194.95,1194.95,1194.95,0
2015-03-16 13:54:00,1194.95,1195.0,1194.95,1195.0,20
2015-03-16 13:55:00,1195.0,1195.0,1195.0,1195.0,0
2015-03-16 13:56:00,1195.0,1195.0,1195.0,1195.0,3
2015-03-16 13:57:00,1194.0,1194.0,1194.0,1194.0,25
2015-03-16 13:58:00,1194.0,1194.0,1194.0,1194.0,0
2015-03-16 13:59:00,1194.0,1194.0,1194.0,1194.0,0
2015-03-16 14:00:00,1194.0,1194.0,1194.0,1194.0,4
2015-03-16 14:01:00,1194.0,1194.0,1194.0,1194.0,0
2015-03-16 14:02:00,1194.0,1194.0,1194.0,1194.0,2
2015-03-16 14:03:00,1194.0,1194.0,1192.25,1192.25,86
2015-03-16 14:04:00,1192.25,1192.25,1192.25,1192.25,0
2015-03-16 14:05:00,1192.25,1192.25,1192.25,1192.25,0
2015-03-16 14:06:00,1192.25,1192.25,1192.25,1192.25,0
2015-03-16 14:07:00,1193.95,1193.95,1191.05,1191.05,6
2015-03-16 14:08:00,1191.05,1191.05,1191.05,1191.05,0
2015-03-16 14:09:00,1191.05,1191.05,1190.1,1190.1,44
2015-03-16 14:10:00,1190.1,1190.9,1190.1,1190.9,2
2015-03-16 14:11:00,1190.9,1190.9,1190.9,1190.9,0
2015-03-16 14:12:00,1190.1,1190.1,1190.1,1190.1,0
2015-03-16 14:13:00,1190.1,1190.1,1190.1,1190.1,120
2015-03-16 14:14:00,1190.1,1190.1,1190.1,1190.1,0
2015-03-16 14:15:00,1190.1,1190.1,1190.1,1190.1,0
2015-03-16 14:16:00,1190.1,1190.1,1190.1,1190.1,0
2015-03-16 14:17:00,1190.15,1190.15,1190.15,1190.15,39
2015-03-16 14:18:00,1190.15,1190.15,1190.1,1190.1,25
2015-03-16 14:19:00,1190.1,1190.1,1190.1,1190.1,0
2015-03-16 14:20:00,1190.1,1190.1,1190.1,1190.1,0
2015-03-16 14:21:00,1190.1,1190.1,1190.1,1190.1,0
2015-03-16 14:22:00,1190.1,1192.0,1190.1,1192.0,76
2015-03-16 14:23:00,1192.0,1193.0,1192.0,1192.9,110
2015-03-16 14:24:00,1192.9,1192.9,1192.9,1192.9,0
2015-03-16 14:25:00,1192.9,1192.9,1192.9,1192.9,0
2015-03-16 14:26:00,1192.9,1192.9,1192.9,1192.9,0
2015-03-16 14:27:00,1192.9,1192.9,1192.9,1192.9,0
2015-03-16 14:28:00,1192.9,1192.9,1192.9,1192.9,0
2015-03-16 14:29:00,1192.9,1192.9,1192.9,1192.9,0
2015-03-16 14:30:00,1192.9,1192.9,1192.9,1192.9,0
2015-03-16 14:31:00,1192.9,1192.9,1192.9,1192.9,0
2015-03-16 14:32:00,1192.9,1192.9,1192.9,1192.9,0
2015-03-16 14:33:00,1192.9,1192.9,1192.9,1192.9,0
2015-03-16 14:34:00,1192.9,1192.9,1192.9,1192.9,0
2015-03-16 14:35:00,1192.9,1192.9,1191.05,1191.05,7
2015-03-16 14:36:00,1191.05,1191.05,1191.05,1191.05,0
2015-03-16 14:37:00,1191.05,1192.2,1190.15,1192.2,188
2015-03-16 14:38:00,1192.2,1192.25,1192.2,1192.25,10
2015-03-16 14:39:00,1192.25,1192.25,1192.2,1192.2,20
2015-03-16 14:40:00,1192.2,1192.2,1192.2,1192.2,0
2015-03-16 14:41:00,1192.2,1192.2,1192.2,1192.2,0
2015-03-16 14:42:00,1194.0,1194.0,1194.0,1194.0,105
2015-03-16 14:43:00,1194.75,1194.75,1194.75,1194.75,51
2015-03-16 14:44:00,1194.75,1194.75,1194.75,1194.75,0
2015-03-16 14:45:00,1194.75,1194.75,1194.75,1194.75,0
2015-03-16 14:46:00,1194.75,1194.75,1194.75,1194.75,0
2015-03-16 14:47:00,1193.15,1193.15,1193.15,1193.15,20
2015-03-16 14:48:00,1193.15,1193.15,1193.15,1193.15,10
2015-03-16 14:49:00,1193.15,1193.55,1193.15,1193.55,25
2015-03-16 14:50:00,1193.55,1193.55,1193.55,1193.55,40
2015-03-16 14:51:00,1193.55,1193.55,1193.55,1193.55,15
2015-03-16 14:52:00,1193.55,1193.55,1193.55,1193.55,0
2015-03-16 14:53:00,1193.4,1193.75,1193.4,1193.65,86
2015-03-16 14:54:00,1193.65,1193.65,1193.15,1193.15,57
2015-03-16 14:55:00,1192.3,1192.3,1192.3,1192.3,12
2015-03-16 14:56:00,1192.3,1193.0,1192.3,1193.0,10
2015-03-16 14:57:00,1193.0,1193.0,1193.0,1193.0,0
2015-03-16 14:58:00,1193.0,1193.0,1193.0,1193.0,0
2015-03-16 14:59:00,1192.75,1192.75,1192.3,1192.3,104
2015-03-16 15:00:00,1190.15,1190.6,1190.1,1190.6,86
2015-03-16 15:01:00,1188.0,1188.0,1184.5,1184.5,192
2015-03-16 15:02:00,1182.5,1185.0,1182.5,1185.0,181
2015-03-16 15:03:00,1185.0,1185.0,1181.0,1181.0,57
2015-03-16 15:04:00,1180.1,1180.1,1162.25,1163.0,960
2015-03-16 15:05:00,1163.0,1165.0,1157.0,1164.0,605
2015-03-16 15:06:00,1165.0,1168.95,1165.0,1168.95,681
2015-03-16 15:07:00,1165.25,1168.05,1165.25,1168.05,39
2015-03-16 15:08:00,1168.05,1173.0,1168.05,1172.0,408
2015-03-16 15:09:00,1172.0,1174.7,1172.0,1174.0,232
2015-03-16 15:10:00,1174.0,1175.0,1174.0,1175.0,54
2015-03-16 15:11:00,1174.0,1174.8,1174.0,1174.0,69
2015-03-16 15:12:00,1174.0,1174.0,1172.95,1172.95,63
2015-03-16 15:13:00,1172.2,1174.0,1172.2,1172.3,41
2015-03-16 15:14:00,1172.3,1174.0,1172.2,1173.9,257
2015-03-16 15:15:00,1173.9,1173.9,1171.45,1171.45,107
2015-03-16 15:16:00,1171.45,1173.35,1171.0,1171.0,286
2015-03-16 15:17:00,1173.45,1173.45,1173.45,1173.45,2
2015-03-16 15:18:00,1173.25,1174.0,1170.1,1174.0,226
2015-03-16 15:19:00,1172.55,1172.85,1170.2,1170.2,156
2015-03-16 15:20:00,1170.05,1175.0,1170.05,1175.0,309
2015-03-16 15:21:00,1175.0,1175.0,1175.0,1175.0,105
2015-03-16 15:22:00,1175.0,1175.0,1175.0,1175.0,0
2015-03-16 15:23:00,1175.95,1178.0,1175.95,1178.0,128
2015-03-16 15:24:00,1178.0,1178.0,1178.0,1178.0,9
2015-03-16 15:25:00,1178.0,1178.0,1175.0,1175.0,372
2015-03-16 15:26:00,1176.5,1180.0,1176.5,1180.0,435
2015-03-16 15:27:00,1180.05,1181.8,1180.0,1180.0,305
2015-03-16 15:28:00,1183.0,1183.0,1180.0,1182.0,238
2015-03-16 15:29:00,1185.0,1189.0,1180.0,1184.9,709
2015-03-17 09:15:00,1194.0,1194.0,1181.55,1181.55,31
2015-03-17 09:16:00,1181.55,1181.55,1180.0,1180.0,80
2015-03-17 09:17:00,1183.85,1183.85,1183.85,1183.85,145
2015-03-17 09:18:00,1183.85,1183.85,1181.35,1181.35,20
2015-03-17 09:19:00,1180.0,1180.0,1179.0,1179.0,35
2015-03-17 09:20:00,1179.0,1180.1,1179.0,1180.05,265
2015-03-17 09:21:00,1179.9,1179.9,1176.6,1176.6,19
2015-03-17 09:22:00,1176.6,1178.9,1176.6,1178.9,76
2015-03-17 09:23:00,1180.0,1180.0,1180.0,1180.0,137
2015-03-17 09:24:00,1180.0,1180.05,1180.0,1180.0,128
2015-03-17 09:25:00,1180.0,1180.05,1180.0,1180.05,17
2015-03-17 09:26:00,1180.05,1182.95,1180.05,1182.95,61
2015-03-17 09:27:00,1182.95,1182.95,1182.95,1182.95,1
2015-03-17 09:28:00,1182.95,1185.3,1182.95,1185.3,134
2015-03-17 09:29:00,1185.3,1185.3,1185.3,1185.3,0
2015-03-17 09:30:00,1183.1,1183.1,1183.1,1183.1,2
2015-03-17 09:31:00,1181.7,1181.7,1181.05,1181.7,212
2015-03-17 09:32:00,1181.7,1181.7,1181.7,1181.7,0
2015-03-17 09:33:00,1183.95,1183.95,1183.95,1183.95,25
2015-03-17 09:34:00,1184.0,1184.0,1184.0,1184.0,26
2015-03-17 09:35:00,1184.0,1184.0,1184.0,1184.0,0
2015-03-17 09:36:00,1184.0,1184.0,1184.0,1184.0,0
2015-03-17 09:37:00,1184.0,1184.0,1184.0,1184.0,0
2015-03-17 09:38:00,1184.0,1184.0,1184.0,1184.0,0
2015-03-17 09:39:00,1196.65,1196.65,1181.2,1181.2,255
2015-03-17 09:40:00,1181.15,1181.15,1181.1,1181.1,7
2015-03-17 09:41:00,1181.1,1181.1,1181.1,1181.1,0
2015-03-17 09:42:00,1184.0,1186.3,1184.0,1186.3,152
2015-03-17 09:43:00,1180.05,1181.1,1180.0,1181.1,168
2015-03-17 09:44:00,1181.85,1181.85,1181.85,1181.85,1
2015-03-17 09:45:00,1180.0,1180.0,1180.0,1180.0,109
2015-03-17 09:46:00,1181.25,1181.25,1181.25,1181.25,18
2015-03-17 09:47:00,1181.25,1186.0,1181.25,1186.0,15
2015-03-17 09:48:00,1186.0,1186.0,1186.0,1186.0,0
2015-03-17 09:49:00,1186.0,1186.0,1186.0,1186.0,0
2015-03-17 09:50:00,1186.0,1186.0,1186.0,1186.0,0
2015-03-17 09:51:00,1184.85,1184.85,1184.85,1184.85,30
2015-03-17 09:52:00,1184.85,1185.05,1184.85,1185.05,16
2015-03-17 09:53:00,1185.05,1185.05,1184.9,1184.9,1
2015-03-17 09:54:00,1184.9,1184.9,1184.9,1184.9,0
2015-03-17 09:55:00,1185.1,1188.0,1185.1,1188.0,67
2015-03-17 09:56:00,1188.2,1188.2,1188.2,1188.2,6
2015-03-17 09:57:00,1188.25,1191.0,1188.25,1191.0,50
2015-03-17 09:58:00,1192.75,1198.9,1192.75,1197.25,74
2015-03-17 09:59:00,1202.95,1202.95,1200.0,1201.9,1433
2015-03-17 10:00:00,1201.9,1201.9,1195.65,1198.0,660
2015-03-17 10:01:00,1198.0,1198.0,1195.2,1195.2,32
2015-03-17 10:02:00,1195.2,1195.2,1191.45,1195.0,104
2015-03-17 10:03:00,1195.0,1195.25,1195.0,1195.25,74
2015-03-17 10:04:00,1196.0,1196.0,1196.0,1196.0,4
2015-03-17 10:05:00,1199.0,1199.0,1190.0,1190.0,265
2015-03-17 10:06:00,1190.0,1190.0,1190.0,1190.0,0
2015-03-17 10:07:00,1190.0,1190.7,1190.0,1190.7,28
2015-03-17 10:08:00,1190.7,1191.0,1190.7,1191.0,15
2015-03-17 10:09:00,1191.0,1191.0,1191.0,1191.0,0
2015-03-17 10:10:00,1192.8,1192.8,1190.15,1190.15,123
2015-03-17 10:11:00,1189.7,1189.7,1187.55,1187.55,11
2015-03-17 10:12:00,1187.55,1187.55,1187.55,1187.55,0
2015-03-17 10:13:00,1187.55,1187.55,1187.55,1187.55,0
2015-03-17 10:14:00,1190.2,1191.0,1190.2,1191.0,68
2015-03-17 10:15:00,1194.0,1197.95,1194.0,1197.95,45
2015-03-17 10:16:00,1197.95,1197.95,1190.0,1190.0,42
2015-03-17 10:17:00,1190.0,1190.0,1190.0,1190.0,150
2015-03-17 10:18:00,1190.0,1190.0,1186.0,1186.1,56
2015-03-17 10:19:00,1185.0,1185.0,1180.0,1180.0,17
2015-03-17 10:20:00,1180.0,1182.0,1180.0,1180.15,40
2015-03-17 10:21:00,1180.15,1182.55,1180.15,1182.55,48
2015-03-17 10:22:00,1186.1,1189.95,1186.1,1189.95,34
2015-03-17 10:23:00,1189.95,1189.95,1186.25,1186.25,2
2015-03-17 10:24:00,1186.25,1186.25,1186.25,1186.25,0
2015-03-17 10:25:00,1186.25,1186.25,1186.25,1186.25,0
2015-03-17 10:26:00,1186.25,1186.7,1186.25,1186.7,14
2015-03-17 10:27:00,1183.1,1183.1,1181.1,1181.1,37
2015-03-17 10:28:00,1181.1,1181.1,1181.1,1181.1,0
2015-03-17 10:29:00,1184.15,1184.85,1184.15,1184.85,17
2015-03-17 10:30:00,1184.75,1185.0,1181.15,1181.15,603
2015-03-17 10:31:00,1181.15,1181.15,1181.15,1181.15,0
2015-03-17 10:32:00,1181.1,1183.45,1181.0,1181.0,158
2015-03-17 10:33:00,1180.35,1180.35,1180.0,1180.0,116
2015-03-17 10:34:00,1180.0,1180.0,1180.0,1180.0,0
2015-03-17 10:35:00,1180.95,1180.95,1180.95,1180.95,20
2015-03-17 10:36:00,1180.95,1180.95,1180.95,1180.95,0
2015-03-17 10:37:00,1181.0,1181.0,1181.0,1181.0,20
2015-03-17 10:38:00,1181.0,1181.0,1180.5,1180.5,15
2015-03-17 10:39:00,1180.5,1180.7,1180.5,1180.7,62
2015-03-17 10:40:00,1180.7,1180.7,1180.7,1180.7,0
2015-03-17 10:41:00,1180.45,1180.45,1180.45,1180.45,33
2015-03-17 10:42:00,1180.3,1180.45,1180.3,1180.45,29
2015-03-17 10:43:00,1180.45,1180.45,1180.45,1180.45,0
2015-03-17 10:44:00,1180.45,1180.45,1178.05,1179.7,46
2015-03-17 10:45:00,1179.7,1179.7,1179.7,1179.7,0
2015-03-17 10:46:00,1179.7,1179.7,1178.05,1179.5,42
2015-03-17 10:47:00,1179.55,1179.65,1179.4,1179.65,17
2015-03-17 10:48:00,1179.65,1179.65,1179.65,1179.65,0
2015-03-17 10:49:00,1179.65,1179.65,1179.65,1179.65,0
2015-03-17 10:50:00,1179.65,1179.65,1179.65,1179.65,0
2015-03-17 10:51:00,1179.65,1179.65,1179.65,1179.65,0
2015-03-17 10:52:00,1179.65,1179.65,1179.65,1179.65,0
2015-03-17 10:53:00,1179.65,1179.65,1179.65,1179.65,0
2015-03-17 10:54:00,1179.65,1179.65,1179.65,1179.65,0
2015-03-17 10:55:00,1179.65,1180.0,1179.65,1180.0,10
2015-03-17 10:56:00,1180.0,1180.7,1180.0,1180.7,2
2015-03-17 10:57:00,1180.7,1180.7,1180.7,1180.7,0
2015-03-17 10:58:00,1180.7,1180.7,1180.7,1180.7,5
2015-03-17 10:59:00,1180.7,1182.6,1180.7,1182.6,15
2015-03-17 11:00:00,1182.6,1182.6,1182.6,1182.6,0
2015-03-17 11:01:00,1182.6,1182.6,1182.6,1182.6,0
2015-03-17 11:02:00,1182.6,1182.6,1182.6,1182.6,0
2015-03-17 11:03:00,1182.6,1182.6,1182.6,1182.6,0
2015-03-17 11:04:00,1182.6,1182.6,1182.6,1182.6,0
2015-03-17 11:05:00,1182.6,1182.6,1182.6,1182.6,0
2015-03-17 11:06:00,1181.8,1181.8,1181.05,1181.05,215
2015-03-17 11:07:00,1181.05,1181.55,1181.05,1181.55,21
2015-03-17 11:08:00,1181.6,1181.6,1181.6,1181.6,5
2015-03-17 11:09:00,1181.6,1183.0,1181.6,1183.0,39
2015-03-17 11:10:00,1183.0,1183.0,1183.0,1183.0,0
2015-03-17 11:11:00,1183.0,1183.0,1183.0,1183.0,0
2015-03-17 11:12:00,1183.0,1183.0,1183.0,1183.0,0
2015-03-17 11:13:00,1183.0,1183.0,1183.0,1183.0,0
2015-03-17 11:14:00,1183.0,1183.0,1183.0,1183.0,0
2015-03-17 11:15:00,1183.0,1183.0,1183.0,1183.0,0
2015-03-17 11:16:00,1183.0,1184.0,1183.0,1184.0,35
2015-03-17 11:17:00,1184.7,1184.7,1184.7,1184.7,45
2015-03-17 11:18:00,1184.7,1184.7,1183.0,1183.0,2
2015-03-17 11:19:00,1183.0,1183.0,1181.75,1181.75,25
2015-03-17 11:20:00,1181.75,1181.75,1181.75,1181.75,0
2015-03-17 11:21:00,1181.75,1181.75,1181.75,1181.75,0
2015-03-17 11:22:00,1181.75,1181.75,1181.75,1181.75,0
2015-03-17 11:23:00,1181.75,1181.75,1180.75,1180.75,10
2015-03-17 11:24:00,1180.75,1180.75,1180.0,1180.0,20
2015-03-17 11:25:00,1180.0,1180.0,1180.0,1180.0,0
2015-03-17 11:26:00,1180.0,1180.0,1180.0,1180.0,0
2015-03-17 11:27:00,1180.95,1184.05,1180.95,1183.45,80
2015-03-17 11:28:00,1183.45,1183.45,1183.45,1183.45,0
2015-03-17 11:29:00,1183.45,1183.45,1183.45,1183.45,0
2015-03-17 11:30:00,1183.45,1183.45,1183.45,1183.45,0
2015-03-17 11:31:00,1180.85,1180.85,1180.85,1180.85,2
2015-03-17 11:32:00,1180.85,1180.85,1180.85,1180.85,0
2015-03-17 11:33:00,1180.85,1180.85,1180.85,1180.85,0
2015-03-17 11:34:00,1180.85,1180.85,1180.85,1180.85,0
2015-03-17 11:35:00,1181.1,1181.1,1181.1,1181.1,11
2015-03-17 11:36:00,1181.1,1181.1,1181.1,1181.1,0
2015-03-17 11:37:00,1181.1,1181.1,1181.1,1181.1,0
2015-03-17 11:38:00,1181.1,1181.1,1181.1,1181.1,0
2015-03-17 11:39:00,1181.1,1181.1,1181.1,1181.1,0
2015-03-17 11:40:00,1181.1,1181.1,1181.1,1181.1,0
2015-03-17 11:41:00,1181.1,1181.1,1181.1,1181.1,0
2015-03-17 11:42:00,1181.1,1181.25,1181.1,1181.25,1
2015-03-17 11:43:00,1181.25,1181.25,1181.25,1181.25,0
2015-03-17 11:44:00,1181.25,1181.25,1181.25,1181.25,0
2015-03-17 11:45:00,1181.25,1181.25,1181.25,1181.25,0
2015-03-17 11:46:00,1181.25,1181.25,1181.25,1181.25,0
2015-03-17 11:47:00,1181.25,1181.25,1181.25,1181.25,1
2015-03-17 11:48:00,1181.25,1181.45,1181.25,1181.45,1
2015-03-17 11:49:00,1181.45,1181.45,1181.25,1181.25,2
2015-03-17 11:50:00,1180.05,1181.5,1180.05,1181.5,58
2015-03-17 11:51:00,1181.5,1181.5,1181.5,1181.5,0
2015-03-17 11:52:00,1181.5,1181.5,1181.5,1181.5,0
2015-03-17 11:53:00,1181.5,1181.5,1181.5,1181.5,0
2015-03-17 11:54:00,1181.5,1181.5,1181.5,1181.5,0
2015-03-17 11:55:00,1181.5,1181.5,1181.5,1181.5,0
2015-03-17 11:56:00,1181.5,1181.5,1181.5,1181.5,0
2015-03-17 11:57:00,1181.5,1181.5,1181.5,1181.5,0
2015-03-17 11:58:00,1181.5,1181.5,1181.5,1181.5,0
2015-03-17 11:59:00,1180.0,1180.0,1180.0,1180.0,25
2015-03-17 12:00:00,1180.0,1180.0,1180.0,1180.0,0
2015-03-17 12:01:00,1181.5,1181.5,1181.5,1181.5,6
2015-03-17 12:02:00,1177.0,1177.0,1176.4,1176.4,72
2015-03-17 12:03:00,1172.6,1172.6,1170.0,1170.0,128
2015-03-17 12:04:00,1170.0,1172.1,1170.0,1172.1,52
2015-03-17 12:05:00,1172.1,1172.1,1168.0,1168.0,73
2015-03-17 12:06:00,1168.0,1168.0,1166.9,1166.9,73
2015-03-17 12:07:00,1166.9,1166.9,1166.8,1166.8,33
2015-03-17 12:08:00,1166.8,1166.8,1166.8,1166.8,0
2015-03-17 12:09:00,1166.8,1166.8,1166.8,1166.8,0
2015-03-17 12:10:00,1166.8,1168.95,1166.8,1168.95,18
2015-03-17 12:11:00,1169.95,1169.95,1169.15,1169.15,17
2015-03-17 12:12:00,1169.15,1169.15,1169.15,1169.15,0
2015-03-17 12:13:00,1170.0,1170.1,1170.0,1170.1,64
2015-03-17 12:14:00,1170.1,1172.65,1170.1,1172.65,41
2015-03-17 12:15:00,1172.65,1175.0,1172.65,1175.0,51
2015-03-17 12:16:00,1175.0,1175.05,1175.0,1175.0,98
2015-03-17 12:17:00,1175.05,1175.05,1175.05,1175.05,3
2015-03-17 12:18:00,1175.05,1175.1,1175.05,1175.1,39
2015-03-17 12:19:00,1175.1,1175.1,1175.1,1175.1,0
2015-03-17 12:20:00,1175.1,1176.5,1175.1,1176.5,1
2015-03-17 12:21:00,1176.5,1176.5,1176.5,1176.5,0
2015-03-17 12:22:00,1176.5,1177.75,1176.5,1177.65,106
2015-03-17 12:23:00,1177.7,1177.7,1177.7,1177.7,43
2015-03-17 12:24:00,1177.7,1177.7,1177.7,1177.7,0
2015-03-17 12:25:00,1180.0,1180.0,1177.65,1177.65,166
2015-03-17 12:26:00,1177.65,1177.65,1177.65,1177.65,0
2015-03-17 12:27:00,1177.65,1177.65,1177.65,1177.65,0
2015-03-17 12:28:00,1179.05,1179.05,1179.05,1179.05,12
2015-03-17 12:29:00,1179.05,1179.05,1179.05,1179.05,0
2015-03-17 12:30:00,1179.05,1179.05,1179.05,1179.05,0
2015-03-17 12:31:00,1179.05,1179.05,1179.05,1179.05,0
2015-03-17 12:32:00,1179.05,1179.05,1179.05,1179.05,0
2015-03-17 12:33:00,1179.05,1179.05,1179.05,1179.05,0
2015-03-17 12:34:00,1179.05,1179.05,1179.05,1179.05,0
2015-03-17 12:35:00,1177.65,1177.65,1177.65,1177.65,603
2015-03-17 12:36:00,1177.65,1177.65,1177.65,1177.65,62
2015-03-17 12:37:00,1177.65,1177.65,1177.65,1177.65,31
2015-03-17 12:38:00,1177.65,1177.65,1177.65,1177.65,20
2015-03-17 12:39:00,1177.65,1177.65,1177.65,1177.65,0
2015-03-17 12:40:00,1177.65,1177.65,1177.65,1177.65,15
2015-03-17 12:41:00,1177.65,1177.65,1177.65,1177.65,0
2015-03-17 12:42:00,1177.65,1177.65,1177.65,1177.65,0
2015-03-17 12:43:00,1177.65,1177.65,1177.65,1177.65,0
2015-03-17 12:44:00,1177.65,1177.65,1177.65,1177.65,0
2015-03-17 12:45:00,1177.65,1177.65,1177.65,1177.65,0
2015-03-17 12:46:00,1177.65,1177.65,1177.65,1177.65,0
2015-03-17 12:47:00,1177.65,1177.65,1177.65,1177.65,6
2015-03-17 12:48:00,1177.65,1177.65,1177.65,1177.65,0
2015-03-17 12:49:00,1177.65,1177.65,1177.65,1177.65,0
2015-03-17 12:50:00,1178.35,1178.35,1178.35,1178.35,15
2015-03-17 12:51:00,1178.35,1178.35,1178.35,1178.35,0
2015-03-17 12:52:00,1177.65,1177.65,1177.65,1177.65,1
2015-03-17 12:53:00,1177.65,1177.65,1177.65,1177.65,0
2015-03-17 12:54:00,1177.65,1177.65,1177.65,1177.65,0
2015-03-17 12:55:00,1177.65,1177.65,1177.65,1177.65,0
2015-03-17 12:56:00,1178.0,1178.0,1177.65,1177.65,44
2015-03-17 12:57:00,1178.75,1178.75,1178.75,1178.75,2
2015-03-17 12:58:00,1178.75,1178.75,1178.75,1178.75,0
2015-03-17 12:59:00,1178.75,1178.75,1178.75,1178.75,0
2015-03-17 13:00:00,1178.75,1178.75,1178.75,1178.75,0
2015-03-17 13:01:00,1177.65,1177.65,1177.65,1177.65,71
2015-03-17 13:02:00,1177.65,1177.65,1177.65,1177.65,0
2015-03-17 13:03:00,1177.65,1177.65,1177.65,1177.65,0
2015-03-17 13:04:00,1177.65,1177.65,1174.95,1174.95,11
2015-03-17 13:05:00,1174.95,1174.95,1174.95,1174.95,0
2015-03-17 13:06:00,1174.95,1174.95,1174.95,1174.95,0
2015-03-17 13:07:00,1174.95,1174.95,1174.95,1174.95,0
2015-03-17 13:08:00,1174.95,1174.95,1173.6,1173.6,3
2015-03-17 13:09:00,1173.6,1173.6,1173.6,1173.6,0
2015-03-17 13:10:00,1173.55,1173.55,1173.55,1173.55,1
2015-03-17 13:11:00,1173.55,1173.55,1173.55,1173.55,0
2015-03-17 13:12:00,1172.55,1172.55,1172.55,1172.55,22
2015-03-17 13:13:00,1172.55,1172.55,1172.55,1172.55,0
2015-03-17 13:14:00,1173.6,1173.6,1173.6,1173.6,0
2015-03-17 13:15:00,1172.5,1172.5,1171.3,1171.3,10
2015-03-17 13:16:00,1171.3,1171.3,1171.3,1171.3,20
2015-03-17 13:17:00,1171.3,1171.3,1171.3,1171.3,0
2015-03-17 13:18:00,1171.3,1171.3,1171.3,1171.3,0
2015-03-17 13:19:00,1171.3,1171.3,1171.3,1171.3,0
2015-03-17 13:20:00,1171.3,1171.3,1171.3,1171.3,0
2015-03-17 13:21:00,1171.3,1171.3,1171.3,1171.3,0
2015-03-17 13:22:00,1172.65,1172.65,1172.65,1172.65,8
2015-03-17 13:23:00,1174.0,1174.2,1174.0,1174.2,18
2015-03-17 13:24:00,1174.2,1174.2,1174.2,1174.2,0
2015-03-17 13:25:00,1174.2,1174.2,1174.2,1174.2,0
2015-03-17 13:26:00,1174.2,1174.2,1174.2,1174.2,0
2015-03-17 13:27:00,1174.2,1174.2,1174.2,1174.2,0
2015-03-17 13:28:00,1174.2,1174.2,1174.2,1174.2,0
2015-03-17 13:29:00,1174.2,1174.2,1174.2,1174.2,0
2015-03-17 13:30:00,1174.95,1179.5,1174.95,1179.5,16
2015-03-17 13:31:00,1179.5,1179.5,1179.5,1179.5,0
2015-03-17 13:32:00,1177.0,1177.0,1177.0,1177.0,1
2015-03-17 13:33:00,1177.0,1177.0,1177.0,1177.0,0
2015-03-17 13:34:00,1177.0,1177.0,1177.0,1177.0,0
2015-03-17 13:35:00,1177.0,1177.0,1177.0,1177.0,0
2015-03-17 13:36:00,1177.0,1177.0,1177.0,1177.0,0
2015-03-17 13:37:00,1178.9,1179.0,1178.9,1179.0,7
2015-03-17 13:38:00,1179.5,1179.5,1179.5,1179.5,3
2015-03-17 13:39:00,1179.65,1181.0,1179.65,1181.0,44
2015-03-17 13:40:00,1181.0,1181.0,1181.0,1181.0,0
2015-03-17 13:41:00,1181.0,1181.0,1181.0,1181.0,0
2015-03-17 13:42:00,1181.0,1183.0,1181.0,1183.0,22
2015-03-17 13:43:00,1185.0,1187.3,1183.0,1183.0,26
2015-03-17 13:44:00,1183.0,1183.0,1183.0,1183.0,4
2015-03-17 13:45:00,1185.0,1185.0,1185.0,1185.0,90
2015-03-17 13:46:00,1185.0,1185.0,1180.45,1180.45,35
2015-03-17 13:47:00,1180.45,1180.45,1180.45,1180.45,0
2015-03-17 13:48:00,1180.45,1180.45,1180.0,1180.0,113
2015-03-17 13:49:00,1180.0,1180.0,1180.0,1180.0,4
2015-03-17 13:50:00,1180.0,1180.0,1180.0,1180.0,151
2015-03-17 13:51:00,1180.0,1181.4,1180.0,1181.4,49
2015-03-17 13:52:00,1181.4,1181.4,1181.4,1181.4,0
2015-03-17 13:53:00,1181.4,1181.4,1181.4,1181.4,0
2015-03-17 13:54:00,1181.05,1181.05,1181.05,1181.05,1
2015-03-17 13:55:00,1181.05,1181.05,1181.05,1181.05,0
2015-03-17 13:56:00,1181.4,1181.4,1181.4,1181.4,0
2015-03-17 13:57:00,1181.05,1181.05,1181.05,1181.05,0
2015-03-17 13:58:00,1181.05,1181.05,1181.05,1181.05,0
2015-03-17 13:59:00,1180.0,1180.0,1180.0,1180.0,50
2015-03-17 14:00:00,1180.0,1180.0,1180.0,1180.0,0
2015-03-17 14:01:00,1180.0,1180.0,1180.0,1180.0,0
2015-03-17 14:02:00,1180.0,1180.0,1180.0,1180.0,1
2015-03-17 14:03:00,1180.0,1180.0,1180.0,1180.0,0
2015-03-17 14:04:00,1180.0,1180.0,1180.0,1180.0,0
2015-03-17 14:05:00,1180.0,1180.0,1180.0,1180.0,0
2015-03-17 14:06:00,1180.0,1180.0,1180.0,1180.0,0
2015-03-17 14:07:00,1180.0,1180.0,1180.0,1180.0,0
2015-03-17 14:08:00,1180.0,1180.0,1180.0,1180.0,0
2015-03-17 14:09:00,1180.0,1180.0,1180.0,1180.0,0
2015-03-17 14:10:00,1180.0,1180.0,1180.0,1180.0,35
2015-03-17 14:11:00,1180.0,1180.0,1180.0,1180.0,0
2015-03-17 14:12:00,1180.0,1180.0,1180.0,1180.0,0
2015-03-17 14:13:00,1180.0,1180.0,1180.0,1180.0,1
2015-03-17 14:14:00,1180.0,1180.0,1180.0,1180.0,0
2015-03-17 14:15:00,1180.0,1180.0,1180.0,1180.0,0
2015-03-17 14:16:00,1180.0,1180.0,1180.0,1180.0,0
2015-03-17 14:17:00,1180.0,1180.0,1180.0,1180.0,100
2015-03-17 14:18:00,1180.95,1180.95,1180.95,1180.95,77
2015-03-17 14:19:00,1180.95,1180.95,1180.95,1180.95,0
2015-03-17 14:20:00,1180.95,1180.95,1180.95,1180.95,0
2015-03-17 14:21:00,1180.95,1180.95,1180.95,1180.95,0
2015-03-17 14:22:00,1178.05,1178.05,1178.05,1178.05,3
2015-03-17 14:23:00,1178.05,1178.05,1178.05,1178.05,0
2015-03-17 14:24:00,1180.95,1180.95,1180.95,1180.95,0
2015-03-17 14:25:00,1178.05,1178.05,1178.05,1178.05,0
2015-03-17 14:26:00,1178.05,1178.05,1178.05,1178.05,0
2015-03-17 14:27:00,1178.05,1178.05,1178.05,1178.05,0
2015-03-17 14:28:00,1178.05,1178.05,1178.05,1178.05,0
2015-03-17 14:29:00,1178.05,1178.05,1178.05,1178.05,0
2015-03-17 14:30:00,1178.05,1178.05,1178.05,1178.05,0
2015-03-17 14:31:00,1178.05,1178.05,1178.05,1178.05,0
2015-03-17 14:32:00,1178.05,1178.05,1178.05,1178.05,0
2015-03-17 14:33:00,1178.05,1178.05,1178.05,1178.05,7
2015-03-17 14:34:00,1178.05,1178.05,1178.05,1178.05,0
2015-03-17 14:35:00,1178.05,1178.05,1178.05,1178.05,0
2015-03-17 14:36:00,1178.0,1178.0,1176.35,1176.35,20
2015-03-17 14:37:00,1175.0,1175.0,1175.0,1175.0,5
2015-03-17 14:38:00,1171.0,1171.0,1170.65,1170.65,51
2015-03-17 14:39:00,1170.65,1170.65,1170.65,1170.65,0
2015-03-17 14:40:00,1170.65,1170.65,1170.65,1170.65,0
2015-03-17 14:41:00,1170.65,1170.65,1170.65,1170.65,0
2015-03-17 14:42:00,1170.65,1170.65,1170.05,1170.05,5
2015-03-17 14:43:00,1171.0,1171.0,1170.05,1170.05,14
2015-03-17 14:44:00,1170.05,1170.05,1170.05,1170.05,0
2015-03-17 14:45:00,1170.0,1170.0,1169.05,1169.05,213
2015-03-17 14:46:00,1170.0,1170.0,1169.0,1169.0,20
2015-03-17 14:47:00,1169.0,1169.0,1169.0,1169.0,1
2015-03-17 14:48:00,1169.0,1170.55,1169.0,1170.55,30
2015-03-17 14:49:00,1170.0,1170.0,1170.0,1170.0,30
2015-03-17 14:50:00,1170.0,1170.0,1170.0,1170.0,0
2015-03-17 14:51:00,1168.1,1168.1,1168.1,1168.1,10
2015-03-17 14:52:00,1168.1,1168.1,1168.1,1168.1,0
2015-03-17 14:53:00,1168.1,1168.1,1168.1,1168.1,7
2015-03-17 14:54:00,1168.1,1168.1,1168.1,1168.1,0
2015-03-17 14:55:00,1169.95,1169.95,1169.95,1169.95,10
2015-03-17 14:56:00,1169.95,1169.95,1169.95,1169.95,0
2015-03-17 14:57:00,1169.95,1169.95,1169.95,1169.95,0
2015-03-17 14:58:00,1170.0,1170.0,1170.0,1170.0,112
2015-03-17 14:59:00,1171.8,1172.1,1171.8,1172.1,16
2015-03-17 15:00:00,1172.1,1172.1,1172.1,1172.1,5
2015-03-17 15:01:00,1172.1,1172.1,1172.05,1172.1,15
2015-03-17 15:02:00,1172.1,1172.1,1172.1,1172.1,0
2015-03-17 15:03:00,1172.1,1172.1,1172.1,1172.1,0
2015-03-17 15:04:00,1172.1,1172.1,1172.1,1172.1,0
2015-03-17 15:05:00,1172.1,1174.0,1172.1,1174.0,16
2015-03-17 15:06:00,1174.0,1174.0,1174.0,1174.0,6
2015-03-17 15:07:00,1174.9,1174.9,1174.9,1174.9,4
2015-03-17 15:08:00,1176.9,1176.9,1176.9,1176.9,9
2015-03-17 15:09:00,1176.9,1177.0,1176.9,1177.0,34
2015-03-17 15:10:00,1181.8,1181.8,1180.1,1180.1,101
2015-03-17 15:11:00,1180.1,1180.1,1180.1,1180.1,0
2015-03-17 15:12:00,1180.1,1180.1,1180.1,1180.1,0
2015-03-17 15:13:00,1177.8,1177.8,1177.0,1177.0,48
2015-03-17 15:14:00,1177.0,1177.8,1177.0,1177.8,46
2015-03-17 15:15:00,1180.0,1181.0,1180.0,1180.0,101
2015-03-17 15:16:00,1180.0,1180.0,1180.0,1180.0,0
2015-03-17 15:17:00,1180.0,1180.1,1180.0,1180.05,204
2015-03-17 15:18:00,1180.05,1180.05,1180.0,1180.0,139
2015-03-17 15:19:00,1180.0,1180.0,1180.0,1180.0,0
2015-03-17 15:20:00,1180.0,1180.0,1180.0,1180.0,0
2015-03-17 15:21:00,1180.0,1180.0,1178.95,1178.95,1
2015-03-17 15:22:00,1178.95,1178.95,1178.9,1178.9,1
2015-03-17 15:23:00,1179.65,1179.9,1179.0,1179.0,116
2015-03-17 15:24:00,1179.0,1179.0,1179.0,1179.0,0
2015-03-17 15:25:00,1179.0,1179.0,1176.9,1179.0,40
2015-03-17 15:26:00,1180.0,1180.6,1175.05,1175.05,232
2015-03-17 15:27:00,1175.05,1175.05,1175.05,1175.05,0
2015-03-17 15:28:00,1176.65,1176.65,1176.65,1176.65,45
2015-03-17 15:29:00,1179.0,1179.15,1179.0,1179.15,44
2015-03-18 09:15:00,1166.15,1190.05,1166.15,1190.0,570
2015-03-18 09:16:00,1184.45,1184.45,1184.45,1184.45,10
2015-03-18 09:17:00,1184.45,1184.45,1184.45,1184.45,0
2015-03-18 09:18:00,1184.45,1184.45,1184.45,1184.45,0
2015-03-18 09:19:00,1184.45,1184.45,1184.45,1184.45,0
2015-03-18 09:20:00,1184.45,1184.45,1180.0,1180.0,17
2015-03-18 09:21:00,1180.0,1182.0,1180.0,1182.0,33
2015-03-18 09:22:00,1184.0,1184.0,1184.0,1184.0,10
2015-03-18 09:23:00,1180.0,1180.0,1180.0,1180.0,32
2015-03-18 09:24:00,1180.0,1180.0,1176.2,1176.2,1
2015-03-18 09:25:00,1176.2,1176.2,1174.85,1174.85,10
2015-03-18 09:26:00,1174.85,1174.85,1174.85,1174.85,0
2015-03-18 09:27:00,1174.85,1174.85,1174.85,1174.85,0
2015-03-18 09:28:00,1174.85,1174.85,1174.85,1174.85,0
2015-03-18 09:29:00,1175.0,1175.0,1175.0,1175.0,50
2015-03-18 09:30:00,1175.0,1175.0,1175.0,1175.0,0
2015-03-18 09:31:00,1171.0,1171.0,1171.0,1171.0,125
2015-03-18 09:32:00,1171.0,1171.0,1171.0,1171.0,0
2015-03-18 09:33:00,1171.0,1171.0,1171.0,1171.0,0
2015-03-18 09:34:00,1171.0,1171.0,1171.0,1171.0,4
2015-03-18 09:35:00,1171.0,1174.0,1171.0,1174.0,10
2015-03-18 09:36:00,1174.0,1174.0,1171.2,1171.2,32
2015-03-18 09:37:00,1173.65,1174.1,1173.65,1174.1,27
2015-03-18 09:38:00,1174.1,1174.95,1171.2,1171.2,28
2015-03-18 09:39:00,1171.0,1171.0,1171.0,1171.0,100
2015-03-18 09:40:00,1171.0,1171.0,1171.0,1171.0,0
2015-03-18 09:41:00,1171.0,1171.0,1171.0,1171.0,0
2015-03-18 09:42:00,1169.0,1169.0,1169.0,1169.0,51
2015-03-18 09:43:00,1169.0,1169.0,1169.0,1169.0,0
2015-03-18 09:44:00,1171.0,1171.0,1171.0,1171.0,0
2015-03-18 09:45:00,1168.0,1168.0,1168.0,1168.0,126
2015-03-18 09:46:00,1168.0,1168.0,1168.0,1168.0,0
2015-03-18 09:47:00,1168.0,1171.15,1168.0,1171.15,10
2015-03-18 09:48:00,1169.3,1169.3,1169.3,1169.3,15
2015-03-18 09:49:00,1169.0,1169.0,1169.0,1169.0,10
2015-03-18 09:50:00,1169.0,1169.0,1169.0,1169.0,0
2015-03-18 09:51:00,1169.0,1169.0,1169.0,1169.0,0
2015-03-18 09:52:00,1169.0,1169.85,1169.0,1169.85,2
2015-03-18 09:53:00,1169.85,1170.1,1169.85,1170.1,8
2015-03-18 09:54:00,1170.1,1170.1,1170.1,1170.1,0
2015-03-18 09:55:00,1170.1,1170.1,1170.1,1170.1,0
2015-03-18 09:56:00,1170.1,1170.1,1170.1,1170.1,0
2015-03-18 09:57:00,1174.75,1174.75,1174.75,1174.75,46
2015-03-18 09:58:00,1174.75,1174.75,1174.75,1174.75,0
2015-03-18 09:59:00,1174.75,1174.75,1174.75,1174.75,0
2015-03-18 10:00:00,1174.75,1174.75,1174.75,1174.75,0
2015-03-18 10:01:00,1174.75,1174.75,1174.75,1174.75,0
2015-03-18 10:02:00,1170.1,1170.1,1169.0,1169.0,200
2015-03-18 10:03:00,1169.0,1169.0,1169.0,1169.0,0
2015-03-18 10:04:00,1169.0,1169.0,1169.0,1169.0,0
2015-03-18 10:05:00,1169.0,1169.0,1169.0,1169.0,2
2015-03-18 10:06:00,1169.0,1169.0,1169.0,1169.0,0
2015-03-18 10:07:00,1169.0,1169.0,1169.0,1169.0,0
2015-03-18 10:08:00,1169.0,1169.0,1169.0,1169.0,0
2015-03-18 10:09:00,1169.0,1169.0,1169.0,1169.0,0
2015-03-18 10:10:00,1169.0,1171.15,1169.0,1171.15,26
2015-03-18 10:11:00,1171.15,1171.15,1171.15,1171.15,0
2015-03-18 10:12:00,1171.15,1171.15,1171.15,1171.15,0
2015-03-18 10:13:00,1171.15,1171.15,1166.05,1168.75,11
2015-03-18 10:14:00,1170.6,1175.0,1170.6,1175.0,110
2015-03-18 10:15:00,1175.0,1175.0,1175.0,1175.0,5
2015-03-18 10:16:00,1175.0,1175.0,1175.0,1175.0,0
2015-03-18 10:17:00,1172.4,1172.4,1172.4,1172.4,2
2015-03-18 10:18:00,1172.4,1172.4,1172.4,1172.4,0
2015-03-18 10:19:00,1175.0,1175.0,1175.0,1175.0,0
2015-03-18 10:20:00,1172.4,1172.4,1172.4,1172.4,0
2015-03-18 10:21:00,1175.0,1175.0,1175.0,1175.0,10
2015-03-18 10:22:00,1175.0,1175.0,1175.0,1175.0,0
2015-03-18 10:23:00,1175.0,1175.0,1175.0,1175.0,0
2015-03-18 10:24:00,1171.15,1171.15,1169.95,1169.95,42
2015-03-18 10:25:00,1169.95,1169.95,1169.95,1169.95,0
2015-03-18 10:26:00,1175.0,1175.0,1175.0,1175.0,0
2015-03-18 10:27:00,1169.95,1169.95,1169.95,1169.95,0
2015-03-18 10:28:00,1169.95,1169.95,1169.95,1169.95,0
2015-03-18 10:29:00,1169.95,1169.95,1169.95,1169.95,0
2015-03-18 10:30:00,1169.95,1169.95,1169.95,1169.95,0
2015-03-18 10:31:00,1170.0,1170.0,1170.0,1170.0,18
2015-03-18 10:32:00,1170.0,1170.0,1170.0,1170.0,0
2015-03-18 10:33:00,1170.0,1170.0,1170.0,1170.0,0
2015-03-18 10:34:00,1170.0,1170.0,1170.0,1170.0,0
2015-03-18 10:35:00,1170.0,1170.0,1170.0,1170.0,0
2015-03-18 10:36:00,1170.0,1170.0,1170.0,1170.0,0
2015-03-18 10:37:00,1170.0,1170.0,1170.0,1170.0,0
2015-03-18 10:38:00,1170.0,1170.0,1170.0,1170.0,0
2015-03-18 10:39:00,1166.4,1168.2,1166.4,1168.2,61
2015-03-18 10:40:00,1168.0,1168.0,1168.0,1168.0,5
2015-03-18 10:41:00,1168.0,1173.75,1168.0,1168.0,73
2015-03-18 10:42:00,1166.4,1166.4,1166.4,1166.4,50
2015-03-18 10:43:00,1166.4,1166.4,1166.4,1166.4,0
2015-03-18 10:44:00,1168.0,1168.0,1168.0,1168.0,0
2015-03-18 10:45:00,1170.05,1170.05,1170.05,1170.05,71
2015-03-18 10:46:00,1170.05,1170.05,1170.05,1170.05,0
2015-03-18 10:47:00,1170.05,1170.05,1170.05,1170.05,0
2015-03-18 10:48:00,1170.05,1170.05,1170.05,1170.05,0
2015-03-18 10:49:00,1170.0,1170.0,1170.0,1170.0,1
2015-03-18 10:50:00,1170.0,1170.0,1169.0,1169.0,1
2015-03-18 10:51:00,1169.0,1169.0,1169.0,1169.0,0
2015-03-18 10:52:00,1169.0,1169.0,1169.0,1169.0,0
2015-03-18 10:53:00,1169.0,1169.0,1166.4,1166.4,100
2015-03-18 10:54:00,1166.4,1166.4,1166.4,1166.4,0
2015-03-18 10:55:00,1166.4,1169.35,1166.4,1169.35,1
2015-03-18 10:56:00,1169.35,1169.35,1169.35,1169.35,0
2015-03-18 10:57:00,1166.4,1166.4,1166.4,1166.4,5
2015-03-18 10:58:00,1166.4,1166.4,1166.4,1166.4,0
2015-03-18 10:59:00,1166.4,1166.4,1166.4,1166.4,0
2015-03-18 11:00:00,1166.4,1166.4,1166.4,1166.4,0
2015-03-18 11:01:00,1166.1,1166.1,1166.1,1166.1,20
2015-03-18 11:02:00,1166.0,1166.0,1166.0,1166.0,8
2015-03-18 11:03:00,1165.65,1165.65,1163.35,1163.35,31
2015-03-18 11:04:00,1163.35,1163.35,1162.0,1162.0,58
2015-03-18 11:05:00,1162.0,1162.0,1162.0,1162.0,10
2015-03-18 11:06:00,1161.15,1161.2,1161.15,1161.2,42
2015-03-18 11:07:00,1161.2,1161.2,1160.5,1160.5,16
2015-03-18 11:08:00,1160.0,1160.0,1159.05,1159.05,118
2015-03-18 11:09:00,1159.05,1159.05,1159.05,1159.05,0
2015-03-18 11:10:00,1159.0,1163.0,1159.0,1163.0,122
2015-03-18 11:11:00,1163.0,1163.0,1163.0,1163.0,0
2015-03-18 11:12:00,1162.75,1162.75,1162.75,1162.75,15
2015-03-18 11:13:00,1162.75,1163.05,1162.75,1163.05,50
2015-03-18 11:14:00,1163.05,1163.05,1163.05,1163.05,27
2015-03-18 11:15:00,1163.05,1163.05,1163.05,1163.05,0
2015-03-18 11:16:00,1163.05,1163.05,1163.05,1163.05,0
2015-03-18 11:17:00,1163.05,1163.05,1163.05,1163.05,1
2015-03-18 11:18:00,1163.05,1163.05,1163.05,1163.05,0
2015-03-18 11:19:00,1161.9,1161.95,1161.9,1161.95,28
2015-03-18 11:20:00,1161.95,1161.95,1161.95,1161.95,0
2015-03-18 11:21:00,1161.95,1161.95,1161.95,1161.95,0
2015-03-18 11:22:00,1161.95,1161.95,1161.95,1161.95,0
2015-03-18 11:23:00,1161.0,1161.15,1161.0,1161.0,23
2015-03-18 11:24:00,1161.0,1161.0,1161.0,1161.0,0
2015-03-18 11:25:00,1161.0,1161.0,1161.0,1161.0,0
2015-03-18 11:26:00,1161.0,1161.0,1161.0,1161.0,0
2015-03-18 11:27:00,1161.0,1161.95,1161.0,1161.0,3
2015-03-18 11:28:00,1159.0,1159.0,1159.0,1159.0,50
2015-03-18 11:29:00,1159.0,1159.0,1159.0,1159.0,0
2015-03-18 11:30:00,1160.95,1161.5,1160.95,1161.5,35
2015-03-18 11:31:00,1161.95,1161.95,1161.95,1161.95,75
2015-03-18 11:32:00,1161.95,1161.95,1161.95,1161.95,0
2015-03-18 11:33:00,1162.0,1162.0,1162.0,1162.0,35
2015-03-18 11:34:00,1162.0,1162.0,1162.0,1162.0,0
2015-03-18 11:35:00,1162.0,1162.0,1162.0,1162.0,0
2015-03-18 11:36:00,1161.05,1161.05,1161.05,1161.05,5
2015-03-18 11:37:00,1161.05,1161.05,1161.05,1161.05,0
2015-03-18 11:38:00,1163.05,1163.05,1163.05,1163.05,29
2015-03-18 11:39:00,1163.05,1163.05,1163.05,1163.05,0
2015-03-18 11:40:00,1163.05,1163.05,1162.0,1162.0,93
2015-03-18 11:41:00,1162.0,1162.0,1162.0,1162.0,25
2015-03-18 11:42:00,1159.1,1159.1,1159.1,1159.1,9
2015-03-18 11:43:00,1159.2,1161.6,1159.2,1161.6,23
2015-03-18 11:44:00,1161.6,1161.6,1161.6,1161.6,0
2015-03-18 11:45:00,1161.6,1161.6,1161.6,1161.6,0
2015-03-18 11:46:00,1161.6,1161.6,1161.6,1161.6,0
2015-03-18 11:47:00,1161.6,1161.6,1161.6,1161.6,0
2015-03-18 11:48:00,1161.6,1161.6,1161.6,1161.6,0
2015-03-18 11:49:00,1161.6,1161.6,1161.6,1161.6,0
2015-03-18 11:50:00,1162.15,1162.15,1162.15,1162.15,2
2015-03-18 11:51:00,1162.15,1162.15,1162.15,1162.15,0
2015-03-18 11:52:00,1161.6,1161.6,1161.6,1161.6,0
2015-03-18 11:53:00,1162.15,1162.15,1162.15,1162.15,0
2015-03-18 11:54:00,1161.6,1161.6,1161.6,1161.6,0
2015-03-18 11:55:00,1162.15,1162.15,1162.15,1162.15,100
2015-03-18 11:56:00,1162.15,1162.15,1162.15,1162.15,0
2015-03-18 11:57:00,1162.15,1162.15,1162.15,1162.15,0
2015-03-18 11:58:00,1162.15,1162.15,1162.15,1162.15,0
2015-03-18 11:59:00,1162.15,1164.0,1162.15,1164.0,30
2015-03-18 12:00:00,1164.0,1164.0,1164.0,1164.0,0
2015-03-18 12:01:00,1162.15,1162.15,1162.0,1162.0,100
2015-03-18 12:02:00,1162.0,1162.0,1162.0,1162.0,0
2015-03-18 12:03:00,1162.0,1162.0,1162.0,1162.0,0
2015-03-18 12:04:00,1162.0,1162.0,1162.0,1162.0,0
2015-03-18 12:05:00,1163.35,1163.35,1163.35,1163.35,10
2015-03-18 12:06:00,1163.35,1163.35,1163.35,1163.35,0
2015-03-18 12:07:00,1161.0,1161.0,1159.0,1159.0,83
2015-03-18 12:08:00,1158.0,1158.0,1156.05,1156.05,70
2015-03-18 12:09:00,1156.05,1156.05,1156.05,1156.05,0
2015-03-18 12:10:00,1156.05,1158.0,1156.05,1156.1,33
2015-03-18 12:11:00,1158.0,1158.0,1153.0,1153.0,95
2015-03-18 12:12:00,1153.0,1153.0,1153.0,1153.0,32
2015-03-18 12:13:00,1153.0,1153.0,1150.0,1150.0,161
2015-03-18 12:14:00,1150.0,1150.0,1150.0,1150.0,0
2015-03-18 12:15:00,1150.0,1150.0,1150.0,1150.0,0
2015-03-18 12:16:00,1150.0,1150.0,1150.0,1150.0,0
2015-03-18 12:17:00,1150.0,1152.9,1150.0,1152.9,63
2015-03-18 12:18:00,1150.0,1152.85,1150.0,1152.85,34
2015-03-18 12:19:00,1152.85,1152.85,1150.0,1150.0,15
2015-03-18 12:20:00,1152.15,1153.0,1152.15,1153.0,100
2015-03-18 12:21:00,1152.55,1152.55,1152.55,1152.55,23
2015-03-18 12:22:00,1152.55,1152.55,1152.55,1152.55,0
2015-03-18 12:23:00,1152.55,1152.55,1152.55,1152.55,0
2015-03-18 12:24:00,1152.85,1152.85,1152.85,1152.85,1
2015-03-18 12:25:00,1152.85,1152.85,1152.85,1152.85,5
2015-03-18 12:26:00,1152.85,1155.35,1152.85,1154.45,114
2015-03-18 12:27:00,1154.45,1156.0,1153.4,1156.0,55
2015-03-18 12:28:00,1156.0,1156.0,1156.0,1156.0,0
2015-03-18 12:29:00,1155.95,1155.95,1155.95,1155.95,203
2015-03-18 12:30:00,1157.6,1157.85,1157.6,1157.85,15
2015-03-18 12:31:00,1157.85,1159.0,1157.85,1159.0,108
2015-03-18 12:32:00,1159.0,1159.05,1159.0,1159.05,76
2015-03-18 12:33:00,1159.05,1159.05,1159.0,1159.05,84
2015-03-18 12:34:00,1159.05,1162.65,1159.05,1162.65,1
2015-03-18 12:35:00,1162.65,1162.65,1162.65,1162.65,0
2015-03-18 12:36:00,1162.65,1162.65,1162.65,1162.65,0
2015-03-18 12:37:00,1162.65,1162.65,1159.0,1159.0,5
2015-03-18 12:38:00,1159.0,1161.0,1159.0,1161.0,12
2015-03-18 12:39:00,1161.0,1161.0,1161.0,1161.0,0
2015-03-18 12:40:00,1161.0,1161.0,1161.0,1161.0,0
2015-03-18 12:41:00,1161.0,1161.0,1161.0,1161.0,10
2015-03-18 12:42:00,1161.0,1162.0,1161.0,1162.0,6
2015-03-18 12:43:00,1162.0,1162.0,1162.0,1162.0,17
2015-03-18 12:44:00,1162.0,1162.0,1162.0,1162.0,1
2015-03-18 12:45:00,1163.4,1164.55,1162.05,1162.05,47
2015-03-18 12:46:00,1161.0,1161.0,1161.0,1161.0,33
2015-03-18 12:47:00,1161.0,1161.0,1161.0,1161.0,0
2015-03-18 12:48:00,1161.0,1161.0,1161.0,1161.0,0
2015-03-18 12:49:00,1163.2,1163.2,1163.2,1163.2,1
2015-03-18 12:50:00,1163.2,1163.2,1163.2,1163.2,0
2015-03-18 12:51:00,1163.2,1163.2,1163.2,1163.2,0
2015-03-18 12:52:00,1163.2,1163.2,1163.2,1163.2,0
2015-03-18 12:53:00,1163.2,1163.2,1163.2,1163.2,0
2015-03-18 12:54:00,1163.2,1163.2,1163.2,1163.2,0
2015-03-18 12:55:00,1163.2,1163.2,1163.2,1163.2,0
2015-03-18 12:56:00,1163.2,1163.2,1163.2,1163.2,0
2015-03-18 12:57:00,1163.2,1163.2,1163.2,1163.2,0
2015-03-18 12:58:00,1163.2,1163.2,1163.2,1163.2,0
2015-03-18 12:59:00,1163.2,1163.2,1163.2,1163.2,0
2015-03-18 13:00:00,1163.2,1163.2,1162.9,1162.9,2
2015-03-18 13:01:00,1162.9,1162.9,1162.9,1162.9,0
2015-03-18 13:02:00,1162.9,1162.9,1162.9,1162.9,0
2015-03-18 13:03:00,1162.9,1162.9,1162.9,1162.9,0
2015-03-18 13:04:00,1162.9,1162.9,1162.9,1162.9,0
2015-03-18 13:05:00,1162.9,1162.9,1162.9,1162.9,5
2015-03-18 13:06:00,1162.9,1162.9,1162.9,1162.9,0
2015-03-18 13:07:00,1162.9,1162.9,1162.9,1162.9,0
2015-03-18 13:08:00,1162.9,1162.9,1162.9,1162.9,0
2015-03-18 13:09:00,1159.0,1159.0,1159.0,1159.0,400
2015-03-18 13:10:00,1159.0,1159.0,1159.0,1159.0,0
2015-03-18 13:11:00,1159.0,1159.0,1159.0,1159.0,36
2015-03-18 13:12:00,1158.0,1158.0,1158.0,1158.0,10
2015-03-18 13:13:00,1158.0,1158.0,1158.0,1158.0,0
2015-03-18 13:14:00,1158.0,1158.0,1158.0,1158.0,0
2015-03-18 13:15:00,1158.0,1158.0,1158.0,1158.0,0
2015-03-18 13:16:00,1158.0,1158.0,1158.0,1158.0,0
2015-03-18 13:17:00,1158.0,1158.0,1158.0,1158.0,0
2015-03-18 13:18:00,1158.0,1158.0,1158.0,1158.0,0
2015-03-18 13:19:00,1158.0,1159.95,1158.0,1159.95,22
2015-03-18 13:20:00,1159.0,1159.0,1159.0,1159.0,20
2015-03-18 13:21:00,1159.0,1159.0,1159.0,1159.0,0
2015-03-18 13:22:00,1159.0,1159.0,1159.0,1159.0,0
2015-03-18 13:23:00,1159.0,1159.0,1159.0,1159.0,0
2015-03-18 13:24:00,1159.2,1159.2,1159.2,1159.2,1
2015-03-18 13:25:00,1159.2,1159.2,1159.2,1159.2,0
2015-03-18 13:26:00,1159.2,1159.2,1159.2,1159.2,0
2015-03-18 13:27:00,1159.2,1159.2,1159.2,1159.2,0
2015-03-18 13:28:00,1159.0,1159.0,1159.0,1159.0,0
2015-03-18 13:29:00,1159.2,1159.2,1159.2,1159.2,0
2015-03-18 13:30:00,1161.6,1161.6,1159.2,1159.2,515
2015-03-18 13:31:00,1159.2,1159.2,1159.2,1159.2,250
2015-03-18 13:32:00,1163.2,1163.2,1163.2,1163.2,50
2015-03-18 13:33:00,1163.2,1163.2,1163.2,1163.2,0
2015-03-18 13:34:00,1160.0,1160.0,1158.0,1158.0,136
2015-03-18 13:35:00,1158.0,1158.0,1158.0,1158.0,0
2015-03-18 13:36:00,1158.0,1158.0,1158.0,1158.0,0
2015-03-18 13:37:00,1158.0,1158.0,1158.0,1158.0,4
2015-03-18 13:38:00,1158.0,1158.0,1158.0,1158.0,0
2015-03-18 13:39:00,1158.0,1158.0,1156.1,1156.1,5
2015-03-18 13:40:00,1156.1,1156.1,1156.1,1156.1,0
2015-03-18 13:41:00,1156.1,1157.35,1156.1,1157.35,5
2015-03-18 13:42:00,1156.1,1156.1,1156.1,1156.1,122
2015-03-18 13:43:00,1156.1,1156.1,1156.1,1156.1,40
2015-03-18 13:44:00,1155.0,1156.5,1155.0,1156.5,38
2015-03-18 13:45:00,1156.5,1156.5,1156.5,1156.5,0
2015-03-18 13:46:00,1156.1,1156.1,1156.1,1156.1,0
2015-03-18 13:47:00,1156.5,1156.5,1156.5,1156.5,0
2015-03-18 13:48:00,1156.5,1156.5,1156.5,1156.5,0
2015-03-18 13:49:00,1156.5,1156.5,1156.5,1156.5,0
2015-03-18 13:50:00,1157.0,1157.0,1157.0,1157.0,50
2015-03-18 13:51:00,1157.0,1157.0,1157.0,1157.0,0
2015-03-18 13:52:00,1157.0,1157.0,1157.0,1157.0,0
2015-03-18 13:53:00,1157.0,1157.0,1157.0,1157.0,20
2015-03-18 13:54:00,1157.0,1158.55,1157.0,1158.55,15
2015-03-18 13:55:00,1158.55,1159.95,1158.55,1159.95,11
2015-03-18 13:56:00,1162.75,1162.75,1162.75,1162.75,9
2015-03-18 13:57:00,1162.75,1162.75,1162.75,1162.75,0
2015-03-18 13:58:00,1162.75,1162.75,1162.75,1162.75,0
2015-03-18 13:59:00,1156.0,1156.0,1156.0,1156.0,22
2015-03-18 14:00:00,1152.0,1152.0,1152.0,1152.0,81
2015-03-18 14:01:00,1152.0,1152.0,1150.0,1150.0,100
2015-03-18 14:02:00,1151.95,1154.35,1147.95,1147.95,107
2015-03-18 14:03:00,1145.0,1145.5,1144.0,1144.0,75
2015-03-18 14:04:00,1143.9,1143.9,1143.9,1143.9,1
2015-03-18 14:05:00,1143.9,1147.15,1143.9,1147.15,1
2015-03-18 14:06:00,1147.15,1147.15,1147.15,1147.15,0
2015-03-18 14:07:00,1147.15,1147.15,1146.55,1146.55,5
2015-03-18 14:08:00,1146.55,1146.55,1146.55,1146.55,0
2015-03-18 14:09:00,1147.95,1148.0,1147.95,1148.0,15
2015-03-18 14:10:00,1148.0,1148.0,1148.0,1148.0,1
2015-03-18 14:11:00,1148.0,1148.0,1148.0,1148.0,0
2015-03-18 14:12:00,1148.0,1148.0,1148.0,1148.0,0
2015-03-18 14:13:00,1143.55,1143.55,1143.55,1143.55,44
2015-03-18 14:14:00,1146.95,1146.95,1146.9,1146.9,84
2015-03-18 14:15:00,1145.95,1145.95,1145.95,1145.95,5
2015-03-18 14:16:00,1144.0,1146.0,1144.0,1146.0,90
2015-03-18 14:17:00,1146.0,1147.55,1146.0,1147.55,170
2015-03-18 14:18:00,1147.5,1147.5,1147.5,1147.5,6
2015-03-18 14:19:00,1147.2,1147.2,1147.2,1147.2,13
2015-03-18 14:20:00,1147.2,1147.55,1147.2,1147.55,10
2015-03-18 14:21:00,1151.4,1151.4,1151.4,1151.4,20
2015-03-18 14:22:00,1151.4,1151.4,1147.55,1147.55,30
2015-03-18 14:23:00,1147.55,1147.55,1147.55,1147.55,0
2015-03-18 14:24:00,1150.15,1150.15,1150.15,1150.15,10
2015-03-18 14:25:00,1150.15,1150.15,1150.15,1150.15,0
2015-03-18 14:26:00,1150.15,1150.15,1150.15,1150.15,0
2015-03-18 14:27:00,1150.5,1150.5,1150.5,1150.5,40
2015-03-18 14:28:00,1150.5,1150.5,1150.15,1150.15,560
2015-03-18 14:29:00,1148.0,1149.95,1148.0,1149.95,11
2015-03-18 14:30:00,1150.0,1150.0,1150.0,1150.0,100
2015-03-18 14:31:00,1150.0,1150.0,1150.0,1150.0,0
2015-03-18 14:32:00,1150.0,1150.0,1150.0,1150.0,0
2015-03-18 14:33:00,1150.0,1150.0,1150.0,1150.0,0
2015-03-18 14:34:00,1150.0,1150.0,1150.0,1150.0,0
2015-03-18 14:35:00,1150.0,1150.0,1150.0,1150.0,0
2015-03-18 14:36:00,1150.0,1150.0,1149.95,1149.95,2
2015-03-18 14:37:00,1149.95,1149.95,1149.95,1149.95,0
2015-03-18 14:38:00,1150.0,1150.0,1150.0,1150.0,66
2015-03-18 14:39:00,1150.0,1150.0,1150.0,1150.0,0
2015-03-18 14:40:00,1150.0,1150.0,1150.0,1150.0,0
2015-03-18 14:41:00,1150.0,1150.0,1150.0,1150.0,0
2015-03-18 14:42:00,1150.0,1150.0,1150.0,1150.0,0
2015-03-18 14:43:00,1151.05,1151.05,1151.05,1151.05,6
2015-03-18 14:44:00,1151.05,1151.05,1151.05,1151.05,9
2015-03-18 14:45:00,1151.05,1151.05,1151.05,1151.05,0
2015-03-18 14:46:00,1153.15,1153.15,1153.15,1153.15,10
2015-03-18 14:47:00,1153.7,1153.7,1153.7,1153.7,13
2015-03-18 14:48:00,1158.0,1158.0,1156.2,1156.2,29
2015-03-18 14:49:00,1156.2,1156.2,1153.95,1153.95,2
2015-03-18 14:50:00,1156.75,1156.75,1156.75,1156.75,30
2015-03-18 14:51:00,1156.0,1156.0,1156.0,1156.0,100
2015-03-18 14:52:00,1156.0,1156.0,1156.0,1156.0,25
2015-03-18 14:53:00,1157.4,1157.4,1153.8,1157.4,55
2015-03-18 14:54:00,1157.4,1157.4,1157.4,1157.4,0
2015-03-18 14:55:00,1157.4,1157.4,1157.0,1157.0,5
2015-03-18 14:56:00,1157.0,1157.0,1157.0,1157.0,0
2015-03-18 14:57:00,1157.0,1157.0,1157.0,1157.0,0
2015-03-18 14:58:00,1153.0,1153.0,1153.0,1153.0,74
2015-03-18 14:59:00,1153.0,1153.0,1153.0,1153.0,95
2015-03-18 15:00:00,1153.0,1153.0,1153.0,1153.0,70
2015-03-18 15:01:00,1153.0,1153.0,1153.0,1153.0,0
2015-03-18 15:02:00,1155.0,1155.0,1155.0,1155.0,2
2015-03-18 15:03:00,1155.0,1155.0,1153.0,1153.0,5
2015-03-18 15:04:00,1155.0,1156.05,1155.0,1156.05,66
2015-03-18 15:05:00,1156.05,1156.05,1156.05,1156.05,10
2015-03-18 15:06:00,1156.05,1156.05,1156.0,1156.0,5
2015-03-18 15:07:00,1156.95,1156.95,1156.05,1156.05,3
2015-03-18 15:08:00,1156.05,1156.05,1156.05,1156.05,2
2015-03-18 15:09:00,1158.0,1158.0,1158.0,1158.0,123
2015-03-18 15:10:00,1158.0,1158.05,1158.0,1158.05,5
2015-03-18 15:11:00,1158.05,1158.05,1158.05,1158.05,0
2015-03-18 15:12:00,1160.0,1160.0,1160.0,1160.0,15
2015-03-18 15:13:00,1163.0,1163.0,1163.0,1163.0,39
2015-03-18 15:14:00,1160.55,1160.55,1160.55,1160.55,2
2015-03-18 15:15:00,1160.55,1160.55,1160.55,1160.55,5
2015-03-18 15:16:00,1160.55,1163.0,1160.55,1163.0,78
2015-03-18 15:17:00,1164.0,1164.0,1160.6,1160.6,46
2015-03-18 15:18:00,1160.6,1161.0,1160.6,1161.0,84
2015-03-18 15:19:00,1161.0,1161.0,1161.0,1161.0,0
2015-03-18 15:20:00,1160.1,1160.1,1160.05,1160.1,51
2015-03-18 15:21:00,1160.1,1160.1,1158.0,1160.0,70
2015-03-18 15:22:00,1160.0,1160.0,1160.0,1160.0,0
2015-03-18 15:23:00,1158.0,1158.0,1158.0,1158.0,258
2015-03-18 15:24:00,1158.0,1159.85,1158.0,1159.85,200
2015-03-18 15:25:00,1159.5,1159.5,1157.0,1157.0,293
2015-03-18 15:26:00,1157.0,1158.0,1155.0,1157.95,281
2015-03-18 15:27:00,1157.95,1157.95,1151.05,1151.05,43
2015-03-18 15:28:00,1151.0,1151.1,1151.0,1151.0,135
2015-03-18 15:29:00,1148.0,1148.0,1147.0,1147.0,29
2015-03-19 09:15:00,1151.0,1166.7,1151.0,1166.7,85
2015-03-19 09:16:00,1151.0,1151.0,1150.0,1150.0,91
2015-03-19 09:17:00,1151.0,1151.0,1151.0,1151.0,3
2015-03-19 09:18:00,1150.0,1150.0,1150.0,1150.0,30
2015-03-19 09:19:00,1150.0,1150.0,1150.0,1150.0,0
2015-03-19 09:20:00,1150.0,1162.0,1150.0,1162.0,45
2015-03-19 09:21:00,1163.0,1163.0,1163.0,1163.0,35
2015-03-19 09:22:00,1163.0,1163.0,1163.0,1163.0,0
2015-03-19 09:23:00,1161.0,1161.0,1161.0,1161.0,30
2015-03-19 09:24:00,1161.0,1161.0,1161.0,1161.0,0
2015-03-19 09:25:00,1161.0,1161.0,1160.6,1160.6,3
2015-03-19 09:26:00,1160.6,1160.6,1160.6,1160.6,0
2015-03-19 09:27:00,1164.6,1164.6,1164.6,1164.6,10
2015-03-19 09:28:00,1164.6,1164.6,1164.6,1164.6,0
2015-03-19 09:29:00,1164.6,1164.6,1159.9,1159.9,1
2015-03-19 09:30:00,1160.1,1161.05,1160.1,1161.0,40
2015-03-19 09:31:00,1160.15,1160.15,1160.1,1160.1,135
2015-03-19 09:32:00,1160.1,1160.1,1160.1,1160.1,53
2015-03-19 09:33:00,1160.1,1160.1,1160.05,1160.05,62
2015-03-19 09:34:00,1160.0,1160.0,1160.0,1160.0,7
2015-03-19 09:35:00,1160.0,1160.0,1159.8,1159.8,37
2015-03-19 09:36:00,1159.8,1159.9,1159.8,1159.9,100
2015-03-19 09:37:00,1159.9,1159.9,1159.9,1159.9,0
2015-03-19 09:38:00,1159.9,1159.9,1159.9,1159.9,0
2015-03-19 09:39:00,1159.9,1159.9,1159.9,1159.9,50
2015-03-19 09:40:00,1159.9,1159.9,1159.9,1159.9,0
2015-03-19 09:41:00,1159.9,1159.9,1159.9,1159.9,0
2015-03-19 09:42:00,1155.0,1159.9,1151.85,1151.85,229
2015-03-19 09:43:00,1151.85,1151.85,1151.85,1151.85,0
2015-03-19 09:44:00,1151.85,1160.0,1151.85,1160.0,50
2015-03-19 09:45:00,1160.0,1160.0,1160.0,1160.0,0
2015-03-19 09:46:00,1160.0,1160.0,1160.0,1160.0,0
2015-03-19 09:47:00,1160.0,1160.0,1160.0,1160.0,0
2015-03-19 09:48:00,1160.0,1160.0,1160.0,1160.0,0
2015-03-19 09:49:00,1160.1,1160.1,1160.1,1160.1,48
2015-03-19 09:50:00,1179.95,1179.95,1175.0,1175.0,238
2015-03-19 09:51:00,1178.0,1178.0,1178.0,1178.0,55
2015-03-19 09:52:00,1179.8,1179.8,1169.85,1169.85,16
2015-03-19 09:53:00,1169.85,1169.85,1169.85,1169.85,0
2015-03-19 09:54:00,1169.85,1176.9,1169.85,1176.9,5
2015-03-19 09:55:00,1176.9,1176.9,1170.0,1170.0,10
2015-03-19 09:56:00,1170.0,1174.0,1167.0,1174.0,114
2015-03-19 09:57:00,1173.65,1173.95,1172.4,1173.95,1088
2015-03-19 09:58:00,1173.95,1173.95,1173.95,1173.95,0
2015-03-19 09:59:00,1173.95,1173.95,1173.95,1173.95,0
2015-03-19 10:00:00,1173.95,1173.95,1173.95,1173.95,0
2015-03-19 10:01:00,1173.95,1174.0,1172.75,1172.75,179
2015-03-19 10:02:00,1172.75,1172.75,1172.75,1172.75,0
2015-03-19 10:03:00,1172.75,1172.75,1172.75,1172.75,0
2015-03-19 10:04:00,1172.75,1172.75,1172.75,1172.75,0
2015-03-19 10:05:00,1172.75,1172.75,1172.75,1172.75,0
2015-03-19 10:06:00,1172.75,1172.75,1172.75,1172.75,0
2015-03-19 10:07:00,1172.75,1172.75,1172.75,1172.75,0
2015-03-19 10:08:00,1173.2,1173.2,1173.2,1173.2,1
2015-03-19 10:09:00,1173.2,1173.2,1163.6,1163.6,30
2015-03-19 10:10:00,1163.6,1163.6,1163.6,1163.6,0
2015-03-19 10:11:00,1163.6,1163.6,1163.6,1163.6,0
2015-03-19 10:12:00,1163.6,1163.6,1163.6,1163.6,0
2015-03-19 10:13:00,1163.6,1164.5,1163.6,1164.5,22
2015-03-19 10:14:00,1164.5,1164.5,1164.5,1164.5,29
2015-03-19 10:15:00,1164.5,1164.5,1164.5,1164.5,19
2015-03-19 10:16:00,1164.5,1164.5,1164.5,1164.5,0
2015-03-19 10:17:00,1164.5,1164.5,1164.5,1164.5,0
2015-03-19 10:18:00,1170.05,1170.05,1170.05,1170.05,15
2015-03-19 10:19:00,1166.7,1166.7,1166.7,1166.7,2
2015-03-19 10:20:00,1166.7,1170.0,1166.7,1170.0,7
2015-03-19 10:21:00,1170.0,1170.0,1170.0,1170.0,0
2015-03-19 10:22:00,1170.0,1173.95,1170.0,1173.95,4
2015-03-19 10:23:00,1173.95,1173.95,1173.95,1173.95,0
2015-03-19 10:24:00,1173.95,1173.95,1173.95,1173.95,0
2015-03-19 10:25:00,1173.95,1173.95,1173.95,1173.95,0
2015-03-19 10:26:00,1173.95,1173.95,1173.95,1173.95,0
2015-03-19 10:27:00,1173.95,1173.95,1173.95,1173.95,0
2015-03-19 10:28:00,1173.95,1173.95,1173.95,1173.95,0
2015-03-19 10:29:00,1173.95,1173.95,1173.95,1173.95,0
2015-03-19 10:30:00,1173.95,1173.95,1159.5,1159.5,41
2015-03-19 10:31:00,1158.0,1158.0,1158.0,1158.0,1
2015-03-19 10:32:00,1158.0,1158.0,1158.0,1158.0,0
2015-03-19 10:33:00,1158.0,1158.0,1158.0,1158.0,0
2015-03-19 10:34:00,1158.0,1158.0,1158.0,1158.0,0
2015-03-19 10:35:00,1158.0,1158.0,1158.0,1158.0,0
2015-03-19 10:36:00,1158.0,1158.0,1158.0,1158.0,0
2015-03-19 10:37:00,1158.0,1158.0,1158.0,1158.0,0
2015-03-19 10:38:00,1158.0,1163.95,1158.0,1163.95,10
2015-03-19 10:39:00,1163.95,1163.95,1163.95,1163.95,0
2015-03-19 10:40:00,1163.95,1163.95,1163.95,1163.95,0
2015-03-19 10:41:00,1164.0,1164.0,1164.0,1164.0,100
2015-03-19 10:42:00,1164.0,1164.0,1164.0,1164.0,0
2015-03-19 10:43:00,1164.0,1164.0,1164.0,1164.0,0
2015-03-19 10:44:00,1164.0,1164.0,1160.0,1160.0,30
2015-03-19 10:45:00,1160.0,1160.0,1160.0,1160.0,0
2015-03-19 10:46:00,1160.0,1160.0,1158.0,1158.0,38
2015-03-19 10:47:00,1158.0,1158.0,1158.0,1158.0,0
2015-03-19 10:48:00,1160.0,1160.0,1160.0,1160.0,25
2015-03-19 10:49:00,1160.0,1160.0,1160.0,1160.0,0
2015-03-19 10:50:00,1160.0,1160.0,1160.0,1160.0,0
2015-03-19 10:51:00,1160.0,1160.0,1160.0,1160.0,5
2015-03-19 10:52:00,1160.0,1160.0,1160.0,1160.0,0
2015-03-19 10:53:00,1160.0,1160.0,1160.0,1160.0,0
2015-03-19 10:54:00,1160.0,1160.0,1160.0,1160.0,0
2015-03-19 10:55:00,1160.0,1160.0,1160.0,1160.0,0
2015-03-19 10:56:00,1160.0,1160.0,1160.0,1160.0,0
2015-03-19 10:57:00,1160.0,1160.0,1160.0,1160.0,0
2015-03-19 10:58:00,1160.0,1160.0,1160.0,1160.0,0
2015-03-19 10:59:00,1160.0,1160.0,1160.0,1160.0,0
2015-03-19 11:00:00,1160.0,1160.0,1160.0,1160.0,0
2015-03-19 11:01:00,1160.0,1160.0,1160.0,1160.0,0
2015-03-19 11:02:00,1158.0,1158.0,1158.0,1158.0,32
2015-03-19 11:03:00,1158.0,1158.0,1158.0,1158.0,0
2015-03-19 11:04:00,1158.0,1158.0,1158.0,1158.0,0
2015-03-19 11:05:00,1158.0,1158.0,1158.0,1158.0,0
2015-03-19 11:06:00,1158.0,1158.0,1158.0,1158.0,0
2015-03-19 11:07:00,1158.0,1158.0,1158.0,1158.0,0
2015-03-19 11:08:00,1160.0,1160.0,1160.0,1160.0,50
2015-03-19 11:09:00,1160.0,1160.0,1160.0,1160.0,30
2015-03-19 11:10:00,1160.0,1160.0,1160.0,1160.0,0
2015-03-19 11:11:00,1160.0,1160.0,1160.0,1160.0,0
2015-03-19 11:12:00,1160.0,1160.0,1152.5,1152.5,50
2015-03-19 11:13:00,1152.5,1159.25,1152.5,1159.25,5
2015-03-19 11:14:00,1159.25,1159.25,1159.25,1159.25,0
2015-03-19 11:15:00,1159.25,1159.25,1159.25,1159.25,0
2015-03-19 11:16:00,1159.25,1159.25,1159.25,1159.25,0
2015-03-19 11:17:00,1155.05,1155.05,1155.05,1155.05,1
2015-03-19 11:18:00,1155.05,1155.05,1155.05,1155.05,0
2015-03-19 11:19:00,1155.05,1155.05,1155.05,1155.05,0
2015-03-19 11:20:00,1155.05,1155.05,1155.05,1155.05,0
2015-03-19 11:21:00,1155.05,1155.05,1155.05,1155.05,0
2015-03-19 11:22:00,1155.05,1155.05,1155.05,1155.05,0
2015-03-19 11:23:00,1155.05,1155.05,1155.05,1155.05,0
2015-03-19 11:24:00,1155.05,1155.05,1155.05,1155.05,0
2015-03-19 11:25:00,1155.05,1155.05,1155.05,1155.05,7
2015-03-19 11:26:00,1159.25,1159.25,1159.25,1159.25,1
2015-03-19 11:27:00,1159.25,1159.25,1155.1,1155.1,9
2015-03-19 11:28:00,1155.1,1155.1,1154.0,1154.0,11
2015-03-19 11:29:00,1154.0,1158.95,1154.0,1158.95,24
2015-03-19 11:30:00,1159.0,1159.0,1159.0,1159.0,1
2015-03-19 11:31:00,1159.0,1159.0,1159.0,1159.0,0
2015-03-19 11:32:00,1159.0,1159.0,1159.0,1159.0,0
2015-03-19 11:33:00,1159.0,1159.0,1159.0,1159.0,0
2015-03-19 11:34:00,1159.0,1159.0,1159.0,1159.0,0
2015-03-19 11:35:00,1154.0,1154.0,1154.0,1154.0,25
2015-03-19 11:36:00,1154.0,1154.0,1154.0,1154.0,0
2015-03-19 11:37:00,1154.0,1154.0,1152.0,1152.0,108
2015-03-19 11:38:00,1152.0,1152.0,1152.0,1152.0,20
2015-03-19 11:39:00,1152.0,1152.0,1152.0,1152.0,20
2015-03-19 11:40:00,1152.0,1152.0,1152.0,1152.0,0
2015-03-19 11:41:00,1152.0,1152.0,1152.0,1152.0,0
2015-03-19 11:42:00,1152.0,1152.0,1152.0,1152.0,0
2015-03-19 11:43:00,1152.0,1152.0,1145.5,1145.5,149
2015-03-19 11:44:00,1145.5,1147.85,1145.5,1147.85,10
2015-03-19 11:45:00,1148.0,1150.0,1148.0,1150.0,52
2015-03-19 11:46:00,1148.0,1148.0,1148.0,1148.0,30
2015-03-19 11:47:00,1150.0,1150.0,1148.0,1148.0,65
2015-03-19 11:48:00,1147.0,1147.0,1147.0,1147.0,40
2015-03-19 11:49:00,1146.95,1146.95,1146.95,1146.95,5
2015-03-19 11:50:00,1147.0,1147.0,1147.0,1147.0,72
2015-03-19 11:51:00,1147.0,1147.0,1147.0,1147.0,0
2015-03-19 11:52:00,1150.0,1150.0,1150.0,1150.0,75
2015-03-19 11:53:00,1150.0,1150.0,1150.0,1150.0,0
2015-03-19 11:54:00,1150.0,1150.0,1150.0,1150.0,0
2015-03-19 11:55:00,1146.8,1146.8,1146.8,1146.8,100
2015-03-19 11:56:00,1148.4,1148.4,1148.4,1148.4,1
2015-03-19 11:57:00,1148.4,1148.4,1148.4,1148.4,1
2015-03-19 11:58:00,1148.4,1148.4,1146.9,1148.4,56
2015-03-19 11:59:00,1148.4,1148.4,1148.4,1148.4,0
2015-03-19 12:00:00,1148.4,1148.4,1148.4,1148.4,0
2015-03-19 12:01:00,1148.4,1148.4,1148.4,1148.4,1
2015-03-19 12:02:00,1148.4,1150.0,1148.4,1150.0,102
2015-03-19 12:03:00,1150.0,1150.0,1150.0,1150.0,0
2015-03-19 12:04:00,1150.0,1150.0,1150.0,1150.0,0
2015-03-19 12:05:00,1150.0,1150.0,1150.0,1150.0,0
2015-03-19 12:06:00,1150.0,1150.0,1150.0,1150.0,0
2015-03-19 12:07:00,1152.35,1155.0,1152.35,1155.0,2
2015-03-19 12:08:00,1156.5,1156.5,1156.5,1156.5,10
2015-03-19 12:09:00,1156.5,1156.5,1156.5,1156.5,0
2015-03-19 12:10:00,1156.5,1156.5,1156.5,1156.5,0
2015-03-19 12:11:00,1156.5,1156.5,1156.5,1156.5,0
2015-03-19 12:12:00,1156.5,1156.5,1156.5,1156.5,0
2015-03-19 12:13:00,1156.5,1156.5,1156.5,1156.5,0
2015-03-19 12:14:00,1156.5,1156.5,1156.5,1156.5,0
2015-03-19 12:15:00,1156.5,1156.5,1156.5,1156.5,0
2015-03-19 12:16:00,1156.5,1156.5,1156.5,1156.5,6
2015-03-19 12:17:00,1159.0,1159.0,1159.0,1159.0,10
2015-03-19 12:18:00,1159.0,1159.0,1157.7,1157.7,5
2015-03-19 12:19:00,1157.7,1157.7,1157.7,1157.7,0
2015-03-19 12:20:00,1157.7,1157.7,1157.7,1157.7,0
2015-03-19 12:21:00,1157.7,1157.7,1157.05,1157.05,10
2015-03-19 12:22:00,1157.7,1157.7,1157.7,1157.7,2
2015-03-19 12:23:00,1157.7,1157.7,1157.7,1157.7,0
2015-03-19 12:24:00,1157.05,1157.05,1157.05,1157.05,0
2015-03-19 12:25:00,1157.7,1157.7,1157.7,1157.7,0
2015-03-19 12:26:00,1157.7,1157.7,1157.7,1157.7,0
2015-03-19 12:27:00,1157.7,1158.05,1157.7,1158.05,5
2015-03-19 12:28:00,1158.05,1158.05,1158.05,1158.05,0
2015-03-19 12:29:00,1158.05,1158.05,1158.05,1158.05,0
2015-03-19 12:30:00,1158.05,1158.05,1158.05,1158.05,0
2015-03-19 12:31:00,1158.05,1158.05,1158.05,1158.05,7
2015-03-19 12:32:00,1158.05,1158.05,1158.05,1158.05,0
2015-03-19 12:33:00,1158.05,1158.05,1158.05,1158.05,0
2015-03-19 12:34:00,1158.05,1158.05,1158.05,1158.05,0
2015-03-19 12:35:00,1158.05,1158.05,1158.05,1158.05,0
2015-03-19 12:36:00,1158.05,1158.05,1158.05,1158.05,0
2015-03-19 12:37:00,1158.05,1158.05,1158.05,1158.05,19
2015-03-19 12:38:00,1158.05,1158.05,1158.05,1158.05,0
2015-03-19 12:39:00,1158.05,1158.05,1158.05,1158.05,0
2015-03-19 12:40:00,1158.05,1158.05,1158.05,1158.05,0
2015-03-19 12:41:00,1158.05,1158.05,1158.05,1158.05,5
2015-03-19 12:42:00,1158.05,1158.05,1158.05,1158.05,0
2015-03-19 12:43:00,1158.05,1158.05,1158.05,1158.05,0
2015-03-19 12:44:00,1158.05,1158.05,1158.05,1158.05,2
2015-03-19 12:45:00,1158.0,1158.0,1158.0,1158.0,10
2015-03-19 12:46:00,1158.0,1158.0,1158.0,1158.0,0
2015-03-19 12:47:00,1158.05,1158.05,1158.05,1158.05,0
2015-03-19 12:48:00,1158.0,1158.0,1157.0,1157.0,19
2015-03-19 12:49:00,1157.0,1157.0,1157.0,1157.0,0
2015-03-19 12:50:00,1157.0,1157.0,1157.0,1157.0,0
2015-03-19 12:51:00,1157.0,1157.0,1157.0,1157.0,0
2015-03-19 12:52:00,1158.0,1158.0,1158.0,1158.0,0
2015-03-19 12:53:00,1157.0,1157.0,1157.0,1157.0,0
2015-03-19 12:54:00,1157.0,1157.0,1157.0,1157.0,0
2015-03-19 12:55:00,1157.0,1157.0,1157.0,1157.0,0
2015-03-19 12:56:00,1157.0,1157.0,1152.2,1152.2,1
2015-03-19 12:57:00,1152.2,1152.2,1152.2,1152.2,0
2015-03-19 12:58:00,1152.2,1152.2,1152.2,1152.2,0
2015-03-19 12:59:00,1152.2,1152.2,1152.2,1152.2,0
2015-03-19 13:00:00,1152.2,1152.2,1152.2,1152.2,0
2015-03-19 13:01:00,1152.2,1152.2,1152.2,1152.2,0
2015-03-19 13:02:00,1152.2,1152.2,1152.2,1152.2,0
2015-03-19 13:03:00,1152.2,1152.2,1152.2,1152.2,0
2015-03-19 13:04:00,1152.2,1152.2,1152.1,1152.1,32
2015-03-19 13:05:00,1152.1,1152.1,1152.1,1152.1,0
2015-03-19 13:06:00,1152.2,1152.2,1152.2,1152.2,0
2015-03-19 13:07:00,1156.25,1156.25,1156.25,1156.25,1
2015-03-19 13:08:00,1156.25,1156.25,1152.0,1152.0,15
2015-03-19 13:09:00,1152.0,1152.0,1152.0,1152.0,0
2015-03-19 13:10:00,1152.0,1152.0,1152.0,1152.0,0
2015-03-19 13:11:00,1152.0,1152.0,1152.0,1152.0,0
2015-03-19 13:12:00,1150.05,1150.05,1150.05,1150.05,25
2015-03-19 13:13:00,1150.05,1150.05,1150.05,1150.05,0
2015-03-19 13:14:00,1152.0,1152.0,1152.0,1152.0,0
2015-03-19 13:15:00,1151.95,1151.95,1150.0,1150.0,35
2015-03-19 13:16:00,1150.0,1152.0,1150.0,1152.0,35
2015-03-19 13:17:00,1152.0,1152.0,1152.0,1152.0,0
2015-03-19 13:18:00,1152.0,1152.0,1152.0,1152.0,0
2015-03-19 13:19:00,1152.0,1152.0,1152.0,1152.0,20
2015-03-19 13:20:00,1152.0,1152.0,1152.0,1152.0,66
2015-03-19 13:21:00,1150.0,1150.0,1150.0,1150.0,10
2015-03-19 13:22:00,1150.0,1150.0,1150.0,1150.0,0
2015-03-19 13:23:00,1150.0,1150.0,1150.0,1150.0,0
2015-03-19 13:24:00,1150.0,1150.0,1150.0,1150.0,0
2015-03-19 13:25:00,1150.0,1152.0,1150.0,1152.0,1
2015-03-19 13:26:00,1152.0,1152.0,1152.0,1152.0,0
2015-03-19 13:27:00,1152.0,1152.0,1152.0,1152.0,103
2015-03-19 13:28:00,1152.0,1152.0,1152.0,1152.0,0
2015-03-19 13:29:00,1152.0,1152.0,1152.0,1152.0,0
2015-03-19 13:30:00,1152.0,1152.0,1152.0,1152.0,2
2015-03-19 13:31:00,1152.0,1152.0,1152.0,1152.0,0
2015-03-19 13:32:00,1152.0,1152.0,1152.0,1152.0,5
2015-03-19 13:33:00,1152.0,1152.0,1152.0,1152.0,0
2015-03-19 13:34:00,1152.0,1152.0,1152.0,1152.0,0
2015-03-19 13:35:00,1150.45,1150.45,1150.1,1150.1,25
2015-03-19 13:36:00,1150.1,1150.1,1150.1,1150.1,0
2015-03-19 13:37:00,1147.95,1148.0,1147.95,1148.0,488
2015-03-19 13:38:00,1148.0,1148.0,1148.0,1148.0,20
2015-03-19 13:39:00,1148.0,1148.0,1148.0,1148.0,0
2015-03-19 13:40:00,1147.0,1148.0,1147.0,1148.0,37
2015-03-19 13:41:00,1147.0,1147.0,1147.0,1147.0,112
2015-03-19 13:42:00,1147.0,1147.0,1147.0,1147.0,19
2015-03-19 13:43:00,1147.0,1147.0,1147.0,1147.0,0
2015-03-19 13:44:00,1146.95,1146.95,1145.05,1145.05,63
2015-03-19 13:45:00,1145.05,1145.05,1145.05,1145.05,0
2015-03-19 13:46:00,1145.05,1145.05,1145.05,1145.05,0
2015-03-19 13:47:00,1145.05,1149.2,1145.05,1149.2,5
2015-03-19 13:48:00,1149.2,1149.2,1149.2,1149.2,0
2015-03-19 13:49:00,1149.2,1149.2,1149.2,1149.2,0
2015-03-19 13:50:00,1149.2,1149.2,1149.2,1149.2,0
2015-03-19 13:51:00,1149.2,1149.2,1149.2,1149.2,0
2015-03-19 13:52:00,1149.2,1149.2,1149.2,1149.2,0
2015-03-19 13:53:00,1149.2,1149.2,1149.2,1149.2,0
2015-03-19 13:54:00,1149.2,1149.2,1149.2,1149.2,2
2015-03-19 13:55:00,1149.2,1149.2,1149.2,1149.2,0
2015-03-19 13:56:00,1149.2,1149.2,1149.2,1149.2,0
2015-03-19 13:57:00,1149.2,1149.2,1149.2,1149.2,0
2015-03-19 13:58:00,1149.2,1149.2,1146.75,1146.75,1
2015-03-19 13:59:00,1146.75,1146.75,1146.75,1146.75,0
2015-03-19 14:00:00,1146.75,1146.75,1146.75,1146.75,0
2015-03-19 14:01:00,1146.75,1146.75,1146.75,1146.75,0
2015-03-19 14:02:00,1146.75,1146.75,1146.75,1146.75,0
2015-03-19 14:03:00,1146.75,1146.75,1146.75,1146.75,0
2015-03-19 14:04:00,1146.75,1149.05,1146.75,1149.05,2
2015-03-19 14:05:00,1149.05,1149.05,1149.05,1149.05,0
2015-03-19 14:06:00,1149.05,1149.05,1149.05,1149.05,0
2015-03-19 14:07:00,1149.05,1151.85,1149.05,1151.85,5
2015-03-19 14:08:00,1151.85,1151.85,1151.85,1151.85,0
2015-03-19 14:09:00,1151.85,1151.85,1149.35,1149.35,5
2015-03-19 14:10:00,1149.35,1150.5,1149.35,1150.5,1
2015-03-19 14:11:00,1150.45,1150.45,1150.45,1150.45,1
2015-03-19 14:12:00,1152.0,1152.0,1152.0,1152.0,50
2015-03-19 14:13:00,1152.0,1152.0,1152.0,1152.0,0
2015-03-19 14:14:00,1152.0,1152.0,1152.0,1152.0,0
2015-03-19 14:15:00,1149.25,1149.25,1149.25,1149.25,10
2015-03-19 14:16:00,1149.25,1149.25,1149.25,1149.25,0
2015-03-19 14:17:00,1149.25,1149.25,1149.25,1149.25,0
2015-03-19 14:18:00,1149.25,1149.25,1149.25,1149.25,0
2015-03-19 14:19:00,1149.25,1149.25,1149.25,1149.25,0
2015-03-19 14:20:00,1151.8,1151.8,1151.8,1151.8,10
2015-03-19 14:21:00,1151.8,1151.8,1151.8,1151.8,0
2015-03-19 14:22:00,1151.8,1151.8,1151.8,1151.8,0
2015-03-19 14:23:00,1149.0,1149.0,1148.0,1148.0,99
2015-03-19 14:24:00,1148.0,1148.0,1148.0,1148.0,0
2015-03-19 14:25:00,1148.0,1148.0,1148.0,1148.0,0
2015-03-19 14:26:00,1148.0,1148.0,1148.0,1148.0,0
2015-03-19 14:27:00,1148.05,1148.05,1145.4,1145.4,26
2015-03-19 14:28:00,1145.4,1145.4,1145.4,1145.4,0
2015-03-19 14:29:00,1145.4,1145.4,1145.4,1145.4,0
2015-03-19 14:30:00,1145.4,1145.4,1145.4,1145.4,0
2015-03-19 14:31:00,1145.0,1145.0,1145.0,1145.0,30
2015-03-19 14:32:00,1145.0,1145.0,1145.0,1145.0,0
2015-03-19 14:33:00,1145.0,1145.0,1145.0,1145.0,0
2015-03-19 14:34:00,1145.0,1145.0,1145.0,1145.0,0
2015-03-19 14:35:00,1143.7,1143.7,1141.1,1141.1,59
2015-03-19 14:36:00,1141.15,1141.15,1141.15,1141.15,1
2015-03-19 14:37:00,1141.15,1141.15,1141.15,1141.15,0
2015-03-19 14:38:00,1141.15,1141.15,1141.15,1141.15,0
2015-03-19 14:39:00,1141.15,1141.15,1141.15,1141.15,0
2015-03-19 14:40:00,1141.15,1143.95,1141.15,1143.95,3
2015-03-19 14:41:00,1144.0,1144.0,1142.1,1142.1,22
2015-03-19 14:42:00,1145.0,1150.3,1145.0,1150.3,268
2015-03-19 14:43:00,1150.3,1150.3,1150.3,1150.3,0
2015-03-19 14:44:00,1148.95,1148.95,1147.1,1148.7,13
2015-03-19 14:45:00,1148.7,1149.0,1148.7,1149.0,8
2015-03-19 14:46:00,1149.0,1149.0,1149.0,1149.0,52
2015-03-19 14:47:00,1149.0,1149.0,1148.0,1148.0,27
2015-03-19 14:48:00,1148.0,1148.0,1148.0,1148.0,10
2015-03-19 14:49:00,1148.0,1148.0,1148.0,1148.0,2
2015-03-19 14:50:00,1148.0,1148.0,1148.0,1148.0,0
2015-03-19 14:51:00,1148.0,1148.0,1148.0,1148.0,0
2015-03-19 14:52:00,1148.0,1148.0,1148.0,1148.0,0
2015-03-19 14:53:00,1148.0,1148.0,1148.0,1148.0,0
2015-03-19 14:54:00,1148.0,1148.0,1148.0,1148.0,0
2015-03-19 14:55:00,1147.0,1147.0,1147.0,1147.0,6
2015-03-19 14:56:00,1144.05,1144.05,1144.0,1144.0,42
2015-03-19 14:57:00,1142.0,1142.0,1142.0,1142.0,8
2015-03-19 14:58:00,1142.0,1142.0,1142.0,1142.0,48
2015-03-19 14:59:00,1142.0,1142.0,1142.0,1142.0,0
2015-03-19 15:00:00,1142.0,1142.0,1138.0,1139.95,445
2015-03-19 15:01:00,1139.95,1139.95,1125.0,1129.35,859
2015-03-19 15:02:00,1129.35,1135.0,1129.35,1135.0,56
2015-03-19 15:03:00,1130.0,1130.0,1128.4,1130.0,519
2015-03-19 15:04:00,1131.3,1131.3,1131.3,1131.3,13
2015-03-19 15:05:00,1130.05,1130.55,1130.05,1130.55,3
2015-03-19 15:06:00,1131.2,1131.2,1131.2,1131.2,5
2015-03-19 15:07:00,1135.35,1137.0,1135.35,1137.0,19
2015-03-19 15:08:00,1138.5,1138.5,1131.35,1131.35,18
2015-03-19 15:09:00,1135.0,1135.0,1131.15,1131.15,6
2015-03-19 15:10:00,1131.35,1131.35,1131.35,1131.35,21
2015-03-19 15:11:00,1131.35,1135.0,1128.1,1128.1,71
2015-03-19 15:12:00,1128.1,1134.05,1128.1,1130.2,32
2015-03-19 15:13:00,1130.2,1134.15,1130.2,1134.15,2
2015-03-19 15:14:00,1134.15,1134.15,1134.15,1134.15,0
2015-03-19 15:15:00,1130.15,1130.15,1130.15,1130.15,23
2015-03-19 15:16:00,1130.15,1130.15,1129.0,1130.0,216
2015-03-19 15:17:00,1130.0,1134.2,1130.0,1134.2,153
2015-03-19 15:18:00,1134.2,1134.65,1134.2,1134.5,15
2015-03-19 15:19:00,1132.0,1132.0,1128.0,1128.05,33
2015-03-19 15:20:00,1122.0,1124.1,1122.0,1123.75,156
2015-03-19 15:21:00,1121.15,1122.25,1121.15,1122.25,102
2015-03-19 15:22:00,1124.5,1126.85,1122.0,1122.0,87
2015-03-19 15:23:00,1122.0,1122.0,1121.15,1121.2,71
2015-03-19 15:24:00,1121.2,1122.1,1121.2,1122.1,25
2015-03-19 15:25:00,1122.1,1122.1,1122.1,1122.1,0
2015-03-19 15:26:00,1124.05,1126.0,1124.05,1126.0,54
2015-03-19 15:27:00,1125.05,1130.35,1125.05,1130.35,24
2015-03-19 15:28:00,1128.1,1128.1,1128.1,1128.1,7
2015-03-19 15:29:00,1128.1,1128.1,1126.5,1126.5,217
2015-03-20 09:15:00,1142.0,1142.0,1125.5,1125.5,166
2015-03-20 09:16:00,1126.85,1126.85,1126.85,1126.85,3
2015-03-20 09:17:00,1126.85,1127.0,1126.85,1127.0,2
2015-03-20 09:18:00,1127.0,1132.0,1127.0,1132.0,7
2015-03-20 09:19:00,1132.0,1132.0,1130.05,1130.05,45
2015-03-20 09:20:00,1130.05,1130.05,1125.5,1125.5,50
2015-03-20 09:21:00,1125.5,1125.5,1125.5,1125.5,0
2015-03-20 09:22:00,1125.5,1125.5,1125.5,1125.5,0
2015-03-20 09:23:00,1125.5,1130.0,1125.5,1125.55,54
2015-03-20 09:24:00,1125.55,1125.55,1125.55,1125.55,0
2015-03-20 09:25:00,1125.55,1125.55,1125.55,1125.55,0
2015-03-20 09:26:00,1125.55,1125.55,1125.55,1125.55,0
2015-03-20 09:27:00,1130.0,1130.0,1130.0,1130.0,50
2015-03-20 09:28:00,1130.0,1130.0,1130.0,1130.0,0
2015-03-20 09:29:00,1130.0,1130.0,1130.0,1130.0,0
2015-03-20 09:30:00,1130.0,1130.0,1130.0,1130.0,20
2015-03-20 09:31:00,1130.0,1130.0,1130.0,1130.0,49
2015-03-20 09:32:00,1130.0,1130.0,1130.0,1130.0,0
2015-03-20 09:33:00,1130.0,1130.0,1130.0,1130.0,0
2015-03-20 09:34:00,1130.0,1130.0,1130.0,1130.0,0
2015-03-20 09:35:00,1130.0,1130.0,1130.0,1130.0,0
2015-03-20 09:36:00,1130.0,1130.0,1130.0,1130.0,0
2015-03-20 09:37:00,1131.0,1132.0,1131.0,1132.0,200
2015-03-20 09:38:00,1132.0,1132.0,1132.0,1132.0,0
2015-03-20 09:39:00,1132.0,1132.0,1132.0,1132.0,0
2015-03-20 09:40:00,1127.05,1135.0,1127.05,1135.0,330
2015-03-20 09:41:00,1135.0,1135.0,1135.0,1135.0,0
2015-03-20 09:42:00,1135.0,1135.0,1135.0,1135.0,0
2015-03-20 09:43:00,1135.0,1135.0,1135.0,1135.0,0
2015-03-20 09:44:00,1129.0,1129.0,1129.0,1129.0,17
2015-03-20 09:45:00,1129.0,1129.0,1129.0,1129.0,0
2015-03-20 09:46:00,1129.0,1129.0,1129.0,1129.0,0
2015-03-20 09:47:00,1129.0,1129.0,1129.0,1129.0,0
2015-03-20 09:48:00,1129.0,1129.0,1129.0,1129.0,0
2015-03-20 09:49:00,1129.0,1129.0,1129.0,1129.0,0
2015-03-20 09:50:00,1129.0,1129.0,1129.0,1129.0,0
2015-03-20 09:51:00,1129.0,1129.0,1129.0,1129.0,0
2015-03-20 09:52:00,1132.0,1132.0,1132.0,1132.0,5
2015-03-20 09:53:00,1132.0,1132.0,1132.0,1132.0,0
2015-03-20 09:54:00,1132.0,1132.0,1132.0,1132.0,0
2015-03-20 09:55:00,1132.0,1132.0,1132.0,1132.0,0
2015-03-20 09:56:00,1132.0,1132.0,1132.0,1132.0,0
2015-03-20 09:57:00,1129.0,1129.0,1129.0,1129.0,100
2015-03-20 09:58:00,1129.0,1129.0,1129.0,1129.0,0
2015-03-20 09:59:00,1129.0,1129.0,1129.0,1129.0,5
2015-03-20 10:00:00,1129.0,1129.0,1129.0,1129.0,0
2015-03-20 10:01:00,1129.0,1129.0,1129.0,1129.0,0
2015-03-20 10:02:00,1129.0,1129.0,1129.0,1129.0,0
2015-03-20 10:03:00,1129.0,1129.0,1129.0,1129.0,0
2015-03-20 10:04:00,1129.0,1129.0,1129.0,1129.0,0
2015-03-20 10:05:00,1129.0,1129.0,1129.0,1129.0,0
2015-03-20 10:06:00,1129.0,1129.0,1127.0,1127.0,92
2015-03-20 10:07:00,1127.0,1127.0,1127.0,1127.0,0
2015-03-20 10:08:00,1128.0,1128.0,1128.0,1128.0,2
2015-03-20 10:09:00,1128.0,1128.0,1128.0,1128.0,0
2015-03-20 10:10:00,1128.0,1128.0,1128.0,1128.0,0
2015-03-20 10:11:00,1128.0,1128.0,1128.0,1128.0,0
2015-03-20 10:12:00,1128.0,1128.0,1128.0,1128.0,0
2015-03-20 10:13:00,1128.0,1128.0,1128.0,1128.0,0
2015-03-20 10:14:00,1130.0,1130.0,1130.0,1130.0,10
2015-03-20 10:15:00,1130.0,1130.0,1130.0,1130.0,10
2015-03-20 10:16:00,1130.0,1130.0,1130.0,1130.0,0
2015-03-20 10:17:00,1130.0,1132.0,1130.0,1132.0,25
2015-03-20 10:18:00,1130.0,1133.7,1130.0,1133.7,21
2015-03-20 10:19:00,1133.7,1133.7,1133.7,1133.7,0
2015-03-20 10:20:00,1130.05,1130.05,1130.0,1130.0,55
2015-03-20 10:21:00,1130.0,1130.0,1130.0,1130.0,0
2015-03-20 10:22:00,1130.0,1130.0,1130.0,1130.0,0
2015-03-20 10:23:00,1130.0,1130.0,1130.0,1130.0,0
2015-03-20 10:24:00,1130.0,1130.0,1130.0,1130.0,5
2015-03-20 10:25:00,1130.0,1130.0,1130.0,1130.0,0
2015-03-20 10:26:00,1130.0,1130.0,1130.0,1130.0,12
2015-03-20 10:27:00,1127.5,1127.5,1127.5,1127.5,88
2015-03-20 10:28:00,1127.5,1127.5,1127.5,1127.5,0
2015-03-20 10:29:00,1127.5,1127.5,1127.5,1127.5,0
2015-03-20 10:30:00,1127.5,1127.5,1127.5,1127.5,0
2015-03-20 10:31:00,1130.0,1130.0,1130.0,1130.0,0
2015-03-20 10:32:00,1132.75,1132.75,1132.75,1132.75,2
2015-03-20 10:33:00,1132.75,1132.75,1132.75,1132.75,0
2015-03-20 10:34:00,1128.05,1128.05,1128.05,1128.05,10
2015-03-20 10:35:00,1131.95,1131.95,1131.95,1131.95,20
2015-03-20 10:36:00,1131.95,1131.95,1131.95,1131.95,0
2015-03-20 10:37:00,1128.05,1128.05,1128.05,1128.05,0
2015-03-20 10:38:00,1131.95,1131.95,1131.95,1131.95,0
2015-03-20 10:39:00,1128.05,1128.05,1128.05,1128.05,0
2015-03-20 10:40:00,1128.05,1128.05,1128.05,1128.05,10
2015-03-20 10:41:00,1128.05,1128.05,1128.05,1128.05,0
2015-03-20 10:42:00,1128.05,1128.05,1128.05,1128.05,0
2015-03-20 10:43:00,1128.05,1130.0,1127.0,1127.0,126
2015-03-20 10:44:00,1126.1,1126.1,1126.1,1126.1,124
2015-03-20 10:45:00,1126.1,1126.1,1126.1,1126.1,0
2015-03-20 10:46:00,1127.0,1127.0,1127.0,1127.0,0
2015-03-20 10:47:00,1126.1,1126.1,1126.1,1126.1,35
2015-03-20 10:48:00,1126.1,1126.1,1126.1,1126.1,0
2015-03-20 10:49:00,1126.1,1126.1,1126.1,1126.1,0
2015-03-20 10:50:00,1126.1,1126.1,1126.1,1126.1,0
2015-03-20 10:51:00,1126.1,1126.1,1126.1,1126.1,0
2015-03-20 10:52:00,1126.1,1126.1,1126.1,1126.1,0
2015-03-20 10:53:00,1126.1,1126.1,1126.1,1126.1,0
2015-03-20 10:54:00,1126.1,1126.1,1126.1,1126.1,0
2015-03-20 10:55:00,1126.1,1126.1,1126.1,1126.1,4
2015-03-20 10:56:00,1126.1,1126.1,1126.1,1126.1,0
2015-03-20 10:57:00,1126.1,1126.1,1126.1,1126.1,0
2015-03-20 10:58:00,1126.1,1126.1,1126.1,1126.1,0
2015-03-20 10:59:00,1126.1,1126.1,1126.1,1126.1,0
2015-03-20 11:00:00,1126.1,1126.1,1126.1,1126.1,0
2015-03-20 11:01:00,1126.0,1126.0,1125.0,1125.0,100
2015-03-20 11:02:00,1125.0,1125.0,1125.0,1125.0,0
2015-03-20 11:03:00,1126.1,1126.1,1126.1,1126.1,0
2015-03-20 11:04:00,1125.0,1125.0,1125.0,1125.0,0
2015-03-20 11:05:00,1126.1,1126.1,1126.1,1126.1,0
2015-03-20 11:06:00,1125.0,1130.0,1125.0,1130.0,50
2015-03-20 11:07:00,1130.0,1132.0,1130.0,1131.9,101
2015-03-20 11:08:00,1131.9,1131.9,1131.9,1131.9,0
2015-03-20 11:09:00,1131.9,1131.9,1131.9,1131.9,0
2015-03-20 11:10:00,1131.9,1131.9,1131.9,1131.9,0
2015-03-20 11:11:00,1131.9,1131.9,1131.9,1131.9,0
2015-03-20 11:12:00,1131.9,1131.9,1126.65,1126.65,10
2015-03-20 11:13:00,1126.65,1126.65,1126.65,1126.65,0
2015-03-20 11:14:00,1126.65,1126.65,1126.65,1126.65,0
2015-03-20 11:15:00,1126.65,1126.65,1126.05,1126.05,1
2015-03-20 11:16:00,1126.05,1126.05,1126.05,1126.05,0
2015-03-20 11:17:00,1126.05,1126.05,1126.05,1126.05,0
2015-03-20 11:18:00,1126.05,1126.05,1126.05,1126.05,0
2015-03-20 11:19:00,1126.05,1126.05,1126.0,1126.0,12
2015-03-20 11:20:00,1126.0,1126.0,1126.0,1126.0,0
2015-03-20 11:21:00,1126.0,1126.0,1126.0,1126.0,0
2015-03-20 11:22:00,1126.0,1126.0,1126.0,1126.0,0
2015-03-20 11:23:00,1126.0,1126.0,1126.0,1126.0,0
2015-03-20 11:24:00,1126.0,1126.0,1126.0,1126.0,0
2015-03-20 11:25:00,1126.0,1126.0,1126.0,1126.0,0
2015-03-20 11:26:00,1126.0,1126.0,1126.0,1126.0,0
2015-03-20 11:27:00,1126.0,1126.0,1126.0,1126.0,0
2015-03-20 11:28:00,1126.0,1126.0,1126.0,1126.0,0
2015-03-20 11:29:00,1126.0,1126.0,1126.0,1126.0,0
2015-03-20 11:30:00,1126.0,1126.0,1126.0,1126.0,0
2015-03-20 11:31:00,1126.0,1128.0,1126.0,1128.0,18
2015-03-20 11:32:00,1128.0,1128.0,1128.0,1128.0,0
2015-03-20 11:33:00,1128.0,1128.0,1128.0,1128.0,0
2015-03-20 11:34:00,1128.0,1128.0,1128.0,1128.0,0
2015-03-20 11:35:00,1128.0,1128.0,1128.0,1128.0,0
2015-03-20 11:36:00,1128.0,1128.0,1128.0,1128.0,0
2015-03-20 11:37:00,1128.0,1128.0,1128.0,1128.0,0
2015-03-20 11:38:00,1131.9,1132.0,1128.05,1132.0,141
2015-03-20 11:39:00,1132.0,1132.0,1132.0,1132.0,0
2015-03-20 11:40:00,1132.0,1132.0,1132.0,1132.0,495
2015-03-20 11:41:00,1132.0,1132.0,1132.0,1132.0,0
2015-03-20 11:42:00,1132.0,1132.0,1132.0,1132.0,0
2015-03-20 11:43:00,1132.0,1132.0,1132.0,1132.0,0
2015-03-20 11:44:00,1133.0,1133.0,1133.0,1133.0,55
2015-03-20 11:45:00,1133.0,1133.0,1132.0,1132.0,95
2015-03-20 11:46:00,1132.0,1132.0,1132.0,1132.0,3
2015-03-20 11:47:00,1132.0,1132.0,1132.0,1132.0,0
2015-03-20 11:48:00,1132.0,1132.0,1132.0,1132.0,0
2015-03-20 11:49:00,1133.45,1133.45,1133.45,1133.45,1
2015-03-20 11:50:00,1133.45,1133.45,1133.45,1133.45,0
2015-03-20 11:51:00,1132.0,1132.0,1132.0,1132.0,0
2015-03-20 11:52:00,1133.45,1133.45,1133.45,1133.45,0
2015-03-20 11:53:00,1132.0,1132.0,1132.0,1132.0,46
2015-03-20 11:54:00,1133.45,1133.45,1133.45,1133.45,20
2015-03-20 11:55:00,1133.45,1133.45,1133.45,1133.45,0
2015-03-20 11:56:00,1133.45,1133.45,1133.45,1133.45,0
2015-03-20 11:57:00,1133.45,1133.45,1133.45,1133.45,0
2015-03-20 11:58:00,1132.0,1132.0,1132.0,1132.0,2
2015-03-20 11:59:00,1132.0,1132.0,1132.0,1132.0,0
2015-03-20 12:00:00,1132.0,1132.0,1132.0,1132.0,2
2015-03-20 12:01:00,1132.0,1132.0,1132.0,1132.0,0
2015-03-20 12:02:00,1133.45,1133.45,1133.45,1133.45,0
2015-03-20 12:03:00,1132.0,1132.0,1132.0,1132.0,100
2015-03-20 12:04:00,1132.0,1132.0,1132.0,1132.0,0
2015-03-20 12:05:00,1132.0,1132.0,1132.0,1132.0,0
2015-03-20 12:06:00,1134.0,1134.0,1132.2,1132.2,400
2015-03-20 12:07:00,1132.2,1132.2,1132.2,1132.2,0
2015-03-20 12:08:00,1134.0,1134.0,1134.0,1134.0,121
2015-03-20 12:09:00,1134.0,1134.0,1134.0,1134.0,0
2015-03-20 12:10:00,1134.0,1134.0,1134.0,1134.0,0
2015-03-20 12:11:00,1134.0,1134.0,1134.0,1134.0,0
2015-03-20 12:12:00,1134.0,1134.0,1134.0,1134.0,0
2015-03-20 12:13:00,1134.0,1134.0,1134.0,1134.0,0
2015-03-20 12:14:00,1134.0,1134.0,1134.0,1134.0,0
2015-03-20 12:15:00,1134.0,1134.0,1134.0,1134.0,0
2015-03-20 12:16:00,1134.0,1134.0,1134.0,1134.0,0
2015-03-20 12:17:00,1134.0,1134.0,1134.0,1134.0,0
2015-03-20 12:18:00,1134.0,1134.0,1134.0,1134.0,0
2015-03-20 12:19:00,1132.0,1132.0,1132.0,1132.0,1
2015-03-20 12:20:00,1133.75,1133.75,1133.75,1133.75,50
2015-03-20 12:21:00,1133.75,1133.75,1133.75,1133.75,0
2015-03-20 12:22:00,1133.8,1133.8,1133.8,1133.8,10
2015-03-20 12:23:00,1133.8,1133.8,1133.8,1133.8,0
2015-03-20 12:24:00,1132.0,1132.0,1132.0,1132.0,0
2015-03-20 12:25:00,1133.8,1133.8,1133.8,1133.8,0
2015-03-20 12:26:00,1133.8,1133.8,1133.8,1133.8,0
2015-03-20 12:27:00,1133.8,1133.8,1133.8,1133.8,0
2015-03-20 12:28:00,1133.8,1133.8,1133.8,1133.8,0
2015-03-20 12:29:00,1133.8,1133.8,1133.8,1133.8,0
2015-03-20 12:30:00,1133.8,1133.8,1133.8,1133.8,0
2015-03-20 12:31:00,1133.8,1133.8,1133.8,1133.8,0
2015-03-20 12:32:00,1135.0,1135.0,1135.0,1135.0,149
2015-03-20 12:33:00,1140.85,1140.85,1137.05,1137.05,638
2015-03-20 12:34:00,1137.05,1140.0,1137.05,1140.0,15
2015-03-20 12:35:00,1142.0,1145.0,1142.0,1143.0,134
2015-03-20 12:36:00,1144.0,1144.0,1144.0,1144.0,4
2015-03-20 12:37:00,1144.0,1144.0,1144.0,1144.0,0
2015-03-20 12:38:00,1144.0,1144.0,1144.0,1144.0,0
2015-03-20 12:39:00,1144.0,1144.0,1144.0,1144.0,0
2015-03-20 12:40:00,1144.0,1144.0,1138.05,1138.05,7
2015-03-20 12:41:00,1138.05,1138.05,1138.05,1138.05,10
2015-03-20 12:42:00,1138.05,1138.05,1138.05,1138.05,0
2015-03-20 12:43:00,1140.65,1140.65,1138.0,1138.0,48
2015-03-20 12:44:00,1138.0,1138.0,1138.0,1138.0,20
2015-03-20 12:45:00,1138.0,1138.0,1138.0,1138.0,60
2015-03-20 12:46:00,1138.0,1138.0,1138.0,1138.0,87
2015-03-20 12:47:00,1137.5,1137.5,1137.5,1137.5,27
2015-03-20 12:48:00,1137.5,1137.5,1137.5,1137.5,0
2015-03-20 12:49:00,1137.5,1137.5,1137.5,1137.5,0
2015-03-20 12:50:00,1137.5,1137.5,1137.5,1137.5,0
2015-03-20 12:51:00,1137.5,1137.5,1137.5,1137.5,0
2015-03-20 12:52:00,1137.5,1137.5,1137.5,1137.5,0
2015-03-20 12:53:00,1137.5,1137.5,1137.5,1137.5,0
2015-03-20 12:54:00,1137.5,1137.5,1137.5,1137.5,0
2015-03-20 12:55:00,1137.5,1137.5,1137.5,1137.5,0
2015-03-20 12:56:00,1137.5,1137.5,1137.5,1137.5,0
2015-03-20 12:57:00,1137.5,1137.5,1137.5,1137.5,0
2015-03-20 12:58:00,1137.5,1137.5,1130.05,1130.05,21
2015-03-20 12:59:00,1130.0,1130.0,1130.0,1130.0,20
2015-03-20 13:00:00,1130.0,1130.0,1130.0,1130.0,0
2015-03-20 13:01:00,1130.0,1130.0,1130.0,1130.0,0
2015-03-20 13:02:00,1130.0,1130.0,1130.0,1130.0,0
2015-03-20 13:03:00,1130.0,1130.0,1130.0,1130.0,0
2015-03-20 13:04:00,1130.0,1130.0,1130.0,1130.0,0
2015-03-20 13:05:00,1130.0,1130.0,1130.0,1130.0,0
2015-03-20 13:06:00,1130.0,1130.0,1130.0,1130.0,0
2015-03-20 13:07:00,1130.0,1130.75,1130.0,1130.75,15
2015-03-20 13:08:00,1130.75,1130.75,1130.75,1130.75,0
2015-03-20 13:09:00,1130.75,1130.75,1130.75,1130.75,0
2015-03-20 13:10:00,1131.0,1131.0,1131.0,1131.0,7
2015-03-20 13:11:00,1131.0,1131.0,1129.85,1129.85,7
2015-03-20 13:12:00,1129.85,1129.85,1129.85,1129.85,0
2015-03-20 13:13:00,1129.85,1129.85,1129.85,1129.85,0
2015-03-20 13:14:00,1129.85,1129.85,1129.85,1129.85,0
2015-03-20 13:15:00,1131.95,1131.95,1131.95,1131.95,5
2015-03-20 13:16:00,1131.95,1131.95,1131.95,1131.95,0
2015-03-20 13:17:00,1131.95,1131.95,1131.95,1131.95,0
2015-03-20 13:18:00,1131.95,1131.95,1131.95,1131.95,0
2015-03-20 13:19:00,1131.95,1131.95,1131.95,1131.95,0
2015-03-20 13:20:00,1131.95,1131.95,1131.95,1131.95,0
2015-03-20 13:21:00,1131.95,1131.95,1131.95,1131.95,0
2015-03-20 13:22:00,1131.95,1131.95,1131.95,1131.95,0
2015-03-20 13:23:00,1131.95,1131.95,1131.95,1131.95,0
2015-03-20 13:24:00,1131.95,1131.95,1131.95,1131.95,0
2015-03-20 13:25:00,1131.95,1131.95,1131.95,1131.95,0
2015-03-20 13:26:00,1138.95,1138.95,1138.95,1138.95,81
2015-03-20 13:27:00,1138.95,1138.95,1138.95,1138.95,0
2015-03-20 13:28:00,1138.95,1138.95,1138.95,1138.95,0
2015-03-20 13:29:00,1138.95,1138.95,1138.95,1138.95,0
2015-03-20 13:30:00,1138.95,1138.95,1138.95,1138.95,0
2015-03-20 13:31:00,1138.95,1138.95,1138.95,1138.95,0
2015-03-20 13:32:00,1138.95,1138.95,1138.95,1138.95,0
2015-03-20 13:33:00,1138.95,1138.95,1138.95,1138.95,0
2015-03-20 13:34:00,1138.95,1138.95,1138.95,1138.95,0
2015-03-20 13:35:00,1138.95,1138.95,1138.95,1138.95,0
2015-03-20 13:36:00,1138.95,1138.95,1138.95,1138.95,0
2015-03-20 13:37:00,1138.95,1138.95,1138.95,1138.95,0
2015-03-20 13:38:00,1138.95,1138.95,1138.95,1138.95,0
2015-03-20 13:39:00,1138.95,1138.95,1138.0,1138.0,10
2015-03-20 13:40:00,1138.0,1138.0,1138.0,1138.0,0
2015-03-20 13:41:00,1138.0,1138.0,1138.0,1138.0,0
2015-03-20 13:42:00,1138.0,1138.0,1138.0,1138.0,0
2015-03-20 13:43:00,1138.0,1138.0,1138.0,1138.0,0
2015-03-20 13:44:00,1138.0,1138.0,1138.0,1138.0,0
2015-03-20 13:45:00,1138.0,1138.0,1138.0,1138.0,0
2015-03-20 13:46:00,1134.0,1134.0,1134.0,1134.0,1
2015-03-20 13:47:00,1134.0,1134.0,1134.0,1134.0,0
2015-03-20 13:48:00,1127.0,1128.05,1127.0,1128.05,52
2015-03-20 13:49:00,1128.05,1128.05,1128.05,1128.05,0
2015-03-20 13:50:00,1128.05,1128.05,1128.05,1128.05,0
2015-03-20 13:51:00,1128.05,1128.05,1128.05,1128.05,0
2015-03-20 13:52:00,1128.05,1128.05,1128.05,1128.05,0
2015-03-20 13:53:00,1128.05,1128.05,1128.05,1128.05,0
2015-03-20 13:54:00,1128.05,1128.05,1128.05,1128.05,0
2015-03-20 13:55:00,1128.05,1128.05,1128.05,1128.05,0
2015-03-20 13:56:00,1128.05,1128.05,1128.05,1128.05,0
2015-03-20 13:57:00,1127.5,1133.95,1127.5,1133.95,15
2015-03-20 13:58:00,1133.95,1133.95,1133.95,1133.95,0
2015-03-20 13:59:00,1134.0,1134.0,1134.0,1134.0,11
2015-03-20 14:00:00,1134.0,1134.0,1133.95,1133.95,1
2015-03-20 14:01:00,1133.95,1133.95,1133.95,1133.95,0
2015-03-20 14:02:00,1133.95,1133.95,1133.95,1133.95,0
2015-03-20 14:03:00,1133.95,1133.95,1133.95,1133.95,0
2015-03-20 14:04:00,1133.95,1133.95,1133.95,1133.95,0
2015-03-20 14:05:00,1133.95,1133.95,1133.95,1133.95,0
2015-03-20 14:06:00,1133.95,1133.95,1133.95,1133.95,0
2015-03-20 14:07:00,1133.95,1133.95,1133.95,1133.95,0
2015-03-20 14:08:00,1133.95,1133.95,1133.95,1133.95,0
2015-03-20 14:09:00,1133.95,1133.95,1133.95,1133.95,0
2015-03-20 14:10:00,1127.95,1127.95,1127.95,1127.95,3
2015-03-20 14:11:00,1127.95,1127.95,1127.95,1127.95,0
2015-03-20 14:12:00,1133.95,1133.95,1133.95,1133.95,0
2015-03-20 14:13:00,1127.95,1127.95,1127.95,1127.95,0
2015-03-20 14:14:00,1133.95,1133.95,1133.95,1133.95,0
2015-03-20 14:15:00,1127.95,1127.95,1127.95,1127.95,0
2015-03-20 14:16:00,1127.95,1127.95,1127.95,1127.95,23
2015-03-20 14:17:00,1127.95,1127.95,1127.95,1127.95,0
2015-03-20 14:18:00,1127.95,1127.95,1127.95,1127.95,0
2015-03-20 14:19:00,1127.95,1127.95,1127.95,1127.95,0
2015-03-20 14:20:00,1128.0,1128.0,1128.0,1128.0,5
2015-03-20 14:21:00,1128.0,1128.0,1128.0,1128.0,0
2015-03-20 14:22:00,1128.0,1128.0,1128.0,1128.0,0
2015-03-20 14:23:00,1128.0,1128.0,1128.0,1128.0,0
2015-03-20 14:24:00,1128.05,1128.05,1128.05,1128.05,10
2015-03-20 14:25:00,1128.05,1128.05,1128.05,1128.05,0
2015-03-20 14:26:00,1128.0,1128.0,1128.0,1128.0,0
2015-03-20 14:27:00,1128.05,1128.05,1128.05,1128.05,0
2015-03-20 14:28:00,1128.05,1128.05,1128.05,1128.05,0
2015-03-20 14:29:00,1128.05,1128.05,1128.05,1128.05,0
2015-03-20 14:30:00,1128.05,1128.05,1128.05,1128.05,0
2015-03-20 14:31:00,1128.05,1128.05,1128.05,1128.05,0
2015-03-20 14:32:00,1128.05,1128.05,1128.05,1128.05,0
2015-03-20 14:33:00,1128.05,1128.05,1128.05,1128.05,0
2015-03-20 14:34:00,1128.05,1128.05,1128.05,1128.05,0
2015-03-20 14:35:00,1128.05,1128.05,1128.05,1128.05,0
2015-03-20 14:36:00,1130.0,1130.0,1130.0,1130.0,5
2015-03-20 14:37:00,1130.0,1130.0,1130.0,1130.0,5
2015-03-20 14:38:00,1130.0,1130.0,1130.0,1130.0,7
2015-03-20 14:39:00,1131.95,1131.95,1131.95,1131.95,25
2015-03-20 14:40:00,1131.95,1131.95,1131.95,1131.95,0
2015-03-20 14:41:00,1131.95,1131.95,1131.95,1131.95,0
2015-03-20 14:42:00,1131.95,1131.95,1131.95,1131.95,0
2015-03-20 14:43:00,1131.95,1131.95,1131.95,1131.95,0
2015-03-20 14:44:00,1131.95,1131.95,1131.95,1131.95,0
2015-03-20 14:45:00,1128.1,1128.1,1128.1,1128.1,50
2015-03-20 14:46:00,1128.1,1128.1,1128.1,1128.1,30
2015-03-20 14:47:00,1128.05,1128.05,1128.05,1128.05,32
2015-03-20 14:48:00,1127.2,1127.2,1127.2,1127.2,28
2015-03-20 14:49:00,1127.2,1127.2,1127.2,1127.2,0
2015-03-20 14:50:00,1128.0,1128.0,1128.0,1128.0,20
2015-03-20 14:51:00,1127.2,1128.0,1127.2,1128.0,59
2015-03-20 14:52:00,1125.0,1125.0,1125.0,1125.0,227
2015-03-20 14:53:00,1125.0,1125.0,1122.4,1122.4,88
2015-03-20 14:54:00,1122.4,1122.5,1121.0,1121.0,127
2015-03-20 14:55:00,1120.05,1120.05,1119.0,1119.0,154
2015-03-20 14:56:00,1118.0,1121.0,1118.0,1121.0,23
2015-03-20 14:57:00,1121.0,1121.0,1121.0,1121.0,20
2015-03-20 14:58:00,1121.0,1122.0,1121.0,1121.0,12
2015-03-20 14:59:00,1121.0,1121.0,1121.0,1121.0,3
2015-03-20 15:00:00,1121.0,1121.0,1121.0,1121.0,0
2015-03-20 15:01:00,1121.0,1121.0,1121.0,1121.0,0
2015-03-20 15:02:00,1121.0,1121.0,1121.0,1121.0,0
2015-03-20 15:03:00,1121.0,1121.0,1120.0,1120.0,214
2015-03-20 15:04:00,1120.0,1120.0,1117.1,1118.0,87
2015-03-20 15:05:00,1118.0,1121.0,1118.0,1121.0,101
2015-03-20 15:06:00,1121.0,1121.0,1121.0,1121.0,8
2015-03-20 15:07:00,1118.0,1118.0,1118.0,1118.0,43
2015-03-20 15:08:00,1118.0,1121.0,1118.0,1121.0,35
2015-03-20 15:09:00,1124.25,1124.95,1124.25,1124.95,25
2015-03-20 15:10:00,1124.95,1124.95,1121.1,1121.1,4
2015-03-20 15:11:00,1121.1,1121.1,1121.1,1121.1,0
2015-03-20 15:12:00,1121.1,1121.1,1121.1,1121.1,0
2015-03-20 15:13:00,1121.1,1125.0,1121.1,1125.0,20
2015-03-20 15:14:00,1120.15,1125.0,1120.15,1125.0,9
2015-03-20 15:15:00,1127.0,1127.0,1125.0,1125.0,84
2015-03-20 15:16:00,1125.0,1125.0,1124.95,1124.95,70
2015-03-20 15:17:00,1125.0,1125.0,1125.0,1125.0,9
2015-03-20 15:18:00,1125.0,1125.0,1125.0,1125.0,0
2015-03-20 15:19:00,1121.0,1121.0,1120.0,1120.0,159
2015-03-20 15:20:00,1120.0,1120.0,1120.0,1120.0,0
2015-03-20 15:21:00,1123.35,1125.0,1122.65,1125.0,136
2015-03-20 15:22:00,1125.0,1125.0,1124.0,1124.0,140
2015-03-20 15:23:00,1121.15,1121.15,1121.0,1121.05,230
2015-03-20 15:24:00,1121.05,1125.0,1119.05,1120.0,287
2015-03-20 15:25:00,1119.0,1119.0,1116.0,1119.0,169
2015-03-20 15:26:00,1116.0,1116.05,1116.0,1116.05,125
2015-03-20 15:27:00,1116.05,1120.15,1116.05,1120.15,347
2015-03-20 15:28:00,1115.0,1120.1,1115.0,1120.1,414
2015-03-20 15:29:00,1122.5,1122.5,1118.0,1118.0,114
2015-03-23 09:15:00,1138.0,1138.0,1138.0,1138.0,0
2015-03-23 09:16:00,1138.0,1138.0,1124.45,1124.45,5
2015-03-23 09:17:00,1124.45,1124.45,1124.45,1124.45,0
2015-03-23 09:18:00,1124.45,1124.45,1120.05,1120.05,295
2015-03-23 09:19:00,1120.05,1120.05,1110.0,1110.0,66
2015-03-23 09:20:00,1110.0,1115.0,1110.0,1115.0,10
2015-03-23 09:21:00,1115.0,1115.0,1115.0,1115.0,0
2015-03-23 09:22:00,1115.0,1115.0,1115.0,1115.0,0
2015-03-23 09:23:00,1129.2,1129.2,1119.0,1119.0,27
2015-03-23 09:24:00,1115.0,1115.0,1115.0,1115.0,52
2015-03-23 09:25:00,1115.0,1115.0,1111.0,1111.0,55
2015-03-23 09:26:00,1110.0,1110.0,1110.0,1110.0,69
2015-03-23 09:27:00,1110.0,1110.0,1110.0,1110.0,0
2015-03-23 09:28:00,1110.0,1110.0,1110.0,1110.0,55
2015-03-23 09:29:00,1110.0,1110.0,1110.0,1110.0,115
2015-03-23 09:30:00,1110.0,1110.1,1110.0,1110.1,10
2015-03-23 09:31:00,1110.1,1112.85,1110.1,1112.85,56
2015-03-23 09:32:00,1110.05,1110.05,1110.05,1110.05,1
2015-03-23 09:33:00,1112.85,1112.85,1110.05,1110.05,9
2015-03-23 09:34:00,1112.85,1112.85,1112.85,1112.85,10
2015-03-23 09:35:00,1112.85,1112.85,1110.05,1110.05,10
2015-03-23 09:36:00,1110.05,1110.05,1110.05,1110.05,0
2015-03-23 09:37:00,1110.05,1110.05,1110.05,1110.05,2
2015-03-23 09:38:00,1110.05,1110.05,1110.05,1110.05,0
2015-03-23 09:39:00,1113.5,1113.5,1113.5,1113.5,10
2015-03-23 09:40:00,1113.5,1113.5,1113.5,1113.5,0
2015-03-23 09:41:00,1110.05,1110.05,1110.05,1110.05,25
2015-03-23 09:42:00,1110.1,1110.1,1110.1,1110.1,18
2015-03-23 09:43:00,1110.1,1113.35,1110.1,1113.3,59
2015-03-23 09:44:00,1113.4,1113.4,1113.4,1113.4,7
2015-03-23 09:45:00,1113.4,1113.4,1113.4,1113.4,0
2015-03-23 09:46:00,1116.5,1116.5,1112.0,1112.0,11
2015-03-23 09:47:00,1112.0,1112.0,1112.0,1112.0,0
2015-03-23 09:48:00,1112.0,1112.0,1112.0,1112.0,0
2015-03-23 09:49:00,1112.05,1118.95,1112.05,1118.95,62
2015-03-23 09:50:00,1118.95,1118.95,1112.4,1112.4,20
2015-03-23 09:51:00,1112.4,1112.55,1112.1,1112.1,11
2015-03-23 09:52:00,1112.1,1114.95,1112.1,1114.95,10
2015-03-23 09:53:00,1112.0,1112.0,1112.0,1112.0,142
2015-03-23 09:54:00,1112.0,1112.0,1110.25,1110.25,19
2015-03-23 09:55:00,1110.25,1110.25,1108.0,1108.15,524
2015-03-23 09:56:00,1106.15,1106.15,1106.0,1106.0,12
2015-03-23 09:57:00,1106.0,1106.0,1106.0,1106.0,0
2015-03-23 09:58:00,1106.0,1106.0,1106.0,1106.0,0
2015-03-23 09:59:00,1106.0,1106.0,1106.0,1106.0,25
2015-03-23 10:00:00,1106.0,1107.95,1106.0,1107.95,1
2015-03-23 10:01:00,1107.95,1107.95,1107.95,1107.95,0
2015-03-23 10:02:00,1107.95,1107.95,1107.95,1107.95,0
2015-03-23 10:03:00,1108.0,1108.0,1108.0,1108.0,20
2015-03-23 10:04:00,1106.25,1106.25,1106.25,1106.25,18
2015-03-23 10:05:00,1103.0,1103.0,1103.0,1103.0,137
2015-03-23 10:06:00,1102.0,1103.0,1102.0,1103.0,146
2015-03-23 10:07:00,1103.0,1103.0,1100.5,1100.55,75
2015-03-23 10:08:00,1100.55,1100.55,1100.55,1100.55,0
2015-03-23 10:09:00,1100.5,1100.5,1100.2,1100.2,11
2015-03-23 10:10:00,1100.2,1100.2,1100.2,1100.2,0
2015-03-23 10:11:00,1100.2,1100.4,1100.2,1100.4,5
2015-03-23 10:12:00,1101.0,1105.05,1101.0,1105.05,16
2015-03-23 10:13:00,1105.05,1105.05,1105.05,1105.05,0
2015-03-23 10:14:00,1105.05,1105.05,1105.05,1105.05,0
2015-03-23 10:15:00,1105.05,1105.05,1096.5,1096.5,218
2015-03-23 10:16:00,1096.5,1099.25,1096.5,1099.25,6
2015-03-23 10:17:00,1099.25,1099.95,1099.25,1099.95,1
2015-03-23 10:18:00,1099.95,1099.95,1099.95,1099.95,2
2015-03-23 10:19:00,1099.95,1099.95,1099.95,1099.95,0
2015-03-23 10:20:00,1099.95,1099.95,1099.95,1099.95,2
2015-03-23 10:21:00,1100.0,1100.0,1100.0,1100.0,100
2015-03-23 10:22:00,1100.0,1100.0,1100.0,1100.0,0
2015-03-23 10:23:00,1099.95,1100.0,1096.05,1100.0,114
2015-03-23 10:24:00,1099.95,1100.0,1099.95,1100.0,317
2015-03-23 10:25:00,1100.0,1100.0,1100.0,1100.0,0
2015-03-23 10:26:00,1100.0,1100.0,1095.0,1095.0,146
2015-03-23 10:27:00,1098.9,1098.9,1098.05,1098.05,18
2015-03-23 10:28:00,1102.8,1102.8,1102.8,1102.8,3
2015-03-23 10:29:00,1102.8,1102.8,1102.8,1102.8,0
2015-03-23 10:30:00,1102.8,1102.8,1102.8,1102.8,0
2015-03-23 10:31:00,1102.8,1102.8,1102.7,1102.7,25
2015-03-23 10:32:00,1102.7,1102.7,1102.7,1102.7,40
2015-03-23 10:33:00,1102.7,1102.7,1102.7,1102.7,0
2015-03-23 10:34:00,1102.7,1102.7,1102.7,1102.7,0
2015-03-23 10:35:00,1102.7,1102.7,1102.7,1102.7,0
2015-03-23 10:36:00,1102.0,1104.9,1102.0,1104.9,97
2015-03-23 10:37:00,1104.9,1104.9,1104.9,1104.9,0
2015-03-23 10:38:00,1104.9,1104.9,1103.6,1103.6,2
2015-03-23 10:39:00,1103.6,1103.6,1103.6,1103.6,0
2015-03-23 10:40:00,1103.6,1103.6,1103.6,1103.6,0
2015-03-23 10:41:00,1103.6,1104.8,1103.6,1104.8,15
2015-03-23 10:42:00,1104.8,1104.8,1104.8,1104.8,0
2015-03-23 10:43:00,1104.8,1104.8,1104.8,1104.8,0
2015-03-23 10:44:00,1104.8,1104.8,1104.8,1104.8,0
2015-03-23 10:45:00,1104.9,1104.9,1104.9,1104.9,10
2015-03-23 10:46:00,1104.9,1104.9,1104.9,1104.9,0
2015-03-23 10:47:00,1104.9,1104.9,1104.9,1104.9,0
2015-03-23 10:48:00,1104.9,1104.9,1104.9,1104.9,0
2015-03-23 10:49:00,1104.9,1104.9,1104.9,1104.9,0
2015-03-23 10:50:00,1104.9,1104.9,1104.9,1104.9,0
2015-03-23 10:51:00,1102.0,1102.0,1102.0,1102.0,8
2015-03-23 10:52:00,1102.0,1102.0,1102.0,1102.0,0
2015-03-23 10:53:00,1102.0,1102.0,1102.0,1102.0,0
2015-03-23 10:54:00,1102.0,1102.0,1102.0,1102.0,0
2015-03-23 10:55:00,1101.0,1102.0,1101.0,1102.0,22
2015-03-23 10:56:00,1100.0,1100.0,1100.0,1100.0,162
2015-03-23 10:57:00,1087.05,1087.05,1087.05,1087.05,305
2015-03-23 10:58:00,1087.05,1090.2,1087.05,1090.2,3
2015-03-23 10:59:00,1090.2,1091.0,1090.2,1091.0,3
2015-03-23 11:00:00,1092.8,1092.8,1092.8,1092.8,25
2015-03-23 11:01:00,1097.1,1097.1,1097.1,1097.1,45
2015-03-23 11:02:00,1097.1,1097.1,1096.75,1096.75,1
2015-03-23 11:03:00,1089.95,1090.0,1089.95,1090.0,102
2015-03-23 11:04:00,1090.0,1090.0,1090.0,1090.0,107
2015-03-23 11:05:00,1090.0,1090.0,1090.0,1090.0,0
2015-03-23 11:06:00,1090.0,1090.0,1090.0,1090.0,0
2015-03-23 11:07:00,1090.0,1090.0,1090.0,1090.0,0
2015-03-23 11:08:00,1090.0,1093.7,1090.0,1090.0,10
2015-03-23 11:09:00,1087.45,1089.95,1087.25,1087.25,121
2015-03-23 11:10:00,1087.25,1087.25,1087.25,1087.25,0
2015-03-23 11:11:00,1087.25,1087.25,1087.25,1087.25,0
2015-03-23 11:12:00,1087.25,1087.25,1087.25,1087.25,0
2015-03-23 11:13:00,1087.3,1087.3,1087.25,1087.25,10
2015-03-23 11:14:00,1087.25,1087.25,1087.25,1087.25,0
2015-03-23 11:15:00,1090.0,1095.5,1090.0,1095.5,78
2015-03-23 11:16:00,1099.85,1099.95,1095.05,1099.95,16
2015-03-23 11:17:00,1099.95,1099.95,1099.95,1099.95,0
2015-03-23 11:18:00,1099.95,1099.95,1099.95,1099.95,0
2015-03-23 11:19:00,1099.95,1099.95,1095.15,1095.15,4
2015-03-23 11:20:00,1095.15,1099.7,1095.15,1099.7,50
2015-03-23 11:21:00,1099.7,1099.7,1099.7,1099.7,5
2015-03-23 11:22:00,1099.7,1099.7,1099.7,1099.7,0
2015-03-23 11:23:00,1099.7,1099.7,1099.7,1099.7,0
2015-03-23 11:24:00,1099.7,1099.7,1099.7,1099.7,0
2015-03-23 11:25:00,1096.55,1096.55,1095.1,1095.1,55
2015-03-23 11:26:00,1095.1,1095.1,1095.1,1095.1,0
2015-03-23 11:27:00,1095.1,1095.1,1095.1,1095.1,0
2015-03-23 11:28:00,1095.1,1095.1,1095.1,1095.1,0
2015-03-23 11:29:00,1095.1,1095.1,1095.1,1095.1,0
2015-03-23 11:30:00,1095.1,1095.1,1095.0,1095.0,440
2015-03-23 11:31:00,1095.0,1095.0,1090.0,1090.0,50
2015-03-23 11:32:00,1087.05,1087.05,1087.05,1087.05,16
2015-03-23 11:33:00,1087.05,1087.05,1087.05,1087.05,0
2015-03-23 11:34:00,1087.05,1087.05,1087.05,1087.05,0
2015-03-23 11:35:00,1087.05,1087.05,1087.05,1087.05,0
2015-03-23 11:36:00,1087.05,1087.05,1087.05,1087.05,0
2015-03-23 11:37:00,1092.75,1092.75,1092.75,1092.75,1
2015-03-23 11:38:00,1092.75,1092.75,1092.75,1092.75,0
2015-03-23 11:39:00,1092.75,1095.15,1092.75,1095.15,1
2015-03-23 11:40:00,1095.15,1095.15,1095.15,1095.15,0
2015-03-23 11:41:00,1095.15,1095.15,1095.15,1095.15,0
2015-03-23 11:42:00,1095.15,1095.15,1095.15,1095.15,0
2015-03-23 11:43:00,1095.45,1095.45,1095.45,1095.45,5
2015-03-23 11:44:00,1095.45,1095.45,1095.45,1095.45,0
2015-03-23 11:45:00,1095.45,1095.45,1095.45,1095.45,0
2015-03-23 11:46:00,1095.45,1095.45,1095.45,1095.45,0
2015-03-23 11:47:00,1095.45,1095.45,1095.45,1095.45,0
2015-03-23 11:48:00,1095.45,1095.45,1091.95,1091.95,18
2015-03-23 11:49:00,1091.95,1095.05,1091.95,1095.05,100
2015-03-23 11:50:00,1091.95,1095.05,1091.95,1095.05,90
2015-03-23 11:51:00,1092.5,1092.95,1092.5,1092.95,22
2015-03-23 11:52:00,1092.95,1095.6,1091.35,1091.35,15
2015-03-23 11:53:00,1091.35,1091.35,1091.35,1091.35,0
2015-03-23 11:54:00,1091.35,1092.05,1090.1,1090.1,44
2015-03-23 11:55:00,1090.1,1090.1,1090.1,1090.1,0
2015-03-23 11:56:00,1095.0,1095.0,1095.0,1095.0,19
2015-03-23 11:57:00,1095.0,1095.0,1095.0,1095.0,0
2015-03-23 11:58:00,1095.0,1095.0,1095.0,1095.0,0
2015-03-23 11:59:00,1095.0,1095.0,1095.0,1095.0,0
2015-03-23 12:00:00,1087.25,1087.25,1087.25,1087.25,35
2015-03-23 12:01:00,1087.25,1087.25,1087.25,1087.25,0
2015-03-23 12:02:00,1087.25,1090.0,1087.25,1090.0,1
2015-03-23 12:03:00,1090.0,1090.0,1090.0,1090.0,0
2015-03-23 12:04:00,1090.0,1090.0,1090.0,1090.0,24
2015-03-23 12:05:00,1090.0,1090.0,1090.0,1090.0,20
2015-03-23 12:06:00,1090.0,1090.0,1090.0,1090.0,0
2015-03-23 12:07:00,1090.0,1090.0,1090.0,1090.0,0
2015-03-23 12:08:00,1090.0,1090.0,1090.0,1090.0,0
2015-03-23 12:09:00,1090.0,1090.0,1090.0,1090.0,0
2015-03-23 12:10:00,1090.0,1090.0,1090.0,1090.0,0
2015-03-23 12:11:00,1087.25,1090.0,1087.25,1090.0,10
2015-03-23 12:12:00,1090.0,1090.0,1090.0,1090.0,5
2015-03-23 12:13:00,1080.0,1087.15,1080.0,1080.05,1025
2015-03-23 12:14:00,1081.05,1081.05,1080.0,1080.0,7
2015-03-23 12:15:00,1081.05,1084.0,1081.05,1081.1,11
2015-03-23 12:16:00,1081.1,1081.1,1081.1,1081.1,0
2015-03-23 12:17:00,1087.15,1089.0,1087.15,1089.0,42
2015-03-23 12:18:00,1088.95,1088.95,1082.7,1088.35,391
2015-03-23 12:19:00,1088.35,1088.35,1088.35,1088.35,0
2015-03-23 12:20:00,1088.35,1088.35,1088.35,1088.35,0
2015-03-23 12:21:00,1088.35,1088.35,1088.35,1088.35,0
2015-03-23 12:22:00,1089.95,1089.95,1089.95,1089.95,5
2015-03-23 12:23:00,1089.95,1089.95,1089.95,1089.95,0
2015-03-23 12:24:00,1089.95,1089.95,1086.4,1086.4,2
2015-03-23 12:25:00,1086.4,1086.4,1086.4,1086.4,0
2015-03-23 12:26:00,1089.95,1089.95,1089.95,1089.95,5
2015-03-23 12:27:00,1089.95,1089.95,1089.95,1089.95,0
2015-03-23 12:28:00,1087.0,1087.0,1086.25,1086.25,47
2015-03-23 12:29:00,1086.25,1086.25,1086.25,1086.25,0
2015-03-23 12:30:00,1086.25,1086.25,1085.05,1085.05,1
2015-03-23 12:31:00,1085.05,1086.2,1085.0,1085.0,12
2015-03-23 12:32:00,1085.0,1085.0,1081.7,1081.7,62
2015-03-23 12:33:00,1081.7,1081.7,1081.7,1081.7,0
2015-03-23 12:34:00,1082.0,1082.0,1082.0,1082.0,45
2015-03-23 12:35:00,1082.0,1082.0,1082.0,1082.0,8
2015-03-23 12:36:00,1082.0,1082.0,1082.0,1082.0,12
2015-03-23 12:37:00,1082.0,1082.0,1080.0,1080.0,241
2015-03-23 12:38:00,1072.05,1072.1,1072.05,1072.1,264
2015-03-23 12:39:00,1072.1,1076.95,1072.1,1076.95,1
2015-03-23 12:40:00,1074.05,1075.05,1074.05,1075.05,5
2015-03-23 12:41:00,1078.55,1078.55,1078.55,1078.55,5
2015-03-23 12:42:00,1078.55,1078.55,1076.2,1076.2,4
2015-03-23 12:43:00,1076.2,1078.2,1076.2,1078.1,2
2015-03-23 12:44:00,1078.1,1078.1,1078.1,1078.1,0
2015-03-23 12:45:00,1078.1,1078.1,1078.1,1078.1,0
2015-03-23 12:46:00,1078.1,1082.0,1076.2,1082.0,45
2015-03-23 12:47:00,1082.0,1082.0,1082.0,1082.0,0
2015-03-23 12:48:00,1077.2,1077.2,1077.2,1077.2,23
2015-03-23 12:49:00,1077.2,1084.0,1077.2,1084.0,6
2015-03-23 12:50:00,1084.0,1084.0,1084.0,1084.0,0
2015-03-23 12:51:00,1084.0,1084.0,1084.0,1084.0,0
2015-03-23 12:52:00,1084.0,1084.0,1084.0,1084.0,0
2015-03-23 12:53:00,1084.0,1084.0,1084.0,1084.0,0
2015-03-23 12:54:00,1084.0,1084.0,1084.0,1084.0,0
2015-03-23 12:55:00,1084.0,1084.0,1082.5,1082.5,20
2015-03-23 12:56:00,1082.5,1082.5,1082.5,1082.5,0
2015-03-23 12:57:00,1083.0,1083.0,1082.0,1082.0,485
2015-03-23 12:58:00,1082.0,1082.0,1082.0,1082.0,0
2015-03-23 12:59:00,1082.0,1082.0,1082.0,1082.0,0
2015-03-23 13:00:00,1082.0,1082.0,1082.0,1082.0,0
2015-03-23 13:01:00,1082.0,1082.0,1082.0,1082.0,0
2015-03-23 13:02:00,1082.0,1082.95,1078.9,1082.95,32
2015-03-23 13:03:00,1082.95,1082.95,1082.95,1082.95,0
2015-03-23 13:04:00,1082.95,1082.95,1082.6,1082.6,1
2015-03-23 13:05:00,1083.95,1083.95,1080.0,1080.0,22
2015-03-23 13:06:00,1080.0,1080.0,1080.0,1080.0,0
2015-03-23 13:07:00,1080.0,1080.0,1080.0,1080.0,0
2015-03-23 13:08:00,1080.0,1080.0,1080.0,1080.0,0
2015-03-23 13:09:00,1080.0,1080.0,1080.0,1080.0,1
2015-03-23 13:10:00,1080.0,1080.0,1080.0,1080.0,0
2015-03-23 13:11:00,1080.0,1080.0,1080.0,1080.0,0
2015-03-23 13:12:00,1080.0,1080.0,1080.0,1080.0,0
2015-03-23 13:13:00,1080.0,1080.0,1080.0,1080.0,0
2015-03-23 13:14:00,1080.0,1080.0,1080.0,1080.0,0
2015-03-23 13:15:00,1080.0,1080.0,1080.0,1080.0,0
2015-03-23 13:16:00,1082.0,1082.0,1082.0,1082.0,30
2015-03-23 13:17:00,1082.0,1082.0,1082.0,1082.0,100
2015-03-23 13:18:00,1082.0,1082.0,1082.0,1082.0,93
2015-03-23 13:19:00,1082.0,1082.0,1082.0,1082.0,0
2015-03-23 13:20:00,1082.0,1082.0,1082.0,1082.0,0
2015-03-23 13:21:00,1082.0,1082.05,1082.0,1082.05,20
2015-03-23 13:22:00,1082.05,1082.05,1082.05,1082.05,0
2015-03-23 13:23:00,1082.05,1082.05,1082.05,1082.05,0
2015-03-23 13:24:00,1080.0,1080.0,1080.0,1080.0,23
2015-03-23 13:25:00,1080.0,1080.0,1080.0,1080.0,0
2015-03-23 13:26:00,1080.0,1080.0,1080.0,1080.0,0
2015-03-23 13:27:00,1080.0,1080.0,1080.0,1080.0,0
2015-03-23 13:28:00,1080.0,1080.0,1080.0,1080.0,0
2015-03-23 13:29:00,1084.0,1084.0,1084.0,1084.0,473
2015-03-23 13:30:00,1084.0,1084.0,1084.0,1084.0,0
2015-03-23 13:31:00,1084.0,1084.0,1084.0,1084.0,0
2015-03-23 13:32:00,1084.0,1084.0,1084.0,1084.0,0
2015-03-23 13:33:00,1084.0,1084.0,1084.0,1084.0,0
2015-03-23 13:34:00,1084.0,1084.0,1084.0,1084.0,0
2015-03-23 13:35:00,1084.0,1088.0,1084.0,1088.0,1105
2015-03-23 13:36:00,1088.0,1088.0,1088.0,1088.0,0
2015-03-23 13:37:00,1088.0,1088.0,1088.0,1088.0,0
2015-03-23 13:38:00,1088.0,1088.0,1080.0,1080.0,100
2015-03-23 13:39:00,1080.0,1080.0,1080.0,1080.0,0
2015-03-23 13:40:00,1080.0,1080.0,1080.0,1080.0,0
2015-03-23 13:41:00,1080.0,1084.8,1080.0,1084.8,5
2015-03-23 13:42:00,1084.8,1084.8,1084.8,1084.8,0
2015-03-23 13:43:00,1081.05,1081.05,1081.05,1081.05,10
2015-03-23 13:44:00,1081.05,1084.65,1081.05,1084.65,23
2015-03-23 13:45:00,1087.95,1087.95,1087.95,1087.95,35
2015-03-23 13:46:00,1087.95,1089.95,1080.0,1086.0,640
2015-03-23 13:47:00,1086.0,1086.0,1086.0,1086.0,0
2015-03-23 13:48:00,1092.0,1095.0,1082.5,1091.7,412
2015-03-23 13:49:00,1091.7,1091.7,1091.7,1091.7,0
2015-03-23 13:50:00,1086.0,1086.0,1086.0,1086.0,3
2015-03-23 13:51:00,1086.0,1086.0,1086.0,1086.0,0
2015-03-23 13:52:00,1086.0,1086.0,1086.0,1086.0,0
2015-03-23 13:53:00,1086.0,1086.0,1086.0,1086.0,0
2015-03-23 13:54:00,1086.0,1086.0,1086.0,1086.0,0
2015-03-23 13:55:00,1083.0,1083.0,1080.75,1080.75,66
2015-03-23 13:56:00,1080.75,1080.75,1080.75,1080.75,0
2015-03-23 13:57:00,1080.75,1080.75,1080.75,1080.75,0
2015-03-23 13:58:00,1080.75,1080.75,1080.75,1080.75,0
2015-03-23 13:59:00,1080.75,1080.75,1080.75,1080.75,0
2015-03-23 14:00:00,1080.75,1080.75,1080.75,1080.75,0
2015-03-23 14:01:00,1080.75,1080.75,1080.75,1080.75,0
2015-03-23 14:02:00,1080.75,1080.75,1080.75,1080.75,0
2015-03-23 14:03:00,1080.75,1080.75,1080.75,1080.75,0
2015-03-23 14:04:00,1080.75,1085.45,1080.75,1085.45,10
2015-03-23 14:05:00,1085.45,1085.5,1085.45,1085.5,12
2015-03-23 14:06:00,1085.5,1085.5,1085.5,1085.5,0
2015-03-23 14:07:00,1085.5,1085.5,1080.5,1080.5,18
2015-03-23 14:08:00,1080.5,1080.5,1080.5,1080.5,0
2015-03-23 14:09:00,1085.0,1085.5,1085.0,1085.5,66
2015-03-23 14:10:00,1085.5,1085.5,1085.5,1085.5,0
2015-03-23 14:11:00,1085.5,1085.5,1085.5,1085.5,0
2015-03-23 14:12:00,1085.5,1085.5,1085.5,1085.5,0
2015-03-23 14:13:00,1085.5,1085.5,1085.5,1085.5,5
2015-03-23 14:14:00,1085.5,1085.5,1085.5,1085.5,0
2015-03-23 14:15:00,1085.45,1085.45,1085.45,1085.45,5
2015-03-23 14:16:00,1085.4,1085.4,1080.5,1080.5,99
2015-03-23 14:17:00,1080.55,1080.55,1080.55,1080.55,202
2015-03-23 14:18:00,1080.55,1080.55,1080.55,1080.55,0
2015-03-23 14:19:00,1080.55,1080.55,1080.55,1080.55,0
2015-03-23 14:20:00,1080.25,1080.25,1076.55,1076.55,65
2015-03-23 14:21:00,1070.0,1071.8,1070.0,1071.8,484
2015-03-23 14:22:00,1071.8,1073.3,1071.8,1073.3,27
2015-03-23 14:23:00,1073.3,1077.0,1073.3,1077.0,21
2015-03-23 14:24:00,1077.0,1077.0,1077.0,1077.0,0
2015-03-23 14:25:00,1077.0,1077.0,1077.0,1077.0,0
2015-03-23 14:26:00,1078.35,1078.35,1078.35,1078.35,1
2015-03-23 14:27:00,1078.35,1078.35,1078.35,1078.35,0
2015-03-23 14:28:00,1078.35,1082.0,1078.35,1082.0,325
2015-03-23 14:29:00,1082.0,1084.95,1082.0,1084.95,4
2015-03-23 14:30:00,1082.0,1082.0,1082.0,1082.0,5
2015-03-23 14:31:00,1082.0,1082.0,1082.0,1082.0,0
2015-03-23 14:32:00,1082.0,1086.0,1082.0,1085.75,110
2015-03-23 14:33:00,1085.75,1086.0,1085.75,1086.0,31
2015-03-23 14:34:00,1086.0,1086.0,1086.0,1086.0,10
2015-03-23 14:35:00,1086.0,1086.0,1086.0,1086.0,43
2015-03-23 14:36:00,1086.0,1086.0,1086.0,1086.0,4
2015-03-23 14:37:00,1086.0,1086.95,1086.0,1086.95,7
2015-03-23 14:38:00,1087.0,1087.0,1085.05,1085.05,26
2015-03-23 14:39:00,1085.05,1085.05,1085.05,1085.05,0
2015-03-23 14:40:00,1087.0,1087.0,1087.0,1087.0,38
2015-03-23 14:41:00,1087.0,1087.0,1085.0,1086.95,9
2015-03-23 14:42:00,1086.95,1086.95,1086.95,1086.95,0
2015-03-23 14:43:00,1086.95,1086.95,1086.95,1086.95,35
2015-03-23 14:44:00,1087.0,1087.0,1087.0,1087.0,35
2015-03-23 14:45:00,1087.0,1087.0,1087.0,1087.0,0
2015-03-23 14:46:00,1087.0,1087.0,1087.0,1087.0,0
2015-03-23 14:47:00,1087.0,1087.0,1087.0,1087.0,0
2015-03-23 14:48:00,1087.0,1087.0,1087.0,1087.0,5
2015-03-23 14:49:00,1084.0,1084.0,1080.35,1081.0,146
2015-03-23 14:50:00,1070.0,1075.15,1070.0,1075.15,708
2015-03-23 14:51:00,1075.15,1077.85,1075.0,1077.85,48
2015-03-23 14:52:00,1077.85,1077.85,1077.2,1077.2,2
2015-03-23 14:53:00,1067.0,1076.95,1067.0,1076.95,166
2015-03-23 14:54:00,1076.95,1084.85,1076.95,1084.85,120
2015-03-23 14:55:00,1084.85,1084.85,1084.7,1084.7,12
2015-03-23 14:56:00,1084.7,1084.7,1082.7,1083.0,88
2015-03-23 14:57:00,1084.8,1084.8,1081.0,1081.0,97
2015-03-23 14:58:00,1081.0,1081.0,1081.0,1081.0,0
2015-03-23 14:59:00,1084.8,1084.8,1084.0,1084.0,48
2015-03-23 15:00:00,1080.5,1087.0,1080.5,1087.0,115
2015-03-23 15:01:00,1087.0,1087.0,1086.9,1086.9,10
2015-03-23 15:02:00,1086.9,1086.9,1085.95,1085.95,48
2015-03-23 15:03:00,1083.05,1083.05,1083.05,1083.05,1
2015-03-23 15:04:00,1084.95,1086.0,1084.95,1084.95,38
2015-03-23 15:05:00,1086.0,1086.0,1086.0,1086.0,6
2015-03-23 15:06:00,1086.0,1086.85,1086.0,1086.85,20
2015-03-23 15:07:00,1086.85,1086.85,1086.85,1086.85,0
2015-03-23 15:08:00,1086.85,1086.9,1086.85,1086.9,50
2015-03-23 15:09:00,1086.9,1086.9,1086.9,1086.9,0
2015-03-23 15:10:00,1086.9,1086.9,1086.9,1086.9,0
2015-03-23 15:11:00,1086.85,1086.85,1085.85,1085.85,85
2015-03-23 15:12:00,1085.85,1085.85,1084.0,1084.0,60
2015-03-23 15:13:00,1084.0,1084.95,1084.0,1084.05,11
2015-03-23 15:14:00,1084.05,1084.95,1084.05,1084.95,2
2015-03-23 15:15:00,1084.95,1085.0,1084.95,1085.0,10
2015-03-23 15:16:00,1085.0,1085.0,1085.0,1085.0,0
2015-03-23 15:17:00,1084.15,1084.15,1084.15,1084.15,3
2015-03-23 15:18:00,1084.05,1084.05,1084.0,1084.0,25
2015-03-23 15:19:00,1084.0,1084.0,1079.0,1079.0,236
2015-03-23 15:20:00,1079.0,1079.0,1079.0,1079.0,97
2015-03-23 15:21:00,1076.2,1076.6,1076.2,1076.6,5
2015-03-23 15:22:00,1074.95,1074.95,1072.0,1072.0,440
2015-03-23 15:23:00,1075.0,1075.0,1075.0,1075.0,329
2015-03-23 15:24:00,1074.0,1074.0,1074.0,1074.0,21
2015-03-23 15:25:00,1073.0,1073.0,1070.0,1070.0,315
2015-03-23 15:26:00,1070.0,1070.0,1065.0,1065.0,258
2015-03-23 15:27:00,1064.95,1065.0,1064.95,1065.0,253
2015-03-23 15:28:00,1065.0,1065.0,1063.8,1063.8,1281
2015-03-23 15:29:00,1064.0,1065.0,1064.0,1065.0,791
2015-03-24 09:15:00,1079.95,1079.95,1065.05,1065.05,212
2015-03-24 09:16:00,1065.05,1077.15,1060.1,1077.15,151
2015-03-24 09:17:00,1077.15,1077.15,1077.15,1077.15,0
2015-03-24 09:18:00,1075.75,1076.0,1070.7,1073.95,111
2015-03-24 09:19:00,1070.75,1070.75,1070.75,1070.75,11
2015-03-24 09:20:00,1072.95,1072.95,1070.75,1070.75,16
2015-03-24 09:21:00,1070.75,1070.75,1070.75,1070.75,0
2015-03-24 09:22:00,1077.0,1077.0,1077.0,1077.0,238
2015-03-24 09:23:00,1070.0,1070.0,1065.4,1065.4,310
2015-03-24 09:24:00,1071.8,1071.8,1071.8,1071.8,1
2015-03-24 09:25:00,1071.8,1072.0,1071.8,1072.0,50
2015-03-24 09:26:00,1072.0,1072.0,1072.0,1072.0,0
2015-03-24 09:27:00,1072.0,1072.0,1072.0,1072.0,0
2015-03-24 09:28:00,1073.95,1073.95,1071.0,1071.95,51
2015-03-24 09:29:00,1071.95,1071.95,1071.95,1071.95,0
2015-03-24 09:30:00,1071.95,1071.95,1070.85,1070.85,18
2015-03-24 09:31:00,1070.85,1070.85,1070.85,1070.85,0
2015-03-24 09:32:00,1070.85,1070.85,1070.0,1070.0,25
2015-03-24 09:33:00,1069.9,1069.9,1066.0,1066.0,377
2015-03-24 09:34:00,1066.0,1072.15,1066.0,1072.15,11
2015-03-24 09:35:00,1072.7,1077.05,1072.7,1077.05,26
2015-03-24 09:36:00,1066.35,1066.35,1066.35,1066.35,22
2015-03-24 09:37:00,1067.05,1067.05,1067.05,1067.05,6
2015-03-24 09:38:00,1067.05,1067.05,1067.05,1067.05,0
2015-03-24 09:39:00,1073.5,1073.5,1068.1,1068.1,51
2015-03-24 09:40:00,1068.0,1068.0,1067.0,1067.0,50
2015-03-24 09:41:00,1067.0,1067.05,1066.85,1066.85,50
2015-03-24 09:42:00,1066.85,1066.85,1066.85,1066.85,0
2015-03-24 09:43:00,1066.8,1066.8,1066.0,1066.75,13
2015-03-24 09:44:00,1067.0,1069.85,1067.0,1069.85,67
2015-03-24 09:45:00,1069.85,1069.85,1069.85,1069.85,0
2015-03-24 09:46:00,1069.85,1069.85,1069.85,1069.85,0
2015-03-24 09:47:00,1069.85,1069.85,1069.85,1069.85,0
2015-03-24 09:48:00,1067.05,1067.05,1067.05,1067.05,80
2015-03-24 09:49:00,1067.05,1067.05,1067.05,1067.05,0
2015-03-24 09:50:00,1067.05,1067.05,1067.05,1067.05,34
2015-03-24 09:51:00,1067.05,1067.05,1067.05,1067.05,0
2015-03-24 09:52:00,1067.05,1067.05,1067.05,1067.05,0
2015-03-24 09:53:00,1067.05,1067.05,1067.05,1067.05,0
2015-03-24 09:54:00,1067.0,1068.8,1065.1,1068.8,182
2015-03-24 09:55:00,1068.8,1068.8,1068.0,1068.0,25
2015-03-24 09:56:00,1068.0,1068.0,1068.0,1068.0,0
2015-03-24 09:57:00,1068.0,1068.0,1067.95,1067.95,24
2015-03-24 09:58:00,1066.0,1066.0,1066.0,1066.0,41
2015-03-24 09:59:00,1066.0,1066.0,1066.0,1066.0,0
2015-03-24 10:00:00,1066.0,1066.0,1065.0,1065.0,54
2015-03-24 10:01:00,1064.05,1068.0,1064.05,1068.0,10
2015-03-24 10:02:00,1068.0,1068.0,1068.0,1068.0,0
2015-03-24 10:03:00,1068.85,1070.0,1068.85,1070.0,11
2015-03-24 10:04:00,1070.0,1070.0,1070.0,1070.0,0
2015-03-24 10:05:00,1070.0,1070.0,1070.0,1070.0,0
2015-03-24 10:06:00,1076.65,1076.65,1072.0,1076.05,48
2015-03-24 10:07:00,1076.05,1076.05,1075.85,1075.85,10
2015-03-24 10:08:00,1075.85,1075.85,1075.85,1075.85,0
2015-03-24 10:09:00,1074.0,1074.0,1074.0,1074.0,50
2015-03-24 10:10:00,1076.25,1078.0,1076.25,1078.0,33
2015-03-24 10:11:00,1078.0,1078.0,1078.0,1078.0,0
2015-03-24 10:12:00,1074.05,1074.05,1074.05,1074.05,8
2015-03-24 10:13:00,1077.95,1077.95,1077.95,1077.95,50
2015-03-24 10:14:00,1077.95,1077.95,1077.95,1077.95,0
2015-03-24 10:15:00,1078.0,1080.2,1078.0,1080.2,123
2015-03-24 10:16:00,1080.2,1080.2,1080.2,1080.2,89
2015-03-24 10:17:00,1077.95,1077.95,1077.95,1077.95,32
2015-03-24 10:18:00,1080.2,1080.2,1080.2,1080.2,5
2015-03-24 10:19:00,1080.2,1080.2,1080.2,1080.2,0
2015-03-24 10:20:00,1077.95,1077.95,1075.05,1075.05,88
2015-03-24 10:21:00,1073.6,1078.05,1073.6,1078.0,485
2015-03-24 10:22:00,1073.6,1073.6,1068.0,1068.0,178
2015-03-24 10:23:00,1069.95,1069.95,1069.95,1069.95,5
2015-03-24 10:24:00,1069.95,1069.95,1069.95,1069.95,0
2015-03-24 10:25:00,1069.95,1069.95,1069.95,1069.95,0
2015-03-24 10:26:00,1069.95,1069.95,1069.95,1069.95,0
2015-03-24 10:27:00,1067.95,1070.0,1067.95,1070.0,41
2015-03-24 10:28:00,1070.0,1070.0,1067.0,1067.0,14
2015-03-24 10:29:00,1066.1,1066.1,1066.1,1066.1,21
2015-03-24 10:30:00,1066.1,1066.1,1066.1,1066.1,0
2015-03-24 10:31:00,1066.1,1066.1,1066.1,1066.1,0
2015-03-24 10:32:00,1066.1,1066.1,1066.1,1066.1,0
2015-03-24 10:33:00,1066.1,1066.1,1066.1,1066.1,0
2015-03-24 10:34:00,1066.1,1066.1,1066.1,1066.1,0
2015-03-24 10:35:00,1066.1,1066.1,1066.1,1066.1,0
2015-03-24 10:36:00,1067.5,1067.5,1067.5,1067.5,25
2015-03-24 10:37:00,1067.5,1067.5,1067.5,1067.5,0
2015-03-24 10:38:00,1067.5,1067.5,1067.5,1067.5,0
2015-03-24 10:39:00,1065.0,1065.0,1063.1,1063.1,121
2015-03-24 10:40:00,1065.0,1065.0,1065.0,1065.0,34
2015-03-24 10:41:00,1065.0,1065.0,1065.0,1065.0,0
2015-03-24 10:42:00,1065.0,1065.0,1062.0,1062.0,31
2015-03-24 10:43:00,1062.0,1062.0,1062.0,1062.0,0
2015-03-24 10:44:00,1062.0,1062.0,1062.0,1062.0,0
2015-03-24 10:45:00,1062.0,1062.0,1062.0,1062.0,0
2015-03-24 10:46:00,1062.0,1062.0,1062.0,1062.0,0
2015-03-24 10:47:00,1062.0,1064.9,1062.0,1064.9,2
2015-03-24 10:48:00,1064.9,1064.9,1064.9,1064.9,0
2015-03-24 10:49:00,1063.2,1063.2,1063.2,1063.2,5
2015-03-24 10:50:00,1061.0,1061.0,1061.0,1061.0,543
2015-03-24 10:51:00,1061.0,1061.0,1061.0,1061.0,10
2015-03-24 10:52:00,1061.0,1061.0,1061.0,1061.0,8
2015-03-24 10:53:00,1061.0,1061.0,1061.0,1061.0,21
2015-03-24 10:54:00,1060.0,1060.0,1060.0,1060.0,141
2015-03-24 10:55:00,1060.0,1060.0,1060.0,1060.0,0
2015-03-24 10:56:00,1060.0,1060.0,1060.0,1060.0,0
2015-03-24 10:57:00,1060.0,1060.0,1060.0,1060.0,0
2015-03-24 10:58:00,1061.05,1061.05,1061.05,1061.05,5
2015-03-24 10:59:00,1064.1,1064.1,1064.1,1064.1,15
2015-03-24 11:00:00,1064.1,1064.1,1062.05,1062.05,2
2015-03-24 11:01:00,1062.05,1062.05,1062.05,1062.05,0
2015-03-24 11:02:00,1062.05,1062.05,1062.05,1062.05,0
2015-03-24 11:03:00,1062.05,1062.05,1062.05,1062.05,0
2015-03-24 11:04:00,1065.0,1065.0,1064.95,1064.95,19
2015-03-24 11:05:00,1064.95,1068.0,1064.95,1068.0,3
2015-03-24 11:06:00,1068.0,1068.0,1068.0,1068.0,0
2015-03-24 11:07:00,1067.55,1069.5,1064.95,1069.5,81
2015-03-24 11:08:00,1064.95,1068.55,1064.95,1064.95,120
2015-03-24 11:09:00,1064.95,1069.1,1063.05,1064.0,52
2015-03-24 11:10:00,1069.25,1074.0,1065.85,1065.85,49
2015-03-24 11:11:00,1071.55,1074.0,1071.55,1073.05,107
2015-03-24 11:12:00,1073.05,1073.05,1064.2,1068.5,61
2015-03-24 11:13:00,1070.3,1070.3,1066.0,1066.45,34
2015-03-24 11:14:00,1072.5,1073.8,1069.05,1071.55,40
2015-03-24 11:15:00,1071.55,1071.55,1070.05,1070.05,28
2015-03-24 11:16:00,1069.05,1069.05,1069.05,1069.05,4
2015-03-24 11:17:00,1069.05,1069.95,1069.05,1069.95,13
2015-03-24 11:18:00,1069.95,1073.85,1069.95,1073.85,1
2015-03-24 11:19:00,1073.85,1073.85,1068.0,1068.0,22
2015-03-24 11:20:00,1068.0,1073.2,1068.0,1073.2,14
2015-03-24 11:21:00,1073.2,1073.2,1070.05,1070.05,3
2015-03-24 11:22:00,1070.45,1071.95,1070.45,1071.95,18
2015-03-24 11:23:00,1071.95,1071.95,1071.95,1071.95,0
2015-03-24 11:24:00,1071.95,1071.95,1071.95,1071.95,0
2015-03-24 11:25:00,1071.95,1071.95,1071.95,1071.95,0
2015-03-24 11:26:00,1070.55,1070.55,1070.55,1070.55,34
2015-03-24 11:27:00,1070.55,1070.55,1070.55,1070.55,0
2015-03-24 11:28:00,1070.55,1070.55,1070.55,1070.55,0
2015-03-24 11:29:00,1070.55,1070.55,1070.55,1070.55,0
2015-03-24 11:30:00,1070.0,1070.0,1070.0,1070.0,24
2015-03-24 11:31:00,1070.0,1070.0,1070.0,1070.0,0
2015-03-24 11:32:00,1070.0,1070.0,1070.0,1070.0,53
2015-03-24 11:33:00,1070.0,1070.0,1070.0,1070.0,0
2015-03-24 11:34:00,1070.0,1070.0,1070.0,1070.0,0
2015-03-24 11:35:00,1070.0,1070.0,1070.0,1070.0,0
2015-03-24 11:36:00,1072.65,1072.65,1072.65,1072.65,10
2015-03-24 11:37:00,1072.65,1072.65,1072.65,1072.65,0
2015-03-24 11:38:00,1072.65,1072.65,1072.65,1072.65,0
2015-03-24 11:39:00,1072.65,1072.65,1072.65,1072.65,0
2015-03-24 11:40:00,1072.65,1072.65,1072.65,1072.65,0
2015-03-24 11:41:00,1069.45,1069.45,1069.45,1069.45,1
2015-03-24 11:42:00,1069.45,1069.45,1069.4,1069.4,8
2015-03-24 11:43:00,1069.0,1069.0,1069.0,1069.0,8
2015-03-24 11:44:00,1069.0,1069.0,1069.0,1069.0,0
2015-03-24 11:45:00,1069.0,1070.05,1069.0,1069.05,59
2015-03-24 11:46:00,1069.05,1069.05,1069.05,1069.05,0
2015-03-24 11:47:00,1071.95,1071.95,1071.95,1071.95,2
2015-03-24 11:48:00,1071.0,1071.0,1071.0,1071.0,30
2015-03-24 11:49:00,1071.0,1071.0,1069.2,1069.2,21
2015-03-24 11:50:00,1071.9,1071.9,1071.9,1071.9,5
2015-03-24 11:51:00,1071.9,1071.9,1071.9,1071.9,0
2015-03-24 11:52:00,1071.9,1071.9,1071.9,1071.9,0
2015-03-24 11:53:00,1069.2,1069.2,1069.2,1069.2,12
2015-03-24 11:54:00,1069.2,1069.2,1069.2,1069.2,2
2015-03-24 11:55:00,1066.45,1066.45,1066.45,1066.45,20
2015-03-24 11:56:00,1066.45,1066.45,1066.45,1066.45,0
2015-03-24 11:57:00,1068.95,1068.95,1068.95,1068.95,4
2015-03-24 11:58:00,1068.95,1068.95,1066.0,1066.0,7
2015-03-24 11:59:00,1066.0,1066.0,1066.0,1066.0,0
2015-03-24 12:00:00,1066.0,1066.0,1066.0,1066.0,1
2015-03-24 12:01:00,1066.0,1066.0,1066.0,1066.0,0
2015-03-24 12:02:00,1066.0,1066.0,1066.0,1066.0,0
2015-03-24 12:03:00,1066.0,1066.0,1066.0,1066.0,0
2015-03-24 12:04:00,1066.0,1066.0,1066.0,1066.0,0
2015-03-24 12:05:00,1066.0,1066.0,1066.0,1066.0,0
2015-03-24 12:06:00,1066.0,1066.0,1066.0,1066.0,0
2015-03-24 12:07:00,1066.0,1066.0,1066.0,1066.0,0
2015-03-24 12:08:00,1066.0,1066.0,1066.0,1066.0,0
2015-03-24 12:09:00,1066.0,1066.0,1066.0,1066.0,45
2015-03-24 12:10:00,1065.0,1065.0,1065.0,1065.0,10
2015-03-24 12:11:00,1065.0,1065.0,1065.0,1065.0,0
2015-03-24 12:12:00,1065.0,1065.0,1065.0,1065.0,0
2015-03-24 12:13:00,1065.0,1065.0,1065.0,1065.0,0
2015-03-24 12:14:00,1065.0,1065.0,1065.0,1065.0,0
2015-03-24 12:15:00,1065.0,1065.0,1065.0,1065.0,0
2015-03-24 12:16:00,1065.0,1065.0,1065.0,1065.0,0
2015-03-24 12:17:00,1065.0,1065.0,1063.1,1063.1,20
2015-03-24 12:18:00,1063.1,1063.1,1063.1,1063.1,0
2015-03-24 12:19:00,1063.25,1063.25,1063.25,1063.25,1
2015-03-24 12:20:00,1063.25,1063.25,1063.25,1063.25,26
2015-03-24 12:21:00,1063.25,1063.25,1063.25,1063.25,0
2015-03-24 12:22:00,1061.25,1061.25,1061.25,1061.25,43
2015-03-24 12:23:00,1061.25,1061.25,1061.25,1061.25,0
2015-03-24 12:24:00,1061.25,1061.25,1061.25,1061.25,0
2015-03-24 12:25:00,1061.25,1061.25,1061.25,1061.25,0
2015-03-24 12:26:00,1059.0,1059.0,1056.5,1056.5,244
2015-03-24 12:27:00,1056.0,1056.0,1056.0,1056.0,1
2015-03-24 12:28:00,1056.0,1056.0,1056.0,1056.0,0
2015-03-24 12:29:00,1056.0,1056.0,1056.0,1056.0,35
2015-03-24 12:30:00,1055.05,1055.1,1055.05,1055.05,12
2015-03-24 12:31:00,1055.05,1055.05,1055.05,1055.05,0
2015-03-24 12:32:00,1055.05,1055.05,1055.05,1055.05,48
2015-03-24 12:33:00,1055.05,1055.05,1055.05,1055.05,50
2015-03-24 12:34:00,1055.05,1055.05,1055.05,1055.05,0
2015-03-24 12:35:00,1055.05,1055.05,1055.05,1055.05,0
2015-03-24 12:36:00,1055.05,1055.05,1055.05,1055.05,0
2015-03-24 12:37:00,1055.05,1056.0,1055.05,1056.0,10
2015-03-24 12:38:00,1056.0,1056.0,1056.0,1056.0,0
2015-03-24 12:39:00,1056.0,1056.1,1056.0,1056.1,10
2015-03-24 12:40:00,1056.1,1056.1,1056.1,1056.1,0
2015-03-24 12:41:00,1056.1,1056.1,1056.1,1056.1,0
2015-03-24 12:42:00,1056.0,1056.0,1045.0,1045.0,1050
2015-03-24 12:43:00,1045.0,1047.05,1045.0,1047.05,19
2015-03-24 12:44:00,1047.05,1047.05,1046.0,1046.0,19
2015-03-24 12:45:00,1046.0,1046.05,1046.0,1046.05,2
2015-03-24 12:46:00,1045.0,1045.0,1044.0,1045.0,113
2015-03-24 12:47:00,1045.0,1045.0,1044.0,1044.0,233
2015-03-24 12:48:00,1043.5,1044.0,1043.5,1044.0,141
2015-03-24 12:49:00,1043.0,1043.0,1042.05,1042.05,7
2015-03-24 12:50:00,1042.75,1042.75,1042.75,1042.75,8
2015-03-24 12:51:00,1042.75,1042.75,1042.75,1042.75,0
2015-03-24 12:52:00,1044.0,1044.0,1044.0,1044.0,56
2015-03-24 12:53:00,1044.0,1044.0,1044.0,1044.0,0
2015-03-24 12:54:00,1044.0,1044.0,1044.0,1044.0,33
2015-03-24 12:55:00,1044.0,1047.7,1044.0,1047.7,4
2015-03-24 12:56:00,1047.7,1047.7,1047.7,1047.7,0
2015-03-24 12:57:00,1047.7,1047.7,1046.35,1046.35,3
2015-03-24 12:58:00,1046.35,1046.35,1044.7,1044.7,293
2015-03-24 12:59:00,1044.7,1044.7,1044.7,1044.7,0
2015-03-24 13:00:00,1046.2,1046.2,1046.2,1046.2,25
2015-03-24 13:01:00,1046.2,1046.2,1046.2,1046.2,0
2015-03-24 13:02:00,1048.0,1048.0,1048.0,1048.0,1
2015-03-24 13:03:00,1048.0,1048.0,1048.0,1048.0,0
2015-03-24 13:04:00,1048.0,1048.6,1048.0,1048.6,9
2015-03-24 13:05:00,1051.1,1053.75,1051.1,1053.75,2
2015-03-24 13:06:00,1049.1,1049.1,1049.0,1049.0,76
2015-03-24 13:07:00,1054.35,1054.35,1054.35,1054.35,5
2015-03-24 13:08:00,1054.35,1054.35,1054.35,1054.35,0
2015-03-24 13:09:00,1054.35,1054.35,1050.2,1050.2,10
2015-03-24 13:10:00,1054.0,1054.0,1053.0,1053.95,27
2015-03-24 13:11:00,1053.95,1053.95,1053.95,1053.95,0
2015-03-24 13:12:00,1053.95,1053.95,1053.95,1053.95,0
2015-03-24 13:13:00,1053.95,1053.95,1053.95,1053.95,0
2015-03-24 13:14:00,1053.95,1053.95,1053.95,1053.95,0
2015-03-24 13:15:00,1054.0,1054.0,1054.0,1054.0,9
2015-03-24 13:16:00,1054.0,1054.0,1054.0,1054.0,0
2015-03-24 13:17:00,1054.0,1054.0,1054.0,1054.0,0
2015-03-24 13:18:00,1054.0,1054.0,1054.0,1054.0,0
2015-03-24 13:19:00,1054.0,1054.0,1054.0,1054.0,0
2015-03-24 13:20:00,1054.0,1054.0,1054.0,1054.0,0
2015-03-24 13:21:00,1050.1,1050.1,1050.0,1050.0,60
2015-03-24 13:22:00,1050.0,1050.2,1050.0,1050.05,57
2015-03-24 13:23:00,1050.05,1050.75,1050.0,1050.0,11
2015-03-24 13:24:00,1050.0,1050.0,1047.0,1047.0,180
2015-03-24 13:25:00,1040.0,1047.0,1038.9,1047.0,584
2015-03-24 13:26:00,1047.0,1050.05,1045.0,1050.05,46
2015-03-24 13:27:00,1050.05,1050.05,1045.0,1047.0,428
2015-03-24 13:28:00,1047.0,1047.0,1047.0,1047.0,30
2015-03-24 13:29:00,1047.0,1047.0,1047.0,1047.0,12
2015-03-24 13:30:00,1047.0,1047.0,1045.0,1045.0,5
2015-03-24 13:31:00,1045.0,1045.0,1045.0,1045.0,0
2015-03-24 13:32:00,1045.0,1045.0,1045.0,1045.0,0
2015-03-24 13:33:00,1041.0,1041.0,1041.0,1041.0,609
2015-03-24 13:34:00,1038.0,1038.0,1038.0,1038.0,58
2015-03-24 13:35:00,1038.0,1039.95,1038.0,1039.95,1
2015-03-24 13:36:00,1038.0,1040.0,1037.95,1040.0,76
2015-03-24 13:37:00,1033.95,1039.45,1033.95,1038.95,80
2015-03-24 13:38:00,1027.45,1033.85,1027.45,1033.85,365
2015-03-24 13:39:00,1031.0,1031.0,1029.0,1029.0,9
2015-03-24 13:40:00,1029.0,1031.0,1029.0,1031.0,21
2015-03-24 13:41:00,1031.05,1031.05,1031.05,1031.05,30
2015-03-24 13:42:00,1031.05,1031.05,1031.05,1031.05,35
2015-03-24 13:43:00,1031.05,1031.05,1031.05,1031.05,2
2015-03-24 13:44:00,1031.05,1031.05,1031.05,1031.05,0
2015-03-24 13:45:00,1031.05,1031.05,1031.05,1031.05,0
2015-03-24 13:46:00,1031.05,1031.05,1031.05,1031.05,0
2015-03-24 13:47:00,1033.0,1037.85,1033.0,1037.85,14
2015-03-24 13:48:00,1037.85,1037.85,1037.85,1037.85,0
2015-03-24 13:49:00,1037.85,1037.85,1037.85,1037.85,0
2015-03-24 13:50:00,1037.85,1037.85,1037.85,1037.85,0
2015-03-24 13:51:00,1037.0,1037.0,1037.0,1037.0,3
2015-03-24 13:52:00,1037.0,1037.0,1035.0,1035.0,56
2015-03-24 13:53:00,1037.9,1037.9,1037.9,1037.9,5
2015-03-24 13:54:00,1037.9,1037.9,1037.9,1037.9,0
2015-03-24 13:55:00,1037.9,1037.9,1037.9,1037.9,0
2015-03-24 13:56:00,1037.9,1037.9,1037.9,1037.9,0
2015-03-24 13:57:00,1037.9,1037.9,1037.9,1037.9,0
2015-03-24 13:58:00,1037.9,1037.9,1037.9,1037.9,0
2015-03-24 13:59:00,1037.9,1037.9,1037.9,1037.9,10
2015-03-24 14:00:00,1037.9,1037.9,1037.9,1037.9,0
2015-03-24 14:01:00,1037.9,1037.9,1037.9,1037.9,0
2015-03-24 14:02:00,1040.85,1040.85,1040.85,1040.85,9
2015-03-24 14:03:00,1040.95,1040.95,1040.95,1040.95,5
2015-03-24 14:04:00,1040.95,1040.95,1040.95,1040.95,0
2015-03-24 14:05:00,1040.95,1040.95,1039.0,1039.0,50
2015-03-24 14:06:00,1039.0,1041.0,1039.0,1041.0,1
2015-03-24 14:07:00,1041.0,1041.0,1041.0,1041.0,12
2015-03-24 14:08:00,1040.0,1040.0,1040.0,1040.0,12
2015-03-24 14:09:00,1040.0,1040.0,1040.0,1040.0,0
2015-03-24 14:10:00,1038.0,1038.0,1038.0,1038.0,50
2015-03-24 14:11:00,1038.0,1043.0,1038.0,1043.0,27
2015-03-24 14:12:00,1038.0,1038.0,1038.0,1038.0,25
2015-03-24 14:13:00,1038.0,1038.0,1038.0,1038.0,0
2015-03-24 14:14:00,1038.0,1041.35,1038.0,1041.35,26
2015-03-24 14:15:00,1041.35,1041.35,1041.35,1041.35,0
2015-03-24 14:16:00,1041.35,1041.35,1041.35,1041.35,0
2015-03-24 14:17:00,1041.35,1043.0,1041.35,1043.0,10
2015-03-24 14:18:00,1043.0,1043.0,1043.0,1043.0,0
2015-03-24 14:19:00,1043.0,1043.0,1043.0,1043.0,0
2015-03-24 14:20:00,1043.0,1043.8,1043.0,1043.8,16
2015-03-24 14:21:00,1043.8,1043.8,1043.8,1043.8,0
2015-03-24 14:22:00,1043.8,1045.0,1043.8,1045.0,21
2015-03-24 14:23:00,1045.0,1045.0,1045.0,1045.0,5
2015-03-24 14:24:00,1045.0,1045.0,1045.0,1045.0,1
2015-03-24 14:25:00,1045.0,1045.0,1045.0,1045.0,0
2015-03-24 14:26:00,1045.0,1045.0,1045.0,1045.0,0
2015-03-24 14:27:00,1045.0,1045.0,1045.0,1045.0,0
2015-03-24 14:28:00,1045.0,1045.0,1045.0,1045.0,0
2015-03-24 14:29:00,1048.0,1049.55,1048.0,1049.55,84
2015-03-24 14:30:00,1049.55,1049.55,1049.55,1049.55,0
2015-03-24 14:31:00,1050.4,1052.95,1050.4,1052.95,131
2015-03-24 14:32:00,1053.75,1054.8,1053.75,1054.8,38
2015-03-24 14:33:00,1054.8,1054.8,1054.8,1054.8,5
2015-03-24 14:34:00,1054.8,1054.8,1054.8,1054.8,0
2015-03-24 14:35:00,1053.05,1053.05,1053.05,1053.05,11
2015-03-24 14:36:00,1053.05,1053.05,1052.95,1052.95,13
2015-03-24 14:37:00,1052.95,1052.95,1052.95,1052.95,22
2015-03-24 14:38:00,1052.95,1052.95,1052.95,1052.95,0
2015-03-24 14:39:00,1052.95,1052.95,1052.95,1052.95,0
2015-03-24 14:40:00,1052.95,1052.95,1052.95,1052.95,0
2015-03-24 14:41:00,1052.95,1052.95,1052.95,1052.95,0
2015-03-24 14:42:00,1053.6,1053.6,1053.55,1053.55,9
2015-03-24 14:43:00,1052.95,1052.95,1052.95,1052.95,20
2015-03-24 14:44:00,1050.2,1050.2,1050.2,1050.2,2
2015-03-24 14:45:00,1052.85,1053.0,1052.85,1053.0,3
2015-03-24 14:46:00,1052.5,1052.5,1052.5,1052.5,8
2015-03-24 14:47:00,1052.5,1052.5,1052.5,1052.5,0
2015-03-24 14:48:00,1052.5,1052.5,1052.5,1052.5,0
2015-03-24 14:49:00,1053.5,1053.5,1053.5,1053.5,50
2015-03-24 14:50:00,1052.6,1052.6,1052.6,1052.6,17
2015-03-24 14:51:00,1053.55,1053.55,1053.55,1053.55,2
2015-03-24 14:52:00,1055.9,1055.9,1055.0,1055.0,44
2015-03-24 14:53:00,1055.0,1055.0,1055.0,1055.0,39
2015-03-24 14:54:00,1056.0,1057.0,1056.0,1057.0,60
2015-03-24 14:55:00,1057.0,1057.0,1057.0,1057.0,0
2015-03-24 14:56:00,1058.0,1059.0,1058.0,1059.0,13
2015-03-24 14:57:00,1059.0,1059.0,1059.0,1059.0,0
2015-03-24 14:58:00,1059.0,1059.0,1053.9,1053.9,36
2015-03-24 14:59:00,1053.85,1053.85,1053.85,1053.85,13
2015-03-24 15:00:00,1057.55,1057.55,1050.0,1050.0,109
2015-03-24 15:01:00,1050.0,1055.45,1050.0,1055.45,2
2015-03-24 15:02:00,1057.85,1057.85,1057.85,1057.85,19
2015-03-24 15:03:00,1057.85,1057.85,1051.9,1051.9,2
2015-03-24 15:04:00,1051.9,1051.9,1051.05,1051.05,4
2015-03-24 15:05:00,1051.05,1051.05,1051.05,1051.05,0
2015-03-24 15:06:00,1055.55,1055.55,1052.05,1052.05,25
2015-03-24 15:07:00,1052.05,1052.05,1052.05,1052.05,0
2015-03-24 15:08:00,1056.9,1056.9,1054.5,1054.5,14
2015-03-24 15:09:00,1054.5,1055.95,1051.1,1051.1,7
2015-03-24 15:10:00,1051.1,1054.95,1051.1,1054.95,10
2015-03-24 15:11:00,1054.95,1054.95,1054.95,1054.95,0
2015-03-24 15:12:00,1053.95,1053.95,1053.0,1053.95,64
2015-03-24 15:13:00,1051.4,1051.4,1051.0,1051.0,45
2015-03-24 15:14:00,1055.0,1055.0,1054.95,1054.95,110
2015-03-24 15:15:00,1054.95,1058.0,1053.9,1056.05,69
2015-03-24 15:16:00,1056.0,1056.0,1055.0,1055.0,11
2015-03-24 15:17:00,1055.0,1055.0,1055.0,1055.0,6
2015-03-24 15:18:00,1055.0,1055.0,1055.0,1055.0,0
2015-03-24 15:19:00,1055.0,1055.0,1055.0,1055.0,16
2015-03-24 15:20:00,1055.0,1055.0,1055.0,1055.0,0
2015-03-24 15:21:00,1055.0,1055.0,1054.3,1054.3,67
2015-03-24 15:22:00,1054.2,1054.2,1054.2,1054.2,15
2015-03-24 15:23:00,1054.2,1054.2,1054.15,1054.15,10
2015-03-24 15:24:00,1054.15,1054.15,1054.0,1054.05,13
2015-03-24 15:25:00,1051.0,1056.65,1051.0,1056.65,38
2015-03-24 15:26:00,1051.0,1055.75,1051.0,1055.75,27
2015-03-24 15:27:00,1055.75,1055.75,1055.75,1055.75,0
2015-03-24 15:28:00,1055.0,1060.0,1055.0,1059.95,107
2015-03-24 15:29:00,1059.95,1059.95,1052.0,1052.0,27
2015-03-25 09:15:00,1043.0,1050.05,1043.0,1050.05,10
2015-03-25 09:16:00,1050.05,1050.05,1050.05,1050.05,0
2015-03-25 09:17:00,1050.05,1058.9,1050.05,1053.75,213
2015-03-25 09:18:00,1053.75,1053.75,1046.8,1046.85,11
2015-03-25 09:19:00,1046.85,1046.85,1046.85,1046.85,0
2015-03-25 09:20:00,1046.85,1046.85,1041.05,1041.05,20
2015-03-25 09:21:00,1042.0,1042.0,1041.0,1041.0,25
2015-03-25 09:22:00,1041.0,1041.0,1035.0,1035.0,28
2015-03-25 09:23:00,1035.0,1035.0,1035.0,1035.0,10
2015-03-25 09:24:00,1035.0,1035.0,1035.0,1035.0,0
2015-03-25 09:25:00,1038.4,1038.4,1038.4,1038.4,31
2015-03-25 09:26:00,1038.4,1038.4,1038.4,1038.4,0
2015-03-25 09:27:00,1038.4,1038.4,1038.4,1038.4,0
2015-03-25 09:28:00,1040.0,1040.0,1039.95,1039.95,55
2015-03-25 09:29:00,1039.95,1039.95,1039.95,1039.95,0
2015-03-25 09:30:00,1039.95,1040.0,1032.7,1040.0,199
2015-03-25 09:31:00,1040.05,1045.0,1040.05,1045.0,11
2015-03-25 09:32:00,1045.0,1045.0,1045.0,1045.0,10
2015-03-25 09:33:00,1045.0,1045.0,1043.0,1043.0,11
2015-03-25 09:34:00,1045.0,1045.0,1045.0,1045.0,16
2015-03-25 09:35:00,1045.0,1045.0,1045.0,1045.0,0
2015-03-25 09:36:00,1044.0,1045.0,1044.0,1045.0,11
2015-03-25 09:37:00,1045.0,1045.0,1043.0,1044.95,25
2015-03-25 09:38:00,1044.95,1044.95,1044.95,1044.95,0
2015-03-25 09:39:00,1044.95,1044.95,1044.95,1044.95,0
2015-03-25 09:40:00,1044.95,1044.95,1044.95,1044.95,0
2015-03-25 09:41:00,1044.95,1044.95,1044.95,1044.95,0
2015-03-25 09:42:00,1044.95,1044.95,1044.95,1044.95,0
2015-03-25 09:43:00,1044.95,1044.95,1044.95,1044.95,0
2015-03-25 09:44:00,1044.95,1044.95,1044.95,1044.95,0
2015-03-25 09:45:00,1044.95,1044.95,1044.95,1044.95,0
2015-03-25 09:46:00,1044.95,1044.95,1044.95,1044.95,0
2015-03-25 09:47:00,1044.95,1044.95,1044.95,1044.95,0
2015-03-25 09:48:00,1044.9,1044.9,1039.95,1039.95,124
2015-03-25 09:49:00,1039.95,1039.95,1039.95,1039.95,2
2015-03-25 09:50:00,1039.95,1040.0,1036.75,1039.95,37
2015-03-25 09:51:00,1039.95,1039.95,1039.95,1039.95,0
2015-03-25 09:52:00,1040.0,1040.0,1036.7,1036.7,211
2015-03-25 09:53:00,1035.0,1039.45,1035.0,1039.45,45
2015-03-25 09:54:00,1039.45,1039.45,1039.45,1039.45,0
2015-03-25 09:55:00,1039.45,1039.45,1037.0,1039.45,11
2015-03-25 09:56:00,1039.45,1039.45,1039.45,1039.45,0
2015-03-25 09:57:00,1039.45,1039.95,1039.45,1039.95,30
2015-03-25 09:58:00,1039.95,1040.0,1037.05,1040.0,127
2015-03-25 09:59:00,1040.0,1040.0,1040.0,1040.0,0
2015-03-25 10:00:00,1040.0,1040.0,1040.0,1040.0,0
2015-03-25 10:01:00,1040.0,1040.0,1034.95,1034.95,63
2015-03-25 10:02:00,1029.25,1035.0,1028.45,1035.0,408
2015-03-25 10:03:00,1035.0,1035.0,1035.0,1035.0,0
2015-03-25 10:04:00,1034.65,1034.65,1030.0,1030.0,65
2015-03-25 10:05:00,1030.0,1030.0,1030.0,1030.0,0
2015-03-25 10:06:00,1030.0,1030.0,1030.0,1030.0,0
2015-03-25 10:07:00,1030.0,1030.0,1030.0,1030.0,0
2015-03-25 10:08:00,1030.0,1033.5,1030.0,1033.5,9
2015-03-25 10:09:00,1024.4,1029.0,1024.4,1028.45,415
2015-03-25 10:10:00,1028.45,1028.45,1028.45,1028.45,0
2015-03-25 10:11:00,1028.45,1028.45,1027.0,1027.0,2
2015-03-25 10:12:00,1026.0,1026.0,1021.0,1021.0,119
2015-03-25 10:13:00,1021.15,1021.15,1021.15,1021.15,21
2015-03-25 10:14:00,1021.15,1027.25,1021.15,1027.25,55
2015-03-25 10:15:00,1027.25,1028.6,1025.95,1027.2,77
2015-03-25 10:16:00,1027.2,1027.2,1025.95,1025.95,10
2015-03-25 10:17:00,1025.95,1025.95,1025.95,1025.95,0
2015-03-25 10:18:00,1025.95,1025.95,1025.95,1025.95,0
2015-03-25 10:19:00,1025.95,1025.95,1025.95,1025.95,0
2015-03-25 10:20:00,1025.95,1025.95,1025.95,1025.95,0
2015-03-25 10:21:00,1029.55,1029.55,1025.95,1025.95,17
2015-03-25 10:22:00,1026.3,1029.8,1024.45,1024.45,73
2015-03-25 10:23:00,1024.45,1028.5,1024.45,1026.3,94
2015-03-25 10:24:00,1027.5,1027.5,1023.05,1023.05,81
2015-03-25 10:25:00,1023.05,1029.3,1023.05,1029.3,223
2015-03-25 10:26:00,1030.0,1030.0,1030.0,1030.0,20
2015-03-25 10:27:00,1030.0,1030.0,1030.0,1030.0,0
2015-03-25 10:28:00,1030.0,1030.0,1030.0,1030.0,0
2015-03-25 10:29:00,1028.25,1028.95,1028.25,1028.95,14
2015-03-25 10:30:00,1028.95,1028.95,1028.95,1028.95,0
2015-03-25 10:31:00,1028.95,1028.95,1028.0,1028.0,25
2015-03-25 10:32:00,1028.0,1028.0,1028.0,1028.0,21
2015-03-25 10:33:00,1028.0,1028.0,1028.0,1028.0,0
2015-03-25 10:34:00,1028.0,1028.0,1028.0,1028.0,0
2015-03-25 10:35:00,1028.0,1028.0,1028.0,1028.0,0
2015-03-25 10:36:00,1027.25,1027.25,1025.25,1025.25,35
2015-03-25 10:37:00,1025.25,1025.25,1025.25,1025.25,0
2015-03-25 10:38:00,1028.85,1028.85,1028.85,1028.85,1
2015-03-25 10:39:00,1028.85,1028.85,1028.85,1028.85,5
2015-03-25 10:40:00,1025.25,1028.85,1025.0,1025.0,310
2015-03-25 10:41:00,1025.0,1025.0,1023.5,1023.5,9
2015-03-25 10:42:00,1023.5,1023.5,1023.0,1023.0,5
2015-03-25 10:43:00,1023.95,1023.95,1023.95,1023.95,5
2015-03-25 10:44:00,1024.0,1024.0,1024.0,1024.0,1
2015-03-25 10:45:00,1024.0,1024.0,1024.0,1024.0,0
2015-03-25 10:46:00,1024.0,1024.0,1024.0,1024.0,5
2015-03-25 10:47:00,1025.0,1025.0,1025.0,1025.0,25
2015-03-25 10:48:00,1025.0,1025.0,1025.0,1025.0,6
2015-03-25 10:49:00,1025.0,1025.0,1024.0,1024.0,41
2015-03-25 10:50:00,1024.0,1024.0,1024.0,1024.0,0
2015-03-25 10:51:00,1025.0,1027.0,1025.0,1027.0,312
2015-03-25 10:52:00,1025.95,1025.95,1022.2,1024.25,125
2015-03-25 10:53:00,1024.25,1024.25,1024.25,1024.25,0
2015-03-25 10:54:00,1025.0,1025.0,1025.0,1025.0,20
2015-03-25 10:55:00,1025.0,1025.0,1025.0,1025.0,32
2015-03-25 10:56:00,1025.0,1025.0,1025.0,1025.0,5
2015-03-25 10:57:00,1025.0,1025.0,1025.0,1025.0,5
2015-03-25 10:58:00,1025.0,1025.0,1025.0,1025.0,0
2015-03-25 10:59:00,1025.0,1025.0,1025.0,1025.0,12
2015-03-25 11:00:00,1022.05,1022.05,1022.05,1022.05,15
2015-03-25 11:01:00,1025.0,1025.0,1025.0,1025.0,442
2015-03-25 11:02:00,1025.0,1025.0,1025.0,1025.0,0
2015-03-25 11:03:00,1026.5,1026.5,1026.5,1026.5,6
2015-03-25 11:04:00,1026.5,1026.5,1026.5,1026.5,0
2015-03-25 11:05:00,1027.0,1027.0,1027.0,1027.0,10
2015-03-25 11:06:00,1027.0,1027.0,1027.0,1027.0,0
2015-03-25 11:07:00,1027.0,1027.0,1027.0,1027.0,19
2015-03-25 11:08:00,1027.0,1027.0,1027.0,1027.0,0
2015-03-25 11:09:00,1027.0,1027.0,1027.0,1027.0,0
2015-03-25 11:10:00,1028.5,1028.5,1027.05,1027.05,930
2015-03-25 11:11:00,1027.05,1027.05,1027.0,1027.0,100
2015-03-25 11:12:00,1027.0,1027.0,1027.0,1027.0,100
2015-03-25 11:13:00,1027.0,1027.0,1027.0,1027.0,0
2015-03-25 11:14:00,1026.85,1027.05,1026.85,1027.05,128
2015-03-25 11:15:00,1026.45,1026.45,1026.45,1026.45,12
2015-03-25 11:16:00,1027.05,1027.05,1027.05,1027.05,5
2015-03-25 11:17:00,1027.05,1027.05,1027.05,1027.05,59
2015-03-25 11:18:00,1027.05,1030.0,1027.05,1030.0,10
2015-03-25 11:19:00,1030.0,1030.0,1030.0,1030.0,0
2015-03-25 11:20:00,1030.0,1030.0,1030.0,1030.0,0
2015-03-25 11:21:00,1030.0,1030.0,1028.9,1028.9,3
2015-03-25 11:22:00,1028.9,1028.9,1028.9,1028.9,0
2015-03-25 11:23:00,1028.9,1028.9,1028.9,1028.9,0
2015-03-25 11:24:00,1028.9,1029.95,1028.9,1029.1,42
2015-03-25 11:25:00,1029.1,1030.0,1029.1,1030.0,100
2015-03-25 11:26:00,1029.5,1029.5,1029.5,1029.5,14
2015-03-25 11:27:00,1029.5,1030.0,1024.0,1024.0,270
2015-03-25 11:28:00,1029.95,1029.95,1029.0,1029.0,8
2015-03-25 11:29:00,1028.45,1028.45,1028.45,1028.45,1
2015-03-25 11:30:00,1028.45,1028.45,1028.45,1028.45,0
2015-03-25 11:31:00,1028.45,1028.45,1026.55,1026.55,6
2015-03-25 11:32:00,1027.95,1027.95,1027.95,1027.95,12
2015-03-25 11:33:00,1027.95,1027.95,1027.35,1027.35,10
2015-03-25 11:34:00,1027.35,1027.35,1027.0,1027.0,1
2015-03-25 11:35:00,1027.0,1027.0,1027.0,1027.0,0
2015-03-25 11:36:00,1025.05,1025.05,1025.05,1025.05,9
2015-03-25 11:37:00,1025.05,1025.05,1025.05,1025.05,0
2015-03-25 11:38:00,1027.95,1027.95,1027.95,1027.95,13
2015-03-25 11:39:00,1029.0,1030.1,1029.0,1030.1,98
2015-03-25 11:40:00,1030.1,1030.1,1029.55,1029.55,10
2015-03-25 11:41:00,1030.0,1030.0,1025.15,1025.15,273
2015-03-25 11:42:00,1025.15,1025.15,1025.15,1025.15,0
2015-03-25 11:43:00,1025.15,1025.15,1025.15,1025.15,0
2015-03-25 11:44:00,1025.15,1025.15,1025.15,1025.15,0
2015-03-25 11:45:00,1025.15,1025.15,1025.15,1025.15,0
2015-03-25 11:46:00,1025.15,1030.0,1025.15,1030.0,27
2015-03-25 11:47:00,1030.0,1030.0,1030.0,1030.0,0
2015-03-25 11:48:00,1028.7,1028.7,1028.7,1028.7,25
2015-03-25 11:49:00,1028.7,1028.7,1028.7,1028.7,0
2015-03-25 11:50:00,1028.7,1028.7,1028.7,1028.7,0
2015-03-25 11:51:00,1028.7,1028.7,1028.7,1028.7,0
2015-03-25 11:52:00,1028.7,1028.7,1028.7,1028.7,0
2015-03-25 11:53:00,1028.7,1028.7,1027.45,1027.45,8
2015-03-25 11:54:00,1028.95,1028.95,1028.95,1028.95,249
2015-03-25 11:55:00,1028.95,1030.0,1026.9,1028.0,54
2015-03-25 11:56:00,1028.0,1028.0,1026.55,1026.55,28
2015-03-25 11:57:00,1026.55,1026.55,1026.55,1026.55,0
2015-03-25 11:58:00,1026.5,1029.0,1026.5,1029.0,22
2015-03-25 11:59:00,1029.9,1029.9,1026.9,1028.45,45
2015-03-25 12:00:00,1028.45,1028.45,1028.45,1028.45,5
2015-03-25 12:01:00,1028.45,1028.45,1028.45,1028.45,0
2015-03-25 12:02:00,1026.9,1026.9,1026.9,1026.9,10
2015-03-25 12:03:00,1026.9,1026.9,1026.5,1026.5,10
2015-03-25 12:04:00,1026.5,1026.5,1026.5,1026.5,0
2015-03-25 12:05:00,1026.9,1026.9,1026.9,1026.9,5
2015-03-25 12:06:00,1026.9,1026.9,1026.9,1026.9,0
2015-03-25 12:07:00,1026.9,1026.9,1026.9,1026.9,0
2015-03-25 12:08:00,1026.6,1026.6,1026.6,1026.6,2
2015-03-25 12:09:00,1024.95,1024.95,1024.95,1024.95,171
2015-03-25 12:10:00,1024.95,1024.95,1024.95,1024.95,4
2015-03-25 12:11:00,1024.95,1024.95,1024.0,1024.0,100
2015-03-25 12:12:00,1024.0,1024.0,1024.0,1024.0,0
2015-03-25 12:13:00,1024.15,1024.15,1024.15,1024.15,7
2015-03-25 12:14:00,1024.15,1024.95,1024.15,1024.95,12
2015-03-25 12:15:00,1024.95,1025.0,1024.95,1025.0,50
2015-03-25 12:16:00,1025.0,1025.0,1025.0,1025.0,0
2015-03-25 12:17:00,1025.0,1025.0,1025.0,1025.0,0
2015-03-25 12:18:00,1025.0,1025.0,1025.0,1025.0,0
2015-03-25 12:19:00,1025.0,1025.0,1024.95,1024.95,1
2015-03-25 12:20:00,1024.95,1024.95,1024.95,1024.95,0
2015-03-25 12:21:00,1024.95,1024.95,1024.95,1024.95,0
2015-03-25 12:22:00,1024.95,1024.95,1024.95,1024.95,0
2015-03-25 12:23:00,1024.95,1024.95,1024.95,1024.95,0
2015-03-25 12:24:00,1024.95,1025.0,1024.6,1025.0,16
2015-03-25 12:25:00,1024.35,1025.0,1024.35,1025.0,260
2015-03-25 12:26:00,1025.0,1025.0,1025.0,1025.0,0
2015-03-25 12:27:00,1025.0,1025.0,1025.0,1025.0,0
2015-03-25 12:28:00,1025.0,1025.0,1025.0,1025.0,55
2015-03-25 12:29:00,1025.0,1025.0,1025.0,1025.0,15
2015-03-25 12:30:00,1025.0,1025.0,1025.0,1025.0,0
2015-03-25 12:31:00,1025.0,1025.0,1025.0,1025.0,2
2015-03-25 12:32:00,1025.0,1025.0,1025.0,1025.0,0
2015-03-25 12:33:00,1024.15,1024.15,1024.0,1024.0,99
2015-03-25 12:34:00,1024.0,1024.0,1024.0,1024.0,0
2015-03-25 12:35:00,1024.0,1024.0,1024.0,1024.0,0
2015-03-25 12:36:00,1024.0,1025.0,1024.0,1025.0,208
2015-03-25 12:37:00,1025.0,1025.0,1025.0,1025.0,0
2015-03-25 12:38:00,1025.8,1025.8,1025.8,1025.8,7
2015-03-25 12:39:00,1025.05,1025.05,1025.05,1025.05,1
2015-03-25 12:40:00,1025.05,1027.95,1025.05,1027.95,26
2015-03-25 12:41:00,1027.45,1029.0,1027.45,1029.0,20
2015-03-25 12:42:00,1029.0,1029.0,1029.0,1029.0,0
2015-03-25 12:43:00,1029.0,1029.0,1029.0,1029.0,0
2015-03-25 12:44:00,1029.05,1029.05,1029.05,1029.05,2
2015-03-25 12:45:00,1029.05,1029.05,1029.05,1029.05,0
2015-03-25 12:46:00,1029.05,1029.05,1029.05,1029.05,0
2015-03-25 12:47:00,1029.05,1029.05,1029.05,1029.05,0
2015-03-25 12:48:00,1026.85,1026.85,1026.85,1026.85,2
2015-03-25 12:49:00,1026.85,1026.85,1026.85,1026.85,0
2015-03-25 12:50:00,1026.85,1030.0,1026.85,1030.0,42
2015-03-25 12:51:00,1030.05,1030.05,1030.05,1030.05,3
2015-03-25 12:52:00,1030.05,1031.85,1030.05,1031.85,2
2015-03-25 12:53:00,1031.85,1032.3,1030.05,1032.3,10
2015-03-25 12:54:00,1032.3,1035.1,1032.3,1035.1,15
2015-03-25 12:55:00,1035.1,1043.35,1035.1,1043.35,171
2015-03-25 12:56:00,1042.25,1043.0,1039.05,1043.0,26
2015-03-25 12:57:00,1042.95,1042.95,1042.95,1042.95,10
2015-03-25 12:58:00,1042.95,1042.95,1037.55,1037.55,2
2015-03-25 12:59:00,1037.55,1037.55,1037.55,1037.55,0
2015-03-25 13:00:00,1037.55,1037.55,1037.55,1037.55,0
2015-03-25 13:01:00,1038.0,1038.0,1038.0,1038.0,60
2015-03-25 13:02:00,1040.0,1040.0,1040.0,1040.0,2
2015-03-25 13:03:00,1040.0,1042.6,1040.0,1042.6,11
2015-03-25 13:04:00,1042.6,1042.6,1042.6,1042.6,0
2015-03-25 13:05:00,1042.6,1042.6,1039.55,1039.55,10
2015-03-25 13:06:00,1039.0,1039.0,1038.95,1038.95,23
2015-03-25 13:07:00,1038.95,1039.0,1038.95,1039.0,32
2015-03-25 13:08:00,1039.0,1039.0,1039.0,1039.0,20
2015-03-25 13:09:00,1039.0,1042.0,1039.0,1042.0,100
2015-03-25 13:10:00,1043.5,1043.5,1043.5,1043.5,50
2015-03-25 13:11:00,1043.5,1043.5,1043.5,1043.5,0
2015-03-25 13:12:00,1043.5,1043.5,1043.5,1043.5,0
2015-03-25 13:13:00,1043.5,1043.5,1043.5,1043.5,0
2015-03-25 13:14:00,1043.5,1043.5,1043.5,1043.5,0
2015-03-25 13:15:00,1043.5,1043.5,1043.0,1043.0,50
2015-03-25 13:16:00,1043.0,1043.0,1043.0,1043.0,0
2015-03-25 13:17:00,1043.0,1043.0,1043.0,1043.0,0
2015-03-25 13:18:00,1043.0,1043.0,1043.0,1043.0,0
2015-03-25 13:19:00,1040.1,1040.1,1040.1,1040.1,15
2015-03-25 13:20:00,1037.35,1037.35,1037.35,1037.35,85
2015-03-25 13:21:00,1037.35,1037.35,1037.35,1037.35,0
2015-03-25 13:22:00,1037.35,1037.35,1037.35,1037.35,0
2015-03-25 13:23:00,1037.35,1037.35,1037.35,1037.35,0
2015-03-25 13:24:00,1037.35,1037.35,1037.35,1037.35,0
2015-03-25 13:25:00,1037.35,1037.35,1037.35,1037.35,0
2015-03-25 13:26:00,1037.35,1037.35,1037.35,1037.35,0
2015-03-25 13:27:00,1037.35,1037.35,1025.0,1025.0,317
2015-03-25 13:28:00,1024.95,1025.0,1024.95,1025.0,201
2015-03-25 13:29:00,1025.0,1027.95,1025.0,1027.95,14
2015-03-25 13:30:00,1027.95,1027.95,1025.45,1025.45,3
2015-03-25 13:31:00,1025.45,1025.45,1025.35,1025.35,10
2015-03-25 13:32:00,1025.35,1025.35,1025.35,1025.35,0
2015-03-25 13:33:00,1025.2,1025.2,1025.2,1025.2,7
2015-03-25 13:34:00,1025.2,1025.2,1025.2,1025.2,0
2015-03-25 13:35:00,1025.2,1026.85,1025.2,1026.85,6
2015-03-25 13:36:00,1028.0,1028.0,1028.0,1028.0,400
2015-03-25 13:37:00,1026.85,1026.85,1026.85,1026.85,3
2015-03-25 13:38:00,1026.85,1026.85,1026.85,1026.85,0
2015-03-25 13:39:00,1026.85,1026.85,1026.85,1026.85,0
2015-03-25 13:40:00,1027.0,1027.0,1027.0,1027.0,12
2015-03-25 13:41:00,1027.0,1027.0,1027.0,1027.0,0
2015-03-25 13:42:00,1027.0,1028.95,1027.0,1028.95,10
2015-03-25 13:43:00,1026.0,1026.0,1026.0,1026.0,50
2015-03-25 13:44:00,1026.0,1026.0,1026.0,1026.0,33
2015-03-25 13:45:00,1027.35,1027.35,1027.35,1027.35,1
2015-03-25 13:46:00,1027.35,1027.35,1025.0,1025.0,6
2015-03-25 13:47:00,1024.95,1024.95,1024.95,1024.95,2
2015-03-25 13:48:00,1024.95,1024.95,1024.95,1024.95,0
2015-03-25 13:49:00,1024.95,1025.0,1024.95,1025.0,40
2015-03-25 13:50:00,1025.0,1025.0,1025.0,1025.0,50
2015-03-25 13:51:00,1025.0,1025.0,1025.0,1025.0,25
2015-03-25 13:52:00,1025.0,1025.0,1025.0,1025.0,0
2015-03-25 13:53:00,1025.0,1025.0,1025.0,1025.0,0
2015-03-25 13:54:00,1025.0,1025.0,1022.5,1022.5,14
2015-03-25 13:55:00,1023.85,1023.85,1022.55,1022.55,38
2015-03-25 13:56:00,1022.55,1022.55,1022.55,1022.55,0
2015-03-25 13:57:00,1022.55,1023.95,1022.55,1023.95,5
2015-03-25 13:58:00,1023.95,1023.95,1023.95,1023.95,0
2015-03-25 13:59:00,1023.95,1023.95,1023.95,1023.95,0
2015-03-25 14:00:00,1024.0,1024.0,1024.0,1024.0,1
2015-03-25 14:01:00,1024.0,1024.95,1024.0,1024.95,8
2015-03-25 14:02:00,1024.95,1024.95,1024.95,1024.95,0
2015-03-25 14:03:00,1025.0,1025.0,1025.0,1025.0,60
2015-03-25 14:04:00,1025.0,1025.0,1025.0,1025.0,5
2015-03-25 14:05:00,1025.0,1025.0,1025.0,1025.0,50
2015-03-25 14:06:00,1025.0,1025.0,1025.0,1025.0,0
2015-03-25 14:07:00,1025.0,1025.0,1025.0,1025.0,54
2015-03-25 14:08:00,1025.0,1025.0,1025.0,1025.0,1
2015-03-25 14:09:00,1025.0,1025.0,1025.0,1025.0,3
2015-03-25 14:10:00,1025.0,1025.0,1025.0,1025.0,0
2015-03-25 14:11:00,1025.0,1025.0,1025.0,1025.0,20
2015-03-25 14:12:00,1025.0,1025.0,1025.0,1025.0,0
2015-03-25 14:13:00,1025.0,1025.0,1025.0,1025.0,0
2015-03-25 14:14:00,1025.0,1025.0,1025.0,1025.0,50
2015-03-25 14:15:00,1025.0,1025.0,1025.0,1025.0,0
2015-03-25 14:16:00,1025.0,1025.0,1025.0,1025.0,1
2015-03-25 14:17:00,1023.05,1023.05,1023.05,1023.05,5
2015-03-25 14:18:00,1025.0,1025.0,1025.0,1025.0,45
2015-03-25 14:19:00,1025.0,1025.0,1025.0,1025.0,0
2015-03-25 14:20:00,1023.55,1023.55,1023.55,1023.55,13
2015-03-25 14:21:00,1023.5,1023.5,1023.5,1023.5,30
2015-03-25 14:22:00,1023.5,1023.5,1023.5,1023.5,0
2015-03-25 14:23:00,1023.5,1023.5,1023.5,1023.5,7
2015-03-25 14:24:00,1023.55,1023.55,1023.55,1023.55,3
2015-03-25 14:25:00,1023.55,1023.55,1023.55,1023.55,0
2015-03-25 14:26:00,1023.55,1023.55,1023.55,1023.55,0
2015-03-25 14:27:00,1023.55,1023.55,1023.55,1023.55,0
2015-03-25 14:28:00,1024.95,1024.95,1024.95,1024.95,10
2015-03-25 14:29:00,1024.95,1024.95,1024.95,1024.95,0
2015-03-25 14:30:00,1024.95,1024.95,1024.95,1024.95,0
2015-03-25 14:31:00,1025.0,1025.0,1025.0,1025.0,6
2015-03-25 14:32:00,1025.0,1025.0,1025.0,1025.0,0
2015-03-25 14:33:00,1024.95,1024.95,1024.95,1024.95,0
2015-03-25 14:34:00,1025.0,1025.0,1025.0,1025.0,0
2015-03-25 14:35:00,1025.0,1025.0,1025.0,1025.0,50
2015-03-25 14:36:00,1023.6,1025.0,1023.6,1025.0,6
2015-03-25 14:37:00,1025.0,1025.0,1025.0,1025.0,0
2015-03-25 14:38:00,1025.0,1025.0,1025.0,1025.0,65
2015-03-25 14:39:00,1025.0,1025.0,1025.0,1025.0,12
2015-03-25 14:40:00,1025.0,1025.0,1023.55,1023.55,20
2015-03-25 14:41:00,1023.55,1023.55,1023.55,1023.55,0
2015-03-25 14:42:00,1023.55,1023.55,1023.55,1023.55,0
2015-03-25 14:43:00,1023.55,1023.55,1023.55,1023.55,0
2015-03-25 14:44:00,1024.95,1024.95,1024.95,1024.95,4
2015-03-25 14:45:00,1024.95,1025.0,1024.95,1025.0,15
2015-03-25 14:46:00,1025.0,1025.0,1025.0,1025.0,0
2015-03-25 14:47:00,1025.0,1025.0,1025.0,1025.0,7
2015-03-25 14:48:00,1025.0,1025.0,1025.0,1025.0,0
2015-03-25 14:49:00,1025.0,1033.4,1025.0,1033.4,28
2015-03-25 14:50:00,1035.0,1035.1,1033.45,1033.45,41
2015-03-25 14:51:00,1033.45,1033.45,1033.45,1033.45,0
2015-03-25 14:52:00,1033.45,1033.45,1033.45,1033.45,0
2015-03-25 14:53:00,1033.45,1033.45,1028.5,1028.5,3
2015-03-25 14:54:00,1030.0,1030.0,1030.0,1030.0,6
2015-03-25 14:55:00,1030.0,1030.0,1030.0,1030.0,0
2015-03-25 14:56:00,1030.0,1030.0,1028.65,1028.65,2
2015-03-25 14:57:00,1030.7,1030.7,1028.6,1028.6,29
2015-03-25 14:58:00,1028.6,1028.6,1028.6,1028.6,0
2015-03-25 14:59:00,1028.6,1029.95,1028.6,1028.6,13
2015-03-25 15:00:00,1028.6,1028.6,1028.55,1028.55,5
2015-03-25 15:01:00,1025.2,1025.2,1023.6,1023.6,60
2015-03-25 15:02:00,1023.6,1023.6,1023.6,1023.6,0
2015-03-25 15:03:00,1023.6,1023.6,1023.6,1023.6,0
2015-03-25 15:04:00,1023.6,1027.9,1023.6,1027.9,10
2015-03-25 15:05:00,1027.9,1029.0,1027.9,1029.0,35
2015-03-25 15:06:00,1029.0,1029.0,1023.6,1023.6,50
2015-03-25 15:07:00,1023.6,1023.6,1023.6,1023.6,0
2015-03-25 15:08:00,1024.7,1027.35,1024.7,1027.35,12
2015-03-25 15:09:00,1027.35,1027.35,1027.35,1027.35,0
2015-03-25 15:10:00,1027.35,1027.35,1027.35,1027.35,0
2015-03-25 15:11:00,1020.0,1020.0,1018.6,1018.6,443
2015-03-25 15:12:00,1018.6,1019.6,1015.05,1019.1,102
2015-03-25 15:13:00,1019.0,1020.0,1015.05,1020.0,301
2015-03-25 15:14:00,1020.0,1020.0,1018.85,1018.85,18
2015-03-25 15:15:00,1019.7,1019.7,1016.1,1016.15,23
2015-03-25 15:16:00,1016.15,1018.95,1016.15,1018.95,8
2015-03-25 15:17:00,1019.0,1019.0,1018.0,1018.0,15
2015-03-25 15:18:00,1018.0,1018.0,1018.0,1018.0,0
2015-03-25 15:19:00,1020.0,1020.0,1020.0,1020.0,219
2015-03-25 15:20:00,1018.05,1018.05,1016.0,1017.95,159
2015-03-25 15:21:00,1017.8,1020.0,1017.8,1020.0,140
2015-03-25 15:22:00,1020.0,1020.0,1016.05,1020.0,355
2015-03-25 15:23:00,1020.0,1020.0,1018.45,1019.0,46
2015-03-25 15:24:00,1020.0,1020.0,1019.0,1019.0,39
2015-03-25 15:25:00,1019.0,1019.95,1016.7,1019.95,110
2015-03-25 15:26:00,1019.95,1019.95,1015.0,1015.0,297
2015-03-25 15:27:00,1014.0,1014.0,1012.0,1014.0,121
2015-03-25 15:28:00,1012.0,1012.0,1011.0,1011.0,263
2015-03-25 15:29:00,1011.0,1019.0,1001.85,1001.85,1680
